,sl,nseshortcode,ISIN Code,base,haircut,isin,token,shortcode,fullname
0,2,HEALTHIETF,INF109KC1Q72,106.61,20.0,INF109KC1Q72,3626,ICIHEA,ICICI PRU NIFTY HEALTHCARE ETF
1,3,JLHL,INE682M01012,1125.0,20.0,INE682M01012,18553,JUPLIF,JUPITER LIFE LINE HOSP. LTD
2,4,DPSCLTD,INE360C01024,18.85,25.09,INE360C01024,15419,DPSLIM,DPSC Limited
3,5,PONNIERODE,INE838E01017,404.05,20.0,INE838E01017,10661,PONERO,PONNI SUGARS (ERODE) LIMITED
4,6,HDFCSENSEX,INF179KC1973,791.43,6.0,INF179KC1973,11593,HDFSEN,HDFC S&P BSE SENSEX ETF
5,7,DEEPAKNTR,INE288B01029,2464.85,20.0,INE288B01029,19943,DEENIT,DEEPAK NITRITE LIMITED
6,8,THANGAMAYL,INE085J01014,1516.9,20.0,INE085J01014,18118,THAJEW,THANGAMAYIL JEWELLERY LIMITED
7,9,NAVNETEDUL,INE060A01024,148.6,20.0,INE060A01024,2385,NAVEDU,NAVNEET EDUCATION LIMITED
8,10,TVSSCS,INE395N01027,199.4,20.0,INE395N01027,18151,TVSSUP,TVS SUPPLY CHAIN SOLUTIONS LTD
9,11,RELINFRA,INE036A01016,194.7,20.68,INE036A01016,553,RELINF,RELIANCE INFRASTRUCTURE LTD
10,12,NFL,INE870D01012,85.65,20.0,INE870D01012,13925,NATFER,NATIONAL FERTILIZERS LIMITED
11,13,PROZONER,INE195N01013,33.25,21.84,INE195N01013,28859,PROCAP,PROZONE REALTY LIMITED
12,14,JAYAGROGN,INE785A01026,255.8,20.0,INE785A01026,4041,JAYAGR,JAYANT AGRO-ORGANICS LIMITED
13,15,MARUTI,INE585B01010,10288.5,9.0,INE585B01010,10999,MARUTI,MARUTI SUZUKI INDIA LTD
14,16,SWANENERGY,INE665A01038,508.75,20.38,INE665A01038,27095,SWAENE,SWAN ENERGY LTD
15,17,ALBERTDAVD,INE155C01010,995.85,20.0,INE155C01010,17256,ALBDAV,ALBERT DAVID LTD
16,18,ASAHISONG,INE228I01012,302.1,20.0,INE228I01012,25088,ASASON,ASAHI SONGWON COLORS LTD
17,19,KMSUGAR,INE157H01023,31.3,20.0,INE157H01023,14667,KMSUG,K M SUGAR MILLS LTD
18,20,ASHIMASYN,INE440A01010,17.1,21.26,INE440A01010,206,ASHLIM,ASHIMA LIMITED
20,22,ESG,INF769K01GS9,35.62,20.0,INF769K01GS9,1200,MIRESG,MIRAE ASSET NIFTY100 ESG ETF
21,23,YUKEN,INE384C01016,709.1,20.0,INE384C01016,5501,YUKIND,YUKEN INDIA LTD
22,24,RAJESHEXPO,INE343B01030,360.8,20.0,INE343B01030,7401,RAJEXP,RAJESH EXPORTS LIMITED
23,25,IGPL,INE204A01010,461.8,20.0,INE204A01010,14086,IGPETR,IG PETROCHEMICALS LIMITED
24,26,BLUESTARCO,INE472A01039,950.05,20.0,INE472A01039,8311,BLUSTA,BLUE STAR LTD
26,28,ITI,INE248A01017,300.8,23.09,INE248A01017,1675,ITI,ITI LIMITED INDIAN TELEPHIND
27,29,RUSTOMJEE,INE263M01029,616.45,20.0,INE263M01029,12219,KEYREA,KEYSTONE REALTORS LIMITED
28,30,BECTORFOOD,INE495P01012,1155.2,20.0,INE495P01012,1628,MRSBEC,MRS BECTORS FOOD SPECIALITIES
30,32,MOVALUE,INF247L01BE5,78.59,20.0,INF247L01BE5,10825,MOTENH,Motilal Os SP BSE ENHNCD  ETF
31,33,INDIAGLYCO,INE560A01015,752.95,20.0,INE560A01015,1521,INDGLY,INDIA GLYCOLS LTD
32,34,TRIGYN,INE948A01012,138.05,20.0,INE948A01012,5428,TRITE,TRIGYN TECHNOLOGIES LIMITED
33,35,VSTTILLERS,INE764D01017,3771.8,20.0,INE764D01017,24292,VSTTIL,VSTTILLERS TRACTORS LTD
36,38,RECLTD,INE020B01018,410.5,20.0,INE020B01018,15355,RURELE,REC LIMITED
37,39,AXISCETF,INF846K016C7,95.87,20.0,INF846K016C7,5732,AXICON,AXIS NIFTY INDIA CONSUMPTN ETF
38,40,IDFNIFTYET,INF194KA1U07,232.47,9.83,INF194KA1U07,18783,IDFNIF,IDFC NIFTY ETF
40,42,VERANDA,INE0IQ001011,298.45,22.6,INE0IQ001011,8890,VERLEA,VERANDA LEARNING SOLUTIONS LTD
41,43,JUBLINDS,INE645L01011,601.85,20.0,INE645L01011,21541,JUBIND,JUBILANT INDUSTRIES LIMITED
42,44,PASUPTAC,INE818B01023,36.25,20.0,INE818B01023,6045,PASACR,PASUPATI ACRYLON LTD
43,45,CENTRUM,INE660C01027,28.7,20.03,INE660C01027,2454,CENCAP,CENTRUM CAPITAL LIMITED
44,46,UCAL,INE139B01016,145.7,51.39,INE139B01016,3570,UCAFUE,UCAL LIMITED
46,48,BLUEJET,INE0KBH01020,371.05,20.0,INE0KBH01020,19686,BLUJET,BLUE JET HEALTHCARE LIMITED
47,49,FLUOROCHEM,INE09N301011,3590.7,20.0,INE09N301011,13750,GUJFLU,GUJARAT FLUOROCHEMICALS LTD
48,50,DHUNINV,INE320L01011,1167.0,21.24,INE320L01011,22233,DHUINV,DHUNSERI INVESTMENTS LIMITED
49,51,STARPAPER,INE733A01018,235.35,20.0,INE733A01018,3291,STAPAP,STAR PAPER MILLS LTD
50,52,CHEMPLASTS,INE488A01050,500.6,20.0,INE488A01050,5449,CHESAN,CHEMPLAST SANMAR LTD
51,53,PAGEIND,INE761H01022,37929.45,20.0,INE761H01022,14413,PAGIND,PAGE INDUSTRIES LTD
52,54,GOKULAGRO,INE314T01025,120.15,20.0,INE314T01025,14480,GOKAGR,GOKUL AGRO RESOURCES LIMITED
53,55,RUSHIL,INE573K01017,374.85,20.36,INE573K01017,24595,RUSDEC,RUSHIL DECOR LIMITED
54,56,EICHERMOT,INE066A01021,4120.0,10.37,INE066A01021,910,EICMOT,EICHER MOTORS LTD
55,57,VISHNU,INE270I01022,357.65,20.0,INE270I01022,6908,VISCHE,VISHNU CHEMICALS LIMITED
56,58,GUJALKALI,INE186A01019,777.1,20.0,INE186A01019,1267,GUJALK,GUJARAT ALKALIS & CHEMICALS LT
57,59,NMDC,INE584A01023,201.45,20.0,INE584A01023,15332,NATMIN,NMDC LIMITED
58,60,KIRLOSENG,INE146L01010,662.25,20.0,INE146L01010,20936,KIRENG,KIRLOSKAR OIL ENGINES LIMITED
59,61,DHANI,INE274G01010,39.95,22.07,INE274G01010,15384,IBSECU,DHANI SERVICES LIMITED
60,62,MOIL,INE490G01020,308.15,20.0,INE490G01020,20830,MOILIM,MOIL LIMITED
61,63,NIFMID150,INF789F1AYX9,168.51,11.35,INF789F1AYX9,18347,UTIMID,UTI NIFTY MIDCAP 150 ETF
62,64,ANANTRAJ,INE242C01024,295.65,20.0,INE242C01024,13620,ANARAJ,ANANT RAJ LIMITED
63,65,CREATIVE,INE985W01018,714.2,20.04,INE985W01018,11155,CREPER,CREATIVE NEWTECH LIMITED
64,66,TIINDIA,INE974X01010,3650.65,20.0,INE974X01010,312,TUBIN,TUBE INVESTMENTS OF INDIA LTD
65,67,SENSEXIETF,INF346A01034,804.34,9.64,INF346A01034,4378,ICISEN,ICICI PRU S&P BSE SENSEX ETF
66,68,CHAMBLFERT,INE085A01013,366.45,20.0,INE085A01013,637,CHAFER,CHAMBAL FERTILISERS & CHEMICAL
67,69,PLASTIBLEN,INE083C01022,293.25,20.0,INE083C01022,13920,PLASTI,PLASTIBLENDS INDIA LIMITED
68,70,GILLANDERS,INE047B01011,112.25,20.82,INE047B01011,17839,GILARB,GILLANDERS ARBUTHNOT & CO LTD
69,71,KIRLPNU,INE811A01020,614.4,20.0,INE811A01020,15180,KGKHOS,KIRLOSKAR PNEUMATIC COLTD
70,72,INFRAIETF,INF109KC16E5,74.02,20.0,INF109KC16E5,10723,ICIINF,ICICI Prudent Nifty Infra ETF
72,74,RUCHIRA,INE803H01014,134.75,20.0,INE803H01014,13821,RUCPAP,RUCHIRA PAPERS LTD
73,75,JSWHL,INE824G01012,5268.1,20.0,INE824G01012,11880,JSWHOL,JSW HOLDINGS LIMITED
74,76,HSCL,INE019C01026,307.95,20.0,INE019C01026,14334,HIMCHE,HIMADRI SPECIALITY CHEM LTD
75,77,RCF,INE027A01015,155.6,20.0,INE027A01015,2866,RCF,RASHTRIYA CHEMICALS & FERTILIZ
76,78,COMMOIETF,INF109KC19O8,76.45,20.0,INF109KC19O8,13198,ICICOM,ICICI PRUDENTIAL NIF COMM ETF
77,79,NATHBIOGEN,INE448G01010,204.5,20.0,INE448G01010,11065,NATHBI,NATH BIO GENES INDIA LIMITED
78,80,SANDHAR,INE278H01035,485.05,20.0,INE278H01035,2397,SANTE,SANDHAR TECHNOLOGIES LIMITED
79,81,NCC,INE868B01028,168.4,20.0,INE868B01028,2319,NAGCON,NCC LIMITED
80,82,KECL,INE134B01017,111.45,20.88,INE134B01017,18220,KIRLOS,KIRLOSKAR ELECTRIC COMPANY LTD
81,83,LORDSCHLO,INE846D01012,166.1,20.0,INE846D01012,18232,LORCHL,LORDS CHLORO ALKALI LTD
82,84,STOVEKRAFT,INE00IN01015,461.25,20.0,INE00IN01015,2107,STOKRA,STOVE KRAFT LIMITED
83,85,MEDICAMEQ,INE646B01010,582.35,20.0,INE646B01010,6278,MEDBIO,MEDICAMEN BIOTECH LTD
84,86,AXISHCETF,INF846K01Z12,106.26,20.0,INF846K01Z12,3608,AXIHEA,AXIS NIFTY HEALTHCARE ETF
85,87,VENUSPIPES,INE0JA001018,1371.55,20.0,INE0JA001018,9592,VENPIP,VENUS PIPES TUBES LIMITED
86,88,TITAN,INE280A01028,3689.25,9.0,INE280A01028,3506,TITIND,TITAN COMPANY LIMITED
87,89,IFGLEXPOR,INE133Y01011,812.5,21.13,INE133Y01011,436,IFGREF,IFGL REFRACTORIES LTD
88,90,BASF,INE373A01013,3071.2,20.0,INE373A01013,368,BASF,BASF INDIA LIMITED
89,91,TV18BRDCST,INE886H01027,51.5,20.09,INE886H01027,14208,TV18BR,TV18 BROADCAST LIMITED
90,92,DJML,INE0B1K01014,152.0,20.0,INE0B1K01014,12749,DJMED,DJ MEDIAPRINT AND LOGISTICS
91,93,NIFTYIETF,INF109K012R6,237.38,6.0,INF109K012R6,29553,ICINIF,ICICI PRUDENTIAL NIFTY 50 ETF
92,94,NAHARCAP,INE049I01012,298.85,20.0,INE049I01012,15360,NAHCAP,NAHAR CAPITAL & FIN SERV LTD
93,95,HDFCBANK,INE040A01034,1703.3,9.0,INE040A01034,1333,HDFBAN,HDFC BANK LIMITED
94,96,HINDALCO,INE038A01020,605.6,12.52,INE038A01020,1363,HINDAL,HINDALCO INDUSTRIES LIMITED
95,97,LIQUIDBEES,INF732E01037,1000.0,10.0,INF732E01037,11006,LIBEES,NIPPON INDIA ETF NIF1D LQD BEE
96,98,JPOLYINVST,INE147P01019,624.25,23.89,INE147P01019,31507,JININV,JINDAL POLY INVESTMENT & FIN
97,99,ATAM,INE09KD01013,205.2,20.0,INE09KD01013,15404,ATAVAL,ATAM VALVES LIMITED
98,100,SURANAT&P,INE130B01031,15.3,25.0,INE130B01031,10700,SURTEL,SURANA TELECOM AND POWER LIMIT
99,101,NV20IETF,INF109KB1WY5,127.83,20.0,INF109KB1WY5,17475,ICIN20,ICICI PRU NIFTY50 VALUE 20 ETF
100,102,POWERINDIA,INE07Y701011,5254.8,20.0,INE07Y701011,18457,ABBPOW,HITACHI ENERGY INDIA LIMITED
101,103,TATACONSUM,INE192A01025,1026.75,9.0,INE192A01025,3432,TATGLO,TATA CONSUMER PRODUCTS LIMITED
102,104,SUBEXLTD,INE754A01055,35.35,21.81,INE754A01055,967,SUBSYS,SUBEX LTD
103,105,VHL,INE701A01023,3165.95,20.0,INE701A01023,11892,VARSPI,VARDHMAN HOLDINGS LIMITED
104,106,MEDICO,INE630Y01024,85.35,20.0,INE630Y01024,9667,MEDREM,MEDICO REMEDIES LTD
105,107,MOMOMENTUM,INF247L01BK2,55.03,20.0,INF247L01BK2,8182,MOTM30,MOTILAL OS NIF 200 MOMENTUM 30
107,109,YATRA,INE0JR601024,143.2,20.0,INE0JR601024,18760,YATONL,YATRA ONLINE LIMITED
108,110,TATVA,INE0GK401011,1606.65,20.0,INE0GK401011,5162,TATCHI,TATVA CHINTAN PHARMA CHEM LTD
109,111,TANLA,INE483C01032,1111.75,20.37,INE483C01032,13976,TANSOL,TANLA PLATFORMS LIMITED
110,112,NPBET,INF277K010X4,253.35,20.0,INF277K010X4,12978,TATNPB,TATA NIFTY PRIVATE BANK ETF
112,114,TORNTPHARM,INE685A01028,2263.75,20.0,INE685A01028,3518,TORPHA,TORRENT PHARMACEUTICALS LTD
113,115,ARMANFIN,INE109C01017,2591.6,20.0,INE109C01017,17263,ARMFIN,ARMAN FINANCIAL SERVICES LIMIT
114,116,INOXGREEN,INE510W01014,102.35,20.0,INE510W01014,12188,INOGRE,INOX GREEN ENERGY SERVICES LTD
115,117,YESBANK,INE528G01035,20.95,20.0,INE528G01035,11915,YESBAN,YES BANK LIMITED
116,118,ASAL,INE900C01027,416.55,20.0,INE900C01027,10634,AUTSTA,AUTOMOTIVE STAMPINGS AND ASSEM
117,119,MAHEPC,INE215D01010,119.25,20.0,INE215D01010,17603,EPCIND,MAHINDRA EPC IRRIGATION LTD
118,120,COLPAL,INE259A01022,2458.45,20.0,INE259A01022,15141,COLPAL,COLGATE-PALMOLIVE (INDIA) LTD
119,121,NRBBEARING,INE349A01021,288.6,20.0,INE349A01021,7553,NRBBEA,NRB BEARINGS LTD
120,122,ROSSARI,INE02A801020,800.2,20.0,INE02A801020,19410,ROSBIO,ROSSARI BIOTECH LIMITED
122,124,SHRIRAMPPS,INE217L01019,119.2,20.0,INE217L01019,7200,SHRPRO,SHRIRAM PROPERTIES LIMITED
124,126,IVP,INE043C01018,232.75,21.86,INE043C01018,1681,IVP,IVP LIMITED
125,127,SHAKTIPUMP,INE908D01010,988.05,20.69,INE908D01010,25574,SHAPUM,SHAKTI PUMPS (INDIA) LTD
126,128,GANESHHOUC,INE460C01014,385.35,20.0,INE460C01014,14339,GANHOU,GANESH HOUSING CORPORATION LTD
127,129,FMCGIETF,INF109KC1R48,574.91,20.0,INF109KC1R48,5306,ICIFMC,ICICI PRU NIFTY FMCG ETF
128,130,DMART,INE192R01011,4027.45,20.0,INE192R01011,19913,AVESUP,AVENUE SUPERMARTS LTD DMART
129,131,CORDSCABLE,INE792I01017,113.7,20.37,INE792I01017,15271,CORCAB,CORDS CABLE INDUSTRIES LIMITED
130,132,KAYA,INE587G01015,313.55,20.0,INE587G01015,10276,KAYLIM,KAYA LIMITED
131,133,SANOFI,INE058A01010,7998.7,20.0,INE058A01010,1442,SANOFI,SANOFI INDIA LTD
132,134,SULA,INE142Q01026,475.55,20.0,INE142Q01026,13218,SULVIN,SULA VINEYARDS LIMITED
133,135,BANKETF,INF769K01KR3,481.83,20.0,INF769K01KR3,17419,MIRBAN,Mirae Asset Nifty Bank ETF
134,136,ABSLLIQUID,INF209KB18T9,1000.01,10.0,INF209KB18T9,14518,ADIAI,Aditya Birla AI Index ETF
135,137,TPLPLASTEH,INE413G01022,52.15,23.02,INE413G01022,9219,TPLPLA,TPL PLASTECH LIMITED
136,138,INDUSTOWER,INE121J01017,186.45,20.0,INE121J01017,29135,BHAINF,INDUS TOWERS LIMITED
137,139,MOLOWVOL,INF247L01BL0,31.96,20.0,INF247L01BL0,8654,MOTLOV,MOTILAL OSWAL S&P LOW VOL ETF
138,140,RICOAUTO,INE209B01025,84.5,20.09,INE209B01025,2909,RICAUT,RICO AUTO INDUSTRIES LTD
139,141,UCOBANK,INE691A01018,39.9,20.0,INE691A01018,11223,UCOBAN,UCO BANK
140,142,IRIS,INE864K01010,130.35,21.11,INE864K01010,6489,IRIBUS,IRIS BUSINESS SERVICES LTD
141,143,JUNIORBEES,INF732E01045,560.25,6.0,INF732E01045,10939,NIFJUN,NIPPON IND ETF NIFNXT50 JR BEE
142,144,KFINTECH,INE138Y01010,503.15,20.0,INE138Y01010,13359,KFITEC,KFIN TECHNOLOGIES LIMITED
143,145,FORTIS,INE061F01013,400.2,20.0,INE061F01013,14592,FORHEA,FORTIS HEALTHCARE LIMITED
144,146,LAMBODHARA,INE112F01022,156.6,24.93,INE112F01022,6407,LAMTEX,LAMBODHARA TEXTILES LTD
145,147,SOUTHWEST,INE980Y01015,159.55,100.0,INE980Y01015,9678,SOUWES,SOUTH WEST PINNACLE EXPL LTD
146,148,BERGEPAINT,INE463A01038,584.55,20.0,INE463A01038,404,BERPAI,BERGER PAINTS INDIA LTD
147,149,OIL,INE274J01014,382.3,20.0,INE274J01014,17438,OILIND,OIL INDIA LIMITED
148,150,SCHNEIDER,INE839M01018,413.9,20.0,INE839M01018,31234,SCHELE,SCHNEIDER ELECTRIC INFRA LTD
149,151,ITC,INE154A01025,457.1,9.0,INE154A01025,1660,ITC,ITC LIMITED
150,152,LICNETFGSC,INF767K01MV5,24.4,10.0,INF767K01MV5,6062,LICGSC,LIC NOMURA MF G-SEC LT ETF- GO
151,153,AARVI,INE754X01016,164.4,23.63,INE754X01016,19073,AARENC,AARVI ENCON LIMITED
152,154,ORIENTBELL,INE607D01018,397.7,20.0,INE607D01018,14278,ORIBEL,ORIENT BELL LIMITED
153,155,EMAMILTD,INE548C01032,499.15,20.0,INE548C01032,13517,EMALIM,EMAMI LIMITED
154,156,ZUARIIND,INE217A01012,196.45,20.0,INE217A01012,3827,ZUAIND,ZUARI INDUSTRIES LIMITED
155,157,SPLIL,INE978G01016,70.1,21.18,INE978G01016,11935,SPLIN,SPL INDUSTRIES LIMITED
156,158,AHL,INE00ZE01026,316.15,20.0,INE00ZE01026,13288,ABAHOL,ABANS HOLDINGS LIMITED
157,159,CONTROLPR,INE663B01015,1005.2,20.0,INE663B01015,17477,CONPRI,CONTROL PRINT (INDIA) LTD
158,160,EBBETF0431,INF754K01LE1,1180.04,20.0,INF754K01LE1,22239,BHABO4,BHARAT BOND ETF APRIL 2031
159,161,IMFA,INE919H01018,507.55,20.0,INE919H01018,19235,INDMFA,INDIAN METALS & FERRO ALLOYS L
160,162,PRIMESECU,INE032B01021,174.65,20.0,INE032B01021,11864,PRISEC,PRIME SECURITIES LTD
161,163,L&TFH,INE498L01015,156.05,20.0,INE498L01015,24948,LTFINA,LT FINANCE HOLDINGS LIMITED
162,164,PFS,INE560K01014,41.85,23.38,INE560K01014,22602,PTCIND,PTC INDIA FINANCIAL SERVICES L
163,165,3MINDIA,INE470A01017,36389.95,20.0,INE470A01017,474,3MIND,3M INDIA LIMITED
164,166,CONFIPET,INE552D01024,90.85,20.0,INE552D01024,10238,CONPE,CONFIDENCE PETROLEUM INDIA LIM
165,167,GUJGASLTD,INE844O01030,449.9,20.0,INE844O01030,10599,GUJGA,GUJARAT GAS LIMITED
166,168,SETF10GILT,INF200KA1JT1,222.28,10.0,INF200KA1JT1,17395,SBIGSE,SBI MF ETF 10 YEAR GILT
167,169,WHIRLPOOL,INE716A01013,1355.65,20.0,INE716A01013,18011,WHIIND,WHIRLPOOL OF INDIA LTD
168,170,SOTL,INE035D01020,360.1,20.0,INE035D01020,3021,SAVOIL,SAVITA OIL TECHNOLOGIES LIMITE
169,171,CONSUMBEES,INF204KA1LD7,103.67,20.0,INF204KA1LD7,2435,RELCON,NIPPON INDIA ETF CONSUMPTION
170,172,VIDHIING,INE632C01026,414.3,20.0,INE632C01026,13536,VIDDYE,VIDHI SPECIALTY FOOD ING LTD
171,173,BBTCL,INE01EE01011,279.9,20.0,INE01EE01011,5687,BBTRIP,B AND B TRIPLEWALL CONT LTD
172,174,ADVENZYMES,INE837H01020,377.7,20.0,INE837H01020,18039,ADVENZ,ADVANCED ENZYME TECHNO LTD
173,175,AXSENSEX,INF846K010Q0,72.42,6.0,INF846K010Q0,14742,AXISEN,AXIS S&P BSE SENSEX ETF
174,176,VTL,INE825A01020,387.6,20.0,INE825A01020,2073,VARTEX,VARDHMAN TEXTILES LIMTED
175,177,ICICIB22,INF109KB15Y7,89.97,20.0,INF109KB15Y7,522,BHA22,ICICI PRUD MF BHARAT 22 ETF
176,178,JYOTHYLAB,INE668F01031,485.15,20.0,INE668F01031,15146,JYOLAB,JYOTHY LABS LIMITED
177,179,MIRZAINT,INE771A01026,46.8,22.25,INE771A01026,4394,MIRINT,MIRZA INTERNATIONAL LIMITED
178,180,INDIANB,INE562A01011,415.75,20.0,INE562A01011,14309,INDIBA,INDIAN BANK
179,181,MANKIND,INE634S01028,2002.3,20.0,INE634S01028,15380,MAPHA,MANKIND PHARMA LIMITED
180,182,SARDAEN,INE385C01021,250.5,20.0,INE385C01021,17758,SARENE,SARDA ENERGY & MINERALS LTD
181,183,LAOPALA,INE059D01020,385.25,20.0,INE059D01020,14423,LAOPA,LA OPALA RG LIMITED
182,184,GMDCLTD,INE131A01031,409.7,24.57,INE131A01031,5204,GUJMI,GUJARAT MINERAL DEVELOPMENT CO
183,185,GHCLTEXTIL,INE0PA801013,69.7,20.0,INE0PA801013,16696,GHCTEX,GHCL TEXTILES LIMITED
184,186,SESHAPAPER,INE630A01024,358.9,20.0,INE630A01024,3066,SESPAP,SESHASAYEE PAPER & BOARDS LTD
185,187,ASTRAL,INE006I01046,1906.65,20.0,INE006I01046,14418,ASTPOL,ASTRAL LIMITED
187,189,TINPLATE,INE422C01014,441.1,20.0,INE422C01014,3493,TINCO,TINPLATE COMPANY OF INDIA LTD
188,190,SONACOMS,INE073K01018,614.5,20.0,INE073K01018,4684,SONBLW,SONA BLW PRECISION FORGINGS
189,191,HAVELLS,INE176B01034,1361.55,20.0,INE176B01034,9819,HAVIND,HAVELLS INDIA LIMITED
190,192,INTELLECT,INE306R01017,834.35,20.0,INE306R01017,5926,INTDES,INTELLECT DESIGN ARENA LIMITED
191,193,MAITHANALL,INE683C01011,1237.55,20.0,INE683C01011,24538,MAIALL,MAITHAN ALLOYS LIMITED
192,194,OPTIEMUS,INE350C01017,315.75,24.32,INE350C01017,21469,OPTINF,OPTIEMUS INFRACOM LIMITED
193,195,SAFARI,INE429E01023,1992.65,20.0,INE429E01023,13035,SAFIND,SAFARI INDUSTRIES INDIA LTD
194,196,KKCL,INE401H01017,779.75,20.0,INE401H01017,13381,KEWKIR,KEWAL KIRAN CLOTHING LIMITED
195,197,SRGHFL,INE559N01010,278.35,20.0,INE559N01010,18119,SRGHOU,SRG HOUSING FINANCE LIMITED
196,198,SAHYADRI,INE280H01015,403.65,20.0,INE280H01015,14900,SAHYIN,SAHYADRI INDUSTRIES LIMITED
197,199,BALPHARMA,INE083D01012,101.3,20.0,INE083D01012,13441,BALPHA,BAL PHARMA LIMITED
198,200,PFIZER,INE182A01018,4261.7,20.0,INE182A01018,2643,PFIZER,PFIZER LTD
199,201,SADHNANIQ,INE888C01040,87.65,20.0,INE888C01040,15343,SADNIT,SADHANA NITROCHEM LTD
200,202,MADRASFERT,INE414A01015,105.0,23.73,INE414A01015,4911,MADFER,MADRAS FERTILIZERS LIMITED
201,203,RESPONIND,INE688D01026,313.7,20.0,INE688D01026,20323,RESIND,RESPONSIVE INDUSTRIES LIMITED
202,204,MCX,INE745G01035,3188.3,20.0,INE745G01035,31181,MCX,MULTI COMMODITY EXCHANGE
204,206,DRREDDY,INE089A01023,5714.5,9.0,INE089A01023,881,DRREDD,DR REDDYS LABORATORIES LTD
205,207,BHAGCHEM,INE414D01019,1537.5,20.0,INE414D01019,6164,BHAC,BHAGIRADHA CHEMICALS AND INDUS
207,209,DREDGECORP,INE506A01018,593.95,20.0,INE506A01018,11271,DRECOR,DREDGING CORPORATION OF INDIA
209,211,CARERATING,INE752H01013,961.5,20.0,INE752H01013,29113,CARE,CARE RATINGS LIMITED
210,212,TVTODAY,INE038F01029,210.95,20.0,INE038F01029,11275,TVTNET,TVTODAY NETWORK LIMITED
211,213,PGEL,INE457L01011,2411.65,20.0,INE457L01011,25358,PGELEC,PG ELECTROPLAST LIMITED
213,215,OSWALGREEN,INE143A01010,26.15,20.0,INE143A01010,471,OSWGRE,OSWAL GREENTECH LIMITED
214,216,WEIZMANIND,INE080A01014,114.05,100.0,INE080A01014,3748,WEIZMA,WEIZMANN LIMITED
215,217,ARVIND,INE034A01011,260.85,20.0,INE034A01011,193,ARVLIM,ARVIND LIMITED
216,218,APCOTEXIND,INE116A01032,520.9,20.0,INE116A01032,154,APCLAT,APCOTEX INDUSTRIES LIMITED
217,219,DCMNVL,INE08KP01019,177.4,20.0,INE08KP01019,11039,DCMNOU,DCM NOUVELLE LIMITED
218,220,DCBBANK,INE503A01015,127.1,20.0,INE503A01015,13725,DCB,DCB BANK LIMITED
219,221,RACE,INE084Q01012,382.55,20.0,INE084Q01012,15391,ANIIMP,RACE ECO CHAIN LIMITED
220,222,RRKABEL,INE777K01022,1587.85,20.0,INE777K01022,18566,RRKAB,R R KABEL LTD
221,223,JSWINFRA,INE880J01026,212.2,20.0,INE880J01026,19020,JSWINF,JSW INFRASTRUCTURE LIMITED
222,224,RADIANTCMS,INE855R01021,89.4,20.0,INE855R01021,13580,RADCAS,RADIANT CASH MANAGEMENT LTD
223,225,DSPITETF,INF740KA1SX1,36.03,20.0,INF740KA1SX1,17207,DSPITF,DSP Nifty IT ETF
224,226,BIOCON,INE376G01013,252.75,20.0,INE376G01013,11373,BIOCON,BIOCON LIMITED
225,227,BIRLACORPN,INE340A01012,1434.05,20.0,INE340A01012,480,BIRCOR,BIRLA CORPORATION LTD
226,228,MAYURUNIQ,INE040D01038,565.95,20.0,INE040D01038,28906,MAYUNI,MAYUR UNIQUOTERS LTD
227,229,CHEMCON,INE03YM01018,299.65,20.0,INE03YM01018,270,CHESPE,CHEMCON SPECIALITY CHEMICALS
228,230,VADILALIND,INE694D01016,2260.7,20.0,INE694D01016,24196,VADIND,VADILAL INDUSTRIES LIMITED
229,231,DCXINDIA,INE0KL801015,345.7,20.0,INE0KL801015,11895,DCXSYS,DCX SYSTEMS LIMITED
230,232,DSPSENXETF,INF740KA1SZ6,71.9,7.55,INF740KA1SZ6,17613,DSPSNX,DSP S&P BSE SENSEX ETF
231,233,SIRCA,INE792Z01011,411.85,20.0,INE792Z01011,11050,SIRPAI,SIRCA PAINTS INDIA LIMITED
232,234,ANDHRAPAP,INE435A01028,609.3,20.0,INE435A01028,166,INTPAP,ANDHRA PAPER LIMITED
233,235,ALMONDZ,INE326B01027,90.35,20.0,INE326B01027,16719,ALMGLO,ALMONDZ GLOBAL SECURITIES LIMI
234,236,GRMOVER,INE192H01020,186.9,20.0,INE192H01020,10871,GRMOVE,GRM OVERSEAS LTD
235,237,PIIND,INE603J01030,3462.8,20.0,INE603J01030,24184,PIIND,P I INDUSTRIES LTD
236,238,INDUSINDBK,INE095A01012,1597.45,11.61,INE095A01012,5258,INDBA,INDUSIND BANK LIMITED
237,239,STERTOOLS,INE334A01023,343.35,20.0,INE334A01023,4299,STETOO,STERLING TOOLS LTD
238,240,TATAPOWER,INE245A01021,324.85,20.0,INE245A01021,3426,TATPOW,TATA POWER CO LTD
239,241,NAHARINDUS,INE289A01011,127.4,20.0,INE289A01011,13106,NAHIND,NAHAR INDUSTRIAL ENTERPRISES
240,242,BANG,INE863I01016,47.85,100.0,INE863I01016,15303,BANOVE,BANG OVERSEAS LIMITED
241,243,FILATEX,INE816B01035,48.25,20.0,INE816B01035,24532,FILIND,FILATEX INDIA LIMITED
242,244,BRITANNIA,INE216A01030,5216.8,9.0,INE216A01030,547,BRIIND,BRITANNIA INDUSTRIES LTD
243,245,MSTCLTD,INE255X01014,620.45,20.0,INE255X01014,9356,MSTLIM,MSTC LIMITED
245,247,AXISILVER,INF846K011K1,75.78,20.0,INF846K011K1,11193,AXISIL,AXIS SILVER ETF
246,248,IOLCP,INE485C01011,470.95,20.0,INE485C01011,20413,IOLCHE,IOL CHEMICALS & PHARMACEUTICAL
247,249,HDFCMOMENT,INF179KC1HV6,27.43,20.0,INF179KC1HV6,11538,HDFM30,HDFC NIFTY200 MOMENTUM 30 ETF
248,250,SDL26BEES,INF204KC1022,117.31,20.0,INF204KC1022,3022,NIPSDL,NIPPON IND ETF NIFTY SDL  2026
249,251,MARSHALL,INE00SZ01018,46.8,21.72,INE00SZ01018,6757,MARMAC,MARSHALL MACHINES LIMITED
250,252,HNDFDS,INE254N01026,551.2,20.0,INE254N01026,12173,HINFOO,HINDUSTAN FOODS
253,255,ORISSAMINE,INE725E01024,7166.2,22.55,INE725E01024,19931,ORIMIN,ORISSA MINERALS DEVELOPMENT CO
254,256,BPCL,INE029A01011,454.7,9.84,INE029A01011,526,BHAPET,BHARAT PETROLEUM CORPN LTD
255,257,ROTO,INE535D01029,422.35,20.0,INE535D01029,9049,ROTPUM,ROTO PUMPS LTD
257,259,GULPOLY,INE255D01024,210.5,20.0,INE255D01024,6286,GULPOL,GULSHAN POLYOLS LTD
258,260,ABB,INE117A01022,4733.6,20.0,INE117A01022,13,ABB,ABB INDIA LIMITED
259,261,APTUS,INE852O01025,325.85,20.0,INE852O01025,5435,APTVAL,APTUS VALUE HOUSING FIN IND
260,262,SBC,INE04AK01028,30.85,20.0,INE04AK01028,6792,SBCEXP,SBC EXPORT LTD
261,263,NITINSPIN,INE229H01012,332.65,20.0,INE229H01012,13175,NITSPI,NITIN SPINNERS LTD
262,264,GOLDBEES,INF204KB17I5,53.63,20.0,INF204KB17I5,14428,GOLDEX,NIPPON INDIA ETF GOLD BEES
263,265,KOTAKPSUBK,INF373I01023,565.88,20.0,INF373I01023,15061,KOTPSB,KOTAK NIFTY PSU BANK ETF
265,267,GEECEE,INE916G01016,234.25,20.0,INE916G01016,13658,GEEVEN,GEECEE VENTURES LIMITED
266,268,ALPHAGEO,INE137C01018,283.25,20.0,INE137C01018,14597,ALPHAG,ALPHAGEO (INDIA)LTD
267,269,CYBERTECH,INE214A01019,191.05,21.71,INE214A01019,6051,CYBTEC,CYBERTECH SYSTEMS AND SOFTWARE
268,270,SOLARA,INE624Z01016,368.25,20.0,INE624Z01016,3672,SOLACT,SOLARA ACTIVE PHARMA SCIEN LTD
269,271,MOM50,INF247L01536,219.24,6.27,INF247L01536,19289,MOTM50,MOTILAL OSWAL  M50 ETF
270,272,SHALBY,INE597J01018,306.75,20.0,INE597J01018,714,SHALIM,SHALBY LIMITED
271,273,CEATLTD,INE482A01020,2392.65,20.0,INE482A01020,15254,CEAT,CEAT LIMITED
272,274,ANDREWYU,INE449C01025,31.35,20.0,INE449C01025,5206,ANDYUL,ANDREW YULE & COMPANY LTD
273,275,NSLNISP,INE0NNS01018,49.65,20.0,INE0NNS01018,14180,NMDSTE,NMDC STEEL LIMITED
276,278,MRF,INE883A01011,121038.55,20.0,INE883A01011,2277,MRFTYR,MRF LTD
277,279,APOLLOPIPE,INE126J01016,688.4,20.0,INE126J01016,14361,AMULEA,APOLLO PIPES LIMITED
278,280,UTIBANKETF,INF789F1AUV1,49.0,20.0,INF789F1AUV1,22440,UTIBET,UTI NIFTY BANK ETF
280,282,VALIANTORG,INE565V01010,511.5,20.0,INE565V01010,330,VALORG,VALIANT ORGANICS LTD
281,283,SYNGENE,INE398R01022,696.95,20.0,INE398R01022,10243,SYNINT,SYNGENE INTERNATIONAL LTD
282,284,INFOBEAN,INE344S01016,446.15,20.0,INE344S01016,11027,INFOTE,INFOBEANS TECHNOLOGIES LIMITED
283,285,ACC,INE012A01025,2168.55,20.0,INE012A01025,22,ACC,ACC LIMITED
284,286,SIYSIL,INE076B01028,538.8,20.0,INE076B01028,14096,SIYSIL,SIYARAM SILK MILLS LTD
285,287,GOLDSHARE,INF789F1AUX7,53.75,20.0,INF789F1AUX7,14535,UTGOLD,UTI GOLD ETF
286,288,VINEETLAB,INE505Y01010,70.65,21.95,INE505Y01010,3807,VINLAB,VINEET LABORATORIES LIMITED
287,289,GRINDWELL,INE536A01023,2255.75,20.0,INE536A01023,13560,GRINOR,GRINDWELL NORTON LTD
288,290,SHREECEM,INE070A01015,28644.9,20.0,INE070A01015,3103,SHRCEM,SHREE CEMENTS LTD
289,291,ITIETF,INF109KC16I6,37.69,20.0,INF109KC16I6,22365,ICIPIT,ICICI PRUDENTIAL NIFTY IT ETF
290,292,PHARMABEES,INF204KC1089,16.92,20.0,INF204KC1089,4973,NIPPHA,NIPPON INDIA NIFTY PHARMA ETF
291,293,NEOGEN,INE136S01016,1496.2,20.0,INE136S01016,9917,NEOCHE,NEOGEN CHEMICALS LIMITED
292,294,CLEAN,INE227W01023,1545.55,20.0,INE227W01023,5049,CLESCI,CLEAN SCIENCE AND TECHNOLOGY
293,295,GRSE,INE382Z01011,871.15,21.2,INE382Z01011,5475,GARREA,GARDEN REACH SHIPBUILD ENG LTD
294,296,TVSELECT,INE236G01019,353.1,20.0,INE236G01019,11265,TVSELE,TVS ELECTRONICS LTD
295,297,SUKHJITS,INE450E01011,508.6,20.0,INE450E01011,11804,SUKSTA,SUKHJIT STARCH & CHEMICALS LTD
296,298,SPECIALITY,INE247M01014,186.15,20.0,INE247M01014,27107,SPERES,SPECIALITY RESTAURANTS LIMITED
297,299,JINDALPHOT,INE796G01012,599.95,26.82,INE796G01012,11743,JINPH,JINDAL PHOTO LIMITED
298,300,NECCLTD,INE553C01016,29.8,100.0,INE553C01016,13522,NOREAS,NORTH EASTERN CARRYING CORP LT
299,301,GANGESSECU,INE335W01016,124.8,20.0,INE335W01016,21399,GANSEC,GANGES SECURITIES LIMITED
300,302,ROLEXRINGS,INE645S01016,2403.0,20.0,INE645S01016,5279,ROLRIN,ROLEX RINGS LIMITED
301,303,WENDT,INE274C01019,14083.7,20.0,INE274C01019,4235,WENDT,WENDT (INDIA) LIMITED
302,304,UNIVPHOTO,INE03V001013,394.05,20.0,INE03V001013,17659,UNIPHO,UNIVERSUS PHOTO IMAGINGS LTD
303,305,HCLTECH,INE860A01027,1472.05,9.0,INE860A01027,7229,HCLTEC,HCL TECHNOLOGIES LIMITED
304,306,JUBLPHARMA,INE700A01033,539.25,20.0,INE700A01033,3637,JUBLIF,JUBILANT PHARMOVA LIMITED
305,307,TIMKEN,INE325A01013,3234.4,20.0,INE325A01013,14198,TIMIND,TIMKEN INDIA LIMITED
308,310,ASPINWALL,INE991I01015,250.55,20.07,INE991I01015,17270,ASPCOM,ASPINWALL AND COMPANY LIMITED
309,311,IIFL,INE530B01024,585.45,20.0,INE530B01024,11809,IIFHOL,IIFL FINANCE LIMITED
310,312,AYMSYNTEX,INE193B01039,71.2,20.0,INE193B01039,10285,AYMSYN,AYM SYNTEX LIMITED
311,313,SBFC,INE423Y01016,90.05,20.0,INE423Y01016,18026,SBFFIN,SBFC FINANCE LIMITED
312,314,GOKUL,INE020J01029,43.25,23.25,INE020J01029,16705,GOKREF,GOKUL REFOILS AND SOLVENT LIMI
313,315,PRITI,INE974Z01015,244.8,100.0,INE974Z01015,8304,PRIINT,PRITI INTERNATIONAL LIMITED
314,316,SALZERELEC,INE457F01013,414.9,20.0,INE457F01013,11399,SALELE,SALZER ELECTRONICS LTD
315,317,EROSMEDIA,INE416L01017,23.25,24.06,INE416L01017,20080,EROINT,EROS INTERNATIONAL MEDIA LIMIT
316,318,ARE&M,INE885A01032,811.8,20.0,INE885A01032,100,AMARAJ,AMARA RAJA ENERGY & MOBILITY
317,319,NIITLTD,INE161A01038,115.3,21.17,INE161A01038,11522,NIIT,NIIT LIMITED
318,320,ADANIENSOL,INE931S01010,1058.7,25.02,INE931S01010,10217,ADATRA,ADANI ENERGY SOLUTIONS LIMITED
319,321,KAYNES,INE918Z01012,2583.85,20.0,INE918Z01012,12092,KAYTEC,KAYNES TECHNOLOGY IND LIMITED
320,322,RAMKY,INE874I01013,785.25,20.0,INE874I01013,20134,RAINFR,RAMKY INFRASTRUCTURE LIMITED
321,323,ADORWELD,INE045A01017,1511.05,20.0,INE045A01017,34,ADOWEL,ADOR WELDING LIMITED
322,324,DIL,INE411Y01011,10.9,22.73,INE411Y01011,8657,DEBSAL,DEBOCK INDUSTRIES LIMITED
323,325,HEXATRADEX,INE750M01017,157.7,20.0,INE750M01017,27008,HEXTRA,HEXA TRADEX LIMITED
324,326,STARCEMENT,INE460H01021,176.0,20.0,INE460H01021,21091,STACEM,STAR CEMENT LIMITED
325,327,SPARC,INE232I01014,264.65,20.0,INE232I01014,14788,SUNADV,SUN PHARMA ADVANCED RESEARCH C
328,330,TI,INE133E01013,240.45,20.0,INE133E01013,19196,TILIND,TILAKNAGAR INDUSTRIES LIMITED
329,331,REPRO,INE461B01014,904.75,20.0,INE461B01014,13126,REPIND,REPRO INDIA LTD
330,332,EXIDEIND,INE302A01020,301.05,20.0,INE302A01020,676,EXIIND,EXIDE INDUSTRIES LTD
331,333,ACCURACY,INE648Z01023,9.5,100.0,INE648Z01023,1465,ACCSHI,ACCURACY SHIPPING LIMITED
332,334,KIRLFER,INE884B01025,452.2,20.0,INE884B01025,14466,KIRFER,KIRLOSKAR FERROUS INDUSTRIES L
333,335,THERMAX,INE152A01029,3008.35,20.0,INE152A01029,3475,THERMA,THERMAX LTD
334,336,INDOCO,INE873D01024,409.6,20.0,INE873D01024,11677,INDREM,INDOCO REMEDIES LIMITED
335,337,DMCC,INE505A01010,327.25,20.0,INE505A01010,860,DHAMOR,DMCC SPECIALITY CHEMICALS LTD.
336,338,NEXT50IETF,INF109KC1NS5,54.43,6.13,INF109KC1NS5,4529,ICINEX,ICICI PRUD NIFTY NEXT 50 ETF
337,339,PALREDTEC,INE218G01033,183.1,22.58,INE218G01033,17062,PALTEC,PALRED TECHNOLOGIES LIMITED
338,340,VAISHALI,INE972X01014,180.7,20.86,INE972X01014,16589,VAIPHA,VAISHALI PHARMA LIMITED
339,341,DECCANCE,INE583C01021,572.05,20.0,INE583C01021,14838,DECCEM,DECCAN CEMENTS LTD
340,342,GOKEX,INE887G01027,835.25,20.71,INE887G01027,11778,GOKEXP,GOKALDAS EXPORTS LIMITED
341,343,GILLETTE,INE322A01010,6111.3,20.0,INE322A01010,1576,GILIND,GILLETTE INDIA LTD
342,344,DHAMPURSUG,INE041A01016,252.25,20.0,INE041A01016,857,DHASUG,DHAMPUR SUGAR MILLS LTD
343,345,MODISONLTD,INE737D01021,135.75,20.69,INE737D01021,3316,MODMET,MODISON LIMITED
344,346,IVC,INE050B01023,11.7,100.0,INE050B01023,6711,ILFVEN,IL & FS INVESTMENT MANAGERS LT
345,347,MOTILALOFS,INE338I01027,1210.85,20.0,INE338I01027,14947,MOTOSW,MOTILAL OSWAL FINANCIAL SERVIC
346,348,ZAGGLE,INE07K301024,220.9,20.0,INE07K301024,18608,ZAGPRE,ZAGGLE PREPAID OCEAN SERVICES
348,350,UDS,INE851I01011,349.8,20.0,INE851I01011,19113,UPDSER,UPDATER SERVICES LIMITED
349,351,SHANTIGEAR,INE631A01022,601.4,20.0,INE631A01022,3078,SHAGEA,SHANTHI GEARS LTD
350,352,RBL,INE244J01017,868.25,20.0,INE244J01017,16745,RANBRA,RANE BRAKE LINING LIMITED
351,353,JSWSTEEL,INE019A01038,875.9,10.11,INE019A01038,11723,JSWSTE,JSW STEEL LIMITED
352,354,TDPOWERSYS,INE419M01027,262.2,20.0,INE419M01027,25178,TDPSYS,TD POWER SYSTEMS LIMITED
353,355,BAJAJHLDNG,INE118A01012,7921.35,20.0,INE118A01012,305,BAJHOL,BAJAJ HOLDINGS & INVESTMENT LI
354,356,RAMANEWS,INE278B01020,17.5,20.89,INE278B01020,13565,SHRAMA,SHREE RAMA NEWSPRINT LTD
355,357,TTML,INE517B01013,92.05,21.15,INE517B01013,8954,TATTE,TATA TELESERVICES MAHARASHTRA
356,358,IDEAFORGE,INE349Y01013,833.85,20.0,INE349Y01013,17140,IDETEC,IDEAFORGE TECHNOLOGY LIMITED
357,359,M&MFIN,INE774D01024,276.8,20.0,INE774D01024,13285,MAHFIN,MAHINDRA & MAHINDRA FINANCIAL
358,360,JAYSREETEA,INE364A01020,107.25,20.0,INE364A01020,1720,JAYTEA,JAY SHREE TEA & INDUSTRIES LTD
359,361,EMAMIREAL,INE778K01012,114.8,100.0,INE778K01012,19277,EMAINF,EMAMI REALTY LIMITED
360,362,GSLSU,INE0JSX01015,182.2,20.0,INE0JSX01015,14599,GLOSUR,GLOBAL SURFACES LIMITED
361,363,GANESHBE,INE388A01029,159.45,20.0,INE388A01029,5614,GANBEN,GANESH BENZOPLAST LTD
362,364,MOM30IETF,INF109KC17C7,27.7,20.0,INF109KC17C7,10585,ICI200,ICICI PRU NIFTY 200 MOM 30 ETF
363,365,ORICONENT,INE730A01022,34.55,20.0,INE730A01022,10159,ORICON,ORICON ENTERPRISES LTD
364,366,MANGALAM,INE584F01014,98.1,20.0,INE584F01014,11817,MANDRU,MANGALAM DRUGS AND ORGANICS LT
365,367,ROHLTD,INE283H01019,317.55,20.9,INE283H01019,13182,ROYORC,ROYAL ORCHID HOTELS LTD
366,368,KNRCON,INE634I01029,260.15,20.0,INE634I01029,15283,KNRCON,KNR CONSTRUCTIONS LIMITED
367,369,UTINIFTETF,INF789F1AZC0,232.84,6.0,INF789F1AZC0,10511,UTINIF,UTI NIFTY 50 ETF
368,370,MALLCOM,INE389C01015,1100.9,20.0,INE389C01015,7965,MALIND,MALLCOM INDIA LIMITED
369,371,ITDC,INE353K01014,443.45,20.0,INE353K01014,19299,INDTOU,INDIA TOURISM DEVELOPMENT CORP
370,372,NAVKARCORP,INE278M01019,100.05,23.26,INE278M01019,10557,NAVCOR,NAVKAR CORPORATION LIMITED
371,373,CTE,INE627H01017,76.45,24.54,INE627H01017,14218,CAMTEC,CAMBRIDGE TECHNOLOGY ENTERPRIS
372,374,IFCI,INE039A01010,27.95,24.13,INE039A01010,1491,IFCI,IFCI LIMITED
373,375,HATHWAY,INE982F01036,21.65,20.0,INE982F01036,18154,HATCAB,HATHWAY CABLE & DATACOM LIMITE
374,376,SUTLEJTEX,INE645H01027,58.85,20.0,INE645H01027,13801,SUTTEX,SUTLEJ TEXTILES & INDUSTRIES L
375,377,SHREYAS,INE757B01015,281.6,24.61,INE757B01015,3129,SHRSHI,SHREYAS SHIPPING AND LOGISTICS
376,378,SMARTLINK,INE178C01020,171.15,20.0,INE178C01020,9889,SMANET,SMARTLINK HOLDINGS LIMITED
377,379,SASKEN,INE231F01020,1349.7,20.0,INE231F01020,11983,SASCOM,SASKEN TECHNOLOGIES LIMITED
378,380,RAIN,INE855B01025,152.9,20.0,INE855B01025,15337,RAIIND,RAIN INDUSTRIES LIMITED
379,381,DISHTV,INE836F01026,19.25,24.35,INE836F01026,14537,DISHTV,DISH TV INDIA LIMITED
380,382,IRFC,INE053F01010,96.7,20.0,INE053F01010,2029,INDR,INDIAN RAILWAY FIN CORP LTD
381,383,ALLSEC,INE835G01018,656.05,20.0,INE835G01018,11798,ALLTEC,ALLSEC TECHNOLOGIES LIMITED
382,384,STYLAMIND,INE239C01020,1734.65,20.0,INE239C01020,5186,STYIND,STYLAM INDUSTRIES LIMITED
383,385,WIPRO,INE075A01022,470.95,9.0,INE075A01022,3787,WIPRO,WIPRO LTD
384,386,JTLIND,INE391J01024,237.75,20.0,INE391J01024,7287,JTLINF,JTL INDUSTRIES LIMITED
385,387,ATUL,INE100A01010,7026.0,20.0,INE100A01010,263,ATUL,ATUL LIMITED
386,388,GMRINFRA,INE776C01039,73.3,20.0,INE776C01039,13528,GMRINF,GMR AIRPORTS INFRASTRUCTURE
387,389,MONTECARLO,INE950M01013,710.0,20.0,INE950M01013,5938,MONCAR,MONTE CARLO FASHIONS LIMITED
389,391,NIACL,INE470Y01017,213.25,20.19,INE470Y01017,399,NEWIN,THE NEW INDIA ASSURANCE CO LTD
390,392,DIVISLAB,INE361B01024,3884.25,10.6,INE361B01024,10940,DIVLAB,DIVIS LABORATORIES LIMITED
391,393,RSWM,INE611A01016,215.55,20.0,INE611A01016,2794,RAJSPI,RSWM LIMITED
392,394,KPIGREEN,INE542W01017,1279.4,22.27,INE542W01017,5108,KPIGLO,KPI GREEN ENERGY LIMITED
393,395,MTNL,INE153A01019,32.6,22.69,INE153A01019,2294,MTNL,MAHANAGAR TELEPHONE NIGAM LTD
394,396,MAKEINDIA,INF769K01IB1,110.17,20.0,INF769K01IB1,7979,MIRMAN,MIRAE ASSET MANUFACTURING ETF
395,397,ASTERDM,INE914M01019,402.6,20.0,INE914M01019,1508,ASTDM,ASTER DM HEALTHCARE LTD
396,398,INDIANHUME,INE323C01030,247.95,20.0,INE323C01030,1530,INDHUM,INDIAN HUME PIPE CO. LTD.
397,399,SENCO,INE602W01019,712.2,20.0,INE602W01019,17271,SENGOL,SENCO GOLD LIMITED
398,400,SHARDACROP,INE221J01015,454.8,20.0,INE221J01015,4992,SHACRO,SHARDA CROPCHEM LIMITED
399,401,CENTURYTEX,INE055A01016,1230.75,20.0,INE055A01016,625,CENTEX,CENTURY TEXTILES & INDUSTRIES
402,404,FAZE3Q,INE963C01033,439.0,20.0,INE963C01033,12000,FAZTHR,FAZE THREE LTD
403,405,SWSOLAR,INE00M201021,428.9,20.0,INE00M201021,12489,STEWIL,STERLING WILSON REN ENERGY
404,406,ABSLAMC,INE404A01024,465.6,20.0,INE404A01024,6018,ADIAMC,ADITYA BIRLA SUN LIFE AMC LTD
405,407,RAMASTEEL,INE230R01035,36.15,20.0,INE230R01035,10300,RAMSTE,RAMA STEEL TUBES LIMITED
406,408,CORALFINAC,INE558D01021,60.65,23.15,INE558D01021,4007,CORIND,CORAL INDIA FINANCE AND HOUSIN
407,409,AARTIDRUGS,INE767A01016,497.7,20.0,INE767A01016,4481,AARDRU,AARTI DRUGS LIMITED
408,410,ELDEHSG,INE668G01021,723.55,20.0,INE668G01021,8953,ELDHOU,ELDECO HOUSING & IND LTD
409,411,BANKBEES,INF204KB15I9,491.41,20.0,INF204KB15I9,11439,BANBEE,NIPPON INDIA ETF NIF BANK BEES
410,412,IDFC,INE043D01016,125.0,20.0,INE043D01016,11957,IDFC,IDFC LIMITED
411,413,SWELECTES,INE409B01013,546.85,22.27,INE409B01013,11909,SWEENE,SWELECT ENERGY SYSTEMS LIMITED
412,414,BIRLAMONEY,INE865C01022,103.05,20.0,INE865C01022,15239,ADIMON,ADITYA BIRLA MONEY LTD
413,415,DIVOPPBEES,INF204KA1MS3,67.59,20.0,INF204KA1MS3,2636,RELDIV,NIPPON INDIA ETF DIV OPPORTUN
415,417,ICEMAKE,INE520Y01019,627.3,21.66,INE520Y01019,489,ICEMAK,ICE MAKE REFRIGERATION LTD
417,419,VINYLINDIA,INE250B01029,459.85,20.52,INE250B01029,16821,VINCHE,VINYL CHEMICALS (INDIA) LTD
418,420,TCIEXP,INE586V01016,1369.8,20.0,INE586V01016,19223,TCIEXP,TCI EXPRESS LIMITED
419,421,TRENT,INE849A01020,3010.75,20.0,INE849A01020,1964,TRENT,TRENT LTD
420,422,EBBETF0430,INF754K01KO2,1320.04,20.0,INF754K01KO2,16253,BHABO2,BHARAT BOND ETF APRIL 2030
421,423,ALANKIT,INE914E01040,18.0,21.01,INE914E01040,9921,ALALIM,ALANKIT LIMITED
422,424,MFSL,INE180A01020,955.7,20.0,INE180A01020,2142,MAXFIN,MAX FINANCIAL SERVICES LIMITED
423,425,GLS,INE03Q201024,657.7,20.0,INE03Q201024,5265,GLELIF,GLENMARK LIFE SCIENCES LIMITED
424,426,DIVGIITTS,INE753U01022,984.05,20.0,INE753U01022,14479,DIVTOR,DIVGI TORQTRANSFER SYSTEMS LTD
425,427,USK,INE0N0Y01013,38.8,20.0,INE0N0Y01013,14871,UDAINF,UDAYSHIVAKUMAR INFRA LIMITED
426,428,FINCABLES,INE235A01022,1065.75,20.0,INE235A01022,1038,FINCAB,FINOLEX CABLES LTD
427,429,PVRINOX,INE191H01014,1674.3,20.0,INE191H01014,13147,PVRLIM,PVR INOX LIMITED
428,430,TATACHEM,INE092A01019,1089.85,20.0,INE092A01019,3405,TATCHE,TATA CHEMICALS LTD
429,431,UFO,INE527H01019,111.8,20.0,INE527H01019,9039,UFOMOV,UFO MOVIEZ INDIA LIMITED
430,432,KAJARIACER,INE217B01036,1348.4,20.0,INE217B01036,1808,KAJCER,KAJARIA CERAMICS LTD
431,433,BHAGERIA,INE354C01027,164.75,20.0,INE354C01027,13400,BHAGIN,BHAGERIA INDUSTRIES LIMITED
432,434,SILVERBEES,INF204KC1402,73.06,20.0,INF204KC1402,8080,NIPSIL,NIPPON INDIA SILVER ETF
433,435,APLLTD,INE901L01018,769.45,20.0,INE901L01018,25328,ALEPHA,ALEMBIC PHARMACEUTICALS LIMITE
434,436,CAPLIPOINT,INE475E01026,1392.05,20.0,INE475E01026,3906,CAPPOI,CAPLIN POINT LABORATORIES LTD
436,438,ARVSMART,INE034S01021,424.7,20.0,INE034S01021,10457,ARVINF,ARVIND SMARTSPACES LIMITED
437,439,CANTABIL,INE068L01024,239.4,20.0,INE068L01024,20160,CANRET,CANTABIL RETAIL INDIA LIMITED
438,440,POLYCAB,INE455K01017,5436.65,20.0,INE455K01017,9590,POLI,POLYCAB INDIA LIMITED
439,441,IMPAL,INE547E01014,1030.95,20.0,INE547E01014,12009,INDMO,INDIA MOTOR PARTS & ACCESSORIE
440,442,HDFCNIF100,INF179KC1HR4,22.07,7.15,INF179KC1HR4,10633,HDF100,HDFC NIFTY 100 ETF
441,443,BSOFT,INE836A01035,735.0,20.0,INE836A01035,6994,KPITEC,BIRLASOFT LIMITED
442,444,AJANTPHARM,INE031B01049,1997.45,20.0,INE031B01049,8124,AJAPHA,AJANTA PHARMA LTD
443,445,PYRAMID,INE0MIS01010,196.15,20.0,INE0MIS01010,18250,PYRTEC,PYRAMID TECHNOPLAST LIMITED
444,446,ALKALI,INE773I01017,141.7,22.23,INE773I01017,16959,ALKMET,ALKALI METALS LIMITED
445,447,GEPIL,INE878A01011,223.9,20.65,INE878A01011,7862,ALSIND,GE POWER INDIA LIMITED
446,448,MANALIPETC,INE201A01024,79.3,20.0,INE201A01024,13796,MANPET,MANALI PETROCHEMICALS LTD
447,449,ACI,INE128X01021,649.9,20.0,INE128X01021,12024,ARCCHE,ARCHEAN CHEMICAL IND LIMITED
448,450,MARALOVER,INE882A01013,69.0,22.03,INE882A01013,2112,MAROVE,MARAL OVERSEAS LTD
449,451,HONAUT,INE671A01010,35323.4,20.0,INE671A01010,3417,HONAUT,HONEYWELL AUTOMATION INDIA LTD
450,452,SIEMENS,INE003A01024,3977.65,20.0,INE003A01024,3150,SIEMEN,SIEMENS LTD
451,453,HAL,INE066F01020,2808.2,20.0,INE066F01020,2303,HINAER,HINDUSTAN AERONAUTICS LIMITED
452,454,MAZDOCK,INE249Z01012,2342.35,21.24,INE249Z01012,509,MAZDOC,MAZAGON DOCK SHIPBUILDERS LTD
453,455,ENERGYDEV,INE306C01019,25.9,100.0,INE306C01019,15049,ENEDEV,ENERGY DEVELOPMENT COMPANY LTD
454,456,SILVERTUC,INE625X01018,685.65,20.0,INE625X01018,9422,SILTOU,SILVER TOUCH TECHNOLOGIES LTD
455,457,HINDCOPPER,INE531E01026,235.25,20.0,INE531E01026,17939,HINCOP,HINDUSTAN COPPER LIMITED
456,458,TRIDENT,INE064C01022,36.1,20.0,INE064C01022,9685,TRILTD,TRIDENT LTD
458,460,DAMODARIND,INE497D01022,48.85,20.0,INE497D01022,17541,DAMTHR,DAMODAR INDUSTRIES LIMITED
459,461,SARLAPOLY,INE453D01025,52.7,20.01,INE453D01025,14043,SARPER,SARLA PERFORMANCE FIBERS LTD
460,462,AUBANK,INE949L01017,774.6,20.0,INE949L01017,21238,AUSMA,AU SMALL FINANCE BANK LTD
461,463,TIDEWATER,INE484C01030,1425.85,20.0,INE484C01030,14019,TIDWAT,TIDE WATER OIL (INDIA) LTD
463,465,MOREPENLAB,INE083A01026,49.95,20.0,INE083A01026,2259,MORLAB,MOREPEN LABORATORIES LIMITED
464,466,SDL24BEES,INF204KB18W4,117.76,20.0,INF204KB18W4,1143,NIFCP,NIPPON IND ETF NIFTY CPSE 2024
466,468,KDDL,INE291D01011,2827.75,20.0,INE291D01011,14908,KAMDIA,KDDL LIMITED
467,469,IIFLSEC,INE489L01022,144.6,20.01,INE489L01022,13072,IIFSEC,IIFL SECURITIES LIMITED
468,470,SHYAMCENT,INE979R01011,20.3,20.0,INE979R01011,10188,SHYCEN,SHYAM CENTURY FERROUS LIMITED
469,471,SAH,INE035801013,129.4,20.0,INE035801013,13689,SAHPOL,SAH POLYMERS LIMITED
470,472,CREST,INE559D01011,292.65,20.37,INE559D01011,13900,CREVEN,CREST VENTURES LIMITED
471,473,AAATECH,INE0D0U01013,82.85,20.36,INE0D0U01013,557,AAATEC,AAA TECHNOLOGIES LIMITED
472,474,UPL,INE628A01036,583.2,9.69,INE628A01036,11287,UNIP,UPL LIMITED
474,476,MARKSANS,INE750C01026,159.75,20.0,INE750C01026,10579,MARPHA,MARKSANS PHARMA LIMITED
475,477,SAREGAMA,INE979A01025,369.7,20.0,INE979A01025,4892,SAREIN,SAREGAMA INDIA LIMITED
476,478,SHIVAMAUTO,INE637H01024,39.75,22.09,INE637H01024,13756,SHIAUT,SHIVAM AUTOTECH LIMITED
477,479,LINC,INE802B01019,659.35,20.0,INE802B01019,6951,LINPEN,LINC LIMITED
478,480,INDOBORAX,INE803D01021,212.75,20.0,INE803D01021,8614,INDBOR,INDO BORAX & CHEMICALS LTD
479,481,AETHER,INE0BWX01014,882.7,20.0,INE0BWX01014,9810,AETIND,AETHER INDUSTRIES LIMITED
480,482,DCAL,INE385W01011,157.9,20.0,INE385W01011,21704,DISCAR,DISHMAN CARBOGEN AMCIS LIMITED
481,483,SHOPERSTOP,INE498B01024,683.55,20.0,INE498B01024,11813,SHOSTO,SHOPPERS STOP LIMITED
482,484,BANARISUG,INE459A01010,2517.45,20.0,INE459A01010,350,BANAMA,BANNARI AMMAN SUGARS LTD
483,485,DSPPVBKETF,INF740KA1TA7,24.81,20.0,INF740KA1TA7,17576,DSPPRI,DSP NIFTY PRIVATE BANK ETF
484,486,HCC,INE549A01026,28.75,26.22,INE549A01026,1375,HINCON,HINDUSTAN CONSTRUCTION CO LTD
485,487,MAXIND,INE0CG601016,159.3,20.0,INE0CG601016,22428,MAXI,MAX INDIA LIMITED
486,488,POLICYBZR,INE417T01026,784.15,20.0,INE417T01026,6656,PBFINT,PB FINTECH LTD POLICYBZR
487,489,SILVRETF,INF769K01KG6,74.28,20.0,INF769K01KG6,16777,MIRSIL,MIRAE ASSET SILVER ETF
488,490,CENTURYPLY,INE348B01021,788.9,20.0,INE348B01021,13305,CENPLY,CENTURY PLYBOARDS (INDIA) LTD
489,491,HDFCLIFE,INE795G01014,643.8,10.23,INE795G01014,467,HDFSTA,HDFC LIFE INSURANCE COM LTD
490,492,BAJAJELEC,INE193E01025,1013.4,20.0,INE193E01025,15034,BAJELE,BAJAJ ELECTRICALS LIMITED
491,493,CLSEL,INE419D01026,235.4,20.0,INE419D01026,3482,CHASET,CHAMAN LAL SETIA EXPORTS LTD
492,494,NELCO,INE045B01015,803.5,20.0,INE045B01015,2388,NELCO,NELCO LIMITED
493,495,RSYSTEMS,INE411H01032,563.0,20.0,INE411H01032,13414,RSYSTE,R SYSTEMS INTERNATIONAL LTD
494,496,ATULAUTO,INE951D01028,577.6,21.06,INE951D01028,30023,ATUAUT,ATUL AUTO LIMITED
495,497,NETF,INF277K015R5,228.46,6.54,INF277K015R5,7838,TATNIF,TATA NIFTY ETF
496,498,ECLERX,INE738I01010,2595.5,20.0,INE738I01010,15179,ECLSER,ECLERX SERVICES LIMITED
497,499,HIKAL,INE475B01022,311.35,20.0,INE475B01022,9668,HIKCHE,HIKAL LIMITED
498,500,NAUKRI,INE663F01024,5154.3,20.0,INE663F01024,13751,INFEDG,INFO EDGE (INDIA) LIMITED
499,501,APARINDS,INE372A01015,5796.35,20.0,INE372A01015,11491,APAIND,APAR INDUSTRIES LIMITED
500,502,TRITURBINE,INE152M01016,414.5,20.0,INE152M01016,25584,TRITUR,TRIVENI TURBINE LIMITED
501,503,SOUTHBANK,INE683A01023,26.65,20.0,INE683A01023,5948,SOUBAN,SOUTH INDIAN BANK LTD
502,504,HOMEFIRST,INE481N01025,960.7,20.0,INE481N01025,2056,HOMFIR,HOME FIRST FINANCE COMPANY IND
503,505,PUNJABCHEM,INE277B01014,1257.35,20.0,INE277B01014,4344,PUNCHE,PUNJAB CHEMICALS AND CROP PROT
504,506,HARDWYN,INE626Z01029,39.9,20.54,INE626Z01029,8962,GARIND,HARDWYN INDIA LIMITED
505,507,KRITI,INE479D01038,115.4,20.0,INE479D01038,6417,KRIIND,KRITI INDUSTRIES (INDIA) LTD
506,508,ALOKINDS,INE270A01029,21.5,21.76,INE270A01029,17675,ALOIND,ALOK INDUSTRIES LIMITED
507,509,SHARIABEES,INF732E01128,487.59,20.0,INF732E01128,17044,SHAETF,NIPPON INDIA ETF SHARIAH BEES
508,510,LTFOODS,INE818H01020,201.35,20.0,INE818H01020,13816,LTOVER,LT FOODS LIMITED
509,511,NILKAMAL,INE310A01015,2224.45,20.0,INE310A01015,2421,NILLIM,NILKAMAL LIMITED
510,512,HCL-INSYS,INE236A01020,21.2,20.0,INE236A01020,1327,HCLINF,HCL INFOSYSTEMS LTD
511,513,EVERESTIND,INE295A01018,1303.5,20.0,INE295A01018,993,ETEEVE,EVEREST INDUSTRIES LIMITED
513,515,DENORA,INE244A01016,1535.5,24.31,INE244A01016,4279,DENOR,DE NORA INDIA LIMITED
514,516,GREENPOWER,INE999K01014,21.7,23.6,INE999K01014,20110,ORIGRE,ORIENT GREEN POWER COMPANY LIM
515,517,BODALCHEM,INE338D01028,83.4,20.0,INE338D01028,25017,BODCHE,BODAL CHEMICALS LTD
516,518,PEL,INE140A01024,912.2,20.0,INE140A01024,2412,PIRENT,PIRAMAL ENTERPRISES LIMITED
517,519,COMPUSOFT,INE453B01029,30.4,100.0,INE453B01029,31138,COMSOF,COMPUCOM SOFTWARE LT
518,520,GMMPFAUDLR,INE541A01023,1586.25,20.0,INE541A01023,1570,GUJMAC,GMM PFAUDLER LTD
519,521,AEROFLEX,INE024001021,147.85,20.0,INE024001021,18268,AERIND,AEROFLEX INDUSTRIES LIMITED
520,522,DBOL,INE0I3401014,149.75,20.0,INE0I3401014,10893,DHABIO,DHAMPUR BIO ORGANICS LIMITED
521,523,SIKKO,INE112X01017,102.25,100.0,INE112X01017,6218,SIKIND,SIKKO INDUSTRIES LIMITED
522,524,SUMICHEM,INE258G01013,406.8,20.0,INE258G01013,17105,SUMCH,SUMITOMO CHEMICAL INDIA LTD
523,525,APLAPOLLO,INE702C01027,1582.65,20.0,INE702C01027,25780,APLAPO,APL APOLLO TUBES LIMITED
524,526,GOODLUCK,INE127I01024,937.6,20.0,INE127I01024,6125,GOOLUC,GOODLUCK INDIA LIMITED
525,527,PATINTLOG,INE529D01014,19.65,25.79,INE529D01014,15219,PATINT,PATEL INTEGRATED LOGISTICS LTD
526,528,MAWANASUG,INE636A01039,96.3,20.0,INE636A01039,17022,MAWSU,MAWANA SUGARS LIMITED
527,529,LIBERTSHOE,INE557B01019,283.45,20.0,INE557B01019,1994,LIBSHO,LIBERTY SHOES LTD
528,530,JAYNECOIND,INE854B01010,47.0,21.12,INE854B01010,2331,JAYNE,JAYASWAL NECO INDUSTRIES LTD
529,531,KTKBANK,INE614B01018,234.55,20.0,INE614B01018,8054,KARBAN,KARNATAKA BANK LTD
530,532,ORIENTCEM,INE876N01018,250.45,20.0,INE876N01018,30089,ORICEM,ORIENT CEMENT LIMITED
531,533,RAYMOND,INE301A01014,1730.45,20.0,INE301A01014,2859,RAYMON,RAYMOND LIMITED
532,534,POLYPLEX,INE633B01018,1066.05,20.0,INE633B01018,2687,POLCOR,POLYPLEX CORPORATION LTD
533,535,MUNJALSHOW,INE577A01027,148.8,20.0,INE577A01027,2307,MUNSHO,MUNJAL SHOWA LTD
534,536,KOPRAN,INE082A01010,247.55,22.32,INE082A01010,1919,KOPRAN,KOPRAN LTD
535,537,BOMDYEING,INE032A01023,152.05,20.0,INE032A01023,513,BOMDYE,BOMBAY DYEING & MFG CO LTD
536,538,SENSEXETF,INF769K01KT9,71.96,9.49,INF769K01KT9,19224,MIRSEN,MIRAE ASSET S&P BSE SENSEX ETF
537,539,GIPCL,INE162A01010,175.05,20.0,INE162A01010,1145,GUJIP,GUJARAT INDUSTRIES POWER CO L
539,541,STEELXIND,INE503B01021,10.7,21.76,INE503B01021,21339,STEEXC,STEEL EXCHANGE INDIA LTD
540,542,TRIVENI,INE256C01024,336.45,20.0,INE256C01024,13081,TRIENG,TRIVENI ENGINEERING & INDUSTRI
541,543,VAKRANGEE,INE051B01021,18.85,20.96,INE051B01021,13342,VAKRAN,VAKRANGEE LIMITED
542,544,IFBAGRO,INE076C01018,480.2,20.0,INE076C01018,1482,IFBAGR,IFB AGRO INDUSTRIES LTD
543,545,PSPPROJECT,INE488V01015,771.9,20.0,INE488V01015,20877,PSPPRO,PSP PROJECTS LIMITED
544,546,JASH,INE039O01011,1572.85,20.0,INE039O01011,13982,JASENG,JASH ENGINEERING LIMITED
546,548,MASTEK,INE759A01021,2808.2,20.0,INE759A01021,2124,MASTEK,MASTEK LIMITED
547,549,CARTRADE,INE290S01011,725.9,20.0,INE290S01011,5407,CARTEC,CARTRADE TECH LIMITED
548,550,PERSISTENT,INE262H01013,7395.8,20.0,INE262H01013,18365,PERSYS,PERSISTENT SYSTEMS LIMITED
549,551,LODHA,INE670K01029,968.05,20.0,INE670K01029,3220,MACDEV,MACROTECH DEVELOPERS LIMITED
550,552,RADICO,INE944F01028,1651.45,20.0,INE944F01028,10990,RADKHA,RADICO KHAITAN LTD
552,554,PANACEABIO,INE922B01023,169.05,20.0,INE922B01023,4055,PANBIO,PANACEA BIOTEC LTD
553,555,HARRMALAYA,INE544A01019,180.75,20.0,INE544A01019,1313,HARMAL,HARRISONS MALAYALAM LIMITED
554,556,RTNINDIA,INE834M01019,76.2,23.87,INE834M01019,27297,RATINF,RATTANINDIA ENTERPRISES LTD
555,557,GALAXYSURF,INE600K01018,2673.35,20.0,INE600K01018,1315,GALSUR,GALAXY SURFACTANTS LIMITED
556,558,VASCONEQ,INE893I01013,70.9,22.09,INE893I01013,18110,VASENG,VASCON ENGINEERS LIMITED
557,559,NURECA,INE0DSF01015,441.35,20.79,INE0DSF01015,2350,NURLIM,NURECA LIMITED
559,561,DSPSILVETF,INF740KA1RE3,73.33,20.0,INF740KA1RE3,10761,DSPSIL,DSP SILVER ETF
560,562,BALAXI,INE618N01014,431.4,20.0,INE618N01014,11309,ANARUB,BALAXI PHARMACEUTICALS LIMITED
562,564,CHEMFAB,INE783X01023,382.05,20.0,INE783X01023,2799,CHEALK,CHEMFAB ALKALIES LTD
563,565,HBLPOWER,INE292B01021,452.8,23.03,INE292B01021,13966,HBLPOW,HBL POWER SYSTEMS LIMITED
564,566,APCL,INE071F01012,213.7,20.0,INE071F01012,20453,ANJPO,ANJANI PORTLAND CEMENT LTD
565,567,NATCOPHARM,INE987B01026,801.75,20.0,INE987B01026,3918,NATPHA,NATCO PHARMA LIMITED
566,568,BANDHANBNK,INE545U01014,238.0,20.0,INE545U01014,2263,BANBAN,BANDHAN BANK LIMITED
568,570,HDFCNIFIT,INF179KC1DX1,362.42,20.0,INF179KC1DX1,12101,HDFCIT,HDFC NIFTY IT ETF
569,571,MGL,INE002S01010,1183.05,20.0,INE002S01010,17534,MAHGAS,MAHANAGAR GAS LIMITED
570,572,MAHABANK,INE457A01014,45.5,20.0,INE457A01014,11377,BANMAH,BANK OF MAHARASHTRA
571,573,GODREJIND,INE233A01035,706.3,20.0,INE233A01035,10925,GODIND,GODREJ INDUSTRIES LIMITED
572,574,SHRIRAMFIN,INE721A01013,2049.9,20.0,INE721A01013,4306,SHRTRA,SHRIRAM FINANCE LIMITED
573,575,FEDERALBNK,INE171A01029,154.0,20.0,INE171A01029,1023,FEDBAN,FEDERAL BANK LTD
574,576,LLOYDSENGG,INE093R01011,43.35,26.63,INE093R01011,17801,LLOST,LLOYDS ENGINEERINGWORKS LTD
575,577,DOLLAR,INE325C01035,450.4,20.0,INE325C01035,20560,DOLIN,DOLLAR INDUSTRIES LIMITED
576,578,WHEELS,INE715A01015,701.35,20.0,INE715A01015,3766,WHEIND,WHEELS INDIA LTD
577,579,BFUTILITIE,INE243D01012,604.6,20.0,INE243D01012,14567,BFUTI,BF UTILITIES LIMITED
578,580,TRIL,INE763I01026,219.1,27.41,INE763I01026,15174,TRAREC,TRANSFORMERS AND RECTIFIERS (I
579,581,DIAMINESQ,INE591D01014,568.25,20.0,INE591D01014,18644,DIACHE,DIAMINES & CHEMICALS LTD
581,583,ONWARDTEC,INE229A01017,628.05,22.82,INE229A01017,2481,ONWTEC,ONWARD TECHNOLOGIES LTD
583,585,BOROLTD,INE02PY01013,337.05,20.0,INE02PY01013,19401,BORLIM,BOROSIL LIMITED
584,586,HDFCSILVER,INF179KC1DI2,72.97,20.0,INF179KC1DI2,10876,HDFSIL,HDFC SILVER ETF
585,587,ALKYLAMINE,INE150B01039,2522.65,20.0,INE150B01039,4487,ALKAMI,ALKYL AMINES CHEMICALS LIMITED
586,588,PETRONET,INE347G01014,216.3,20.0,INE347G01014,11351,PETLNG,PETRONET LNG LIMITED
587,589,LAXMIMACH,INE269B01029,13338.0,20.0,INE269B01029,1979,LAKMAC,LAKSHMI MACHINE WORKS LIMITED
588,590,ESCORTS,INE042A01014,2956.7,20.0,INE042A01014,958,ESCORT,ESCORTS KUBOTA LIMITED
589,591,ORBTEXP,INE231G01010,176.55,20.94,INE231G01010,31475,ORBEXP,ORBIT EXPORTS LTD
590,592,FCL,INE045J01026,371.2,20.0,INE045J01026,6198,FINCHE,FINEOTEX CHEMICAL LIMITED
591,593,BORORENEW,INE666D01022,423.7,20.0,INE666D01022,3149,BORGLA,BOROSIL RENEWABLES LIMITED
592,594,SETFNIF50,INF200KA1FS1,226.14,6.0,INF200KA1FS1,10176,SBINIF,SBI-ETF NIFTY 50
594,596,GREENPANEL,INE08ZM01014,392.2,20.0,INE08ZM01014,13810,GREEI,GREENPANEL INDUSTRIES LIMITED
595,597,ABSLBANETF,INF209KB17D5,48.59,20.0,INF209KB17D5,13987,BIRBAN,ADITYA BIRLA SL NIFTY BANK ETF
596,598,NOCIL,INE163A01018,276.3,20.0,INE163A01018,2442,NOCIL,NOCIL LIMITED
597,599,CGPOWER,INE067A01029,458.15,20.0,INE067A01029,760,CROGRE,CG POWER AND IND SOLUTIONS LTD
598,600,TARC,INE0EK901012,138.3,20.0,INE0EK901012,1581,ANARA,TARC LIMITED
599,601,AUTOIETF,INF109KC1Y49,184.73,20.0,INF109KC1Y49,7844,ICIAUT,ICICI PRU NIFTY AUTO ETF
600,602,SELAN,INE818A01017,490.9,20.0,INE818A01017,13598,SELEXP,SELAN EXPLORATION TECHNOLOGY L
601,603,RUBYMILLS,INE301D01026,235.1,20.0,INE301D01026,2939,RUBMIL,RUBY MILLS LTD
602,604,SPCENET,INE970N01027,30.25,21.47,INE970N01027,19372,SPAENT,SPACENET ENTERPRISES INDIA LTD
603,605,ACLGATI,INE152B01027,124.25,20.0,INE152B01027,13688,GATLIM,GATI LIMITED
604,606,DIAMONDYD,INE393P01035,1051.65,20.0,INE393P01035,21840,PRASNA,PRATAAP SNACKS LIMITED
605,607,TCPLPACK,INE822C01015,2253.9,20.0,INE822C01015,184,TWEFIR,TCPL PACKAGING LIMITED
607,609,GTPL,INE869I01013,191.55,20.0,INE869I01013,21195,GTPHAT,GTPL HATHWAY LIMITED
608,610,CHOLAFIN,INE121A01024,1253.2,20.0,INE121A01024,685,CHOINV,CHOLAMANDALAM INVESTMENT AND F
609,611,MONARCH,INE903D01011,439.55,21.02,INE903D01011,7679,NETSTO,MONARCH NETWORTH CAPITAL LTD
610,612,SHARDAMOTR,INE597I01028,1271.55,20.0,INE597I01028,10530,SHAMOT,SHARDA MOTOR INDUSTRIES LTD
611,613,ABSLNN50ET,INF209KB16D7,54.44,6.02,INF209KB16D7,7339,BIRNEX,ADITYA BIR SUNLIF NIF NXT50ETF
612,614,SETFNN50,INF200KA1598,553.81,6.0,INF200KA1598,7353,SBIN50,SBI-ETF NIFTY NEXT 50
613,615,SEQUENT,INE807F01027,117.4,20.0,INE807F01027,14296,SEQSCI,SEQUENT SCIENTIFIC LIMITED
614,616,M&M,INE101A01026,1687.95,9.98,INE101A01026,2031,MAHMAH,MAHINDRA & MAHINDRA LIMITED
615,617,UNOMINDA,INE405E01023,672.3,20.0,INE405E01023,14154,MININD,UNO Minda Limited
616,618,UGARSUGAR,INE071E01023,81.6,20.0,INE071E01023,19578,UGASUG,UGAR SUGAR WORKS LTD
617,619,NACLIND,INE295D01020,74.8,20.0,INE295D01020,20425,NAGAG,NACL INDUSTRIES LIMITED
618,620,AVTNPL,INE488D01021,90.8,20.0,INE488D01021,14008,AVTHOM,AVT NATURAL PRODUCTS LIMITED
619,621,GLOBAL,INE291W01029,307.1,24.54,INE291W01029,1415,GLOEDU,GLOBAL EDUCATION LTD
620,622,RGL,INE722H01024,103.5,20.0,INE722H01024,15129,RENJEL,RENAISSANCE GLOBAL LIMITED
621,623,AWL,INE699H01024,357.9,20.0,INE699H01024,8110,ADAWIL,ADANI WILMAR LIMITED FORTUNE
622,624,MMTC,INE123F01029,60.25,24.98,INE123F01029,17957,MINERA,MMTC LIMITED
623,625,AUTOAXLES,INE449A01011,2158.35,20.0,INE449A01011,278,AUTAXL,AUTOMOTIVE AXLES LIMITED
624,626,ELGIEQUIP,INE285A01027,532.8,20.0,INE285A01027,937,ELGEQU,ELGI EQUIPMENTS LTD
625,627,TOKYOPLAST,INE932C01012,121.75,20.04,INE932C01012,3837,TOKPLA,TOKYO PLAST INTERNATIONAL LTD
626,628,NOIDATOLL,INE781B01015,10.65,100.0,INE781B01015,10786,NOITOL,NOIDA TOLL BRIDGE COMPANY LTD
627,629,MID150BEES,INF204KB1V68,172.73,6.0,INF204KB1V68,8506,REL150,NIPPON IND ETF NIF MIDCAP 150
628,630,RML,INE050H01012,834.25,20.0,INE050H01012,11975,RANMA,RANE (MADRAS) LTD
629,631,FOODSIN,INE976E01023,164.05,20.0,INE976E01023,6673,FOOINN,FOODS & INNS LTD
630,632,SANDUMA,INE149K01016,2704.75,20.0,INE149K01016,18359,SANMAN,SANDUR MANGANESE & IRON ORES L
631,633,SDBL,INE480C01020,284.95,20.0,INE480C01020,1338,SOMDIS,SOM DISTILLERIES & BREWERIES L
632,634,JCHAC,INE782A01015,1102.4,20.0,INE782A01015,4491,HITHOM,JOHNSON CONTROLS HITACHI AIR I
633,635,TIPSFILMS,INE0LQS01015,795.45,100.0,INE0LQS01015,11374,TIPFIL,TIPS FILMS LIMITED
634,636,PGHH,INE179A01014,17484.85,20.0,INE179A01014,2535,PROGAM,PROCTER AND GAMBLE HYGIENE HEA
635,637,SANSERA,INE953O01021,1004.3,20.0,INE953O01021,5751,SANEN,SANSERA ENGINEERING LIMITED
636,638,RPGLIFE,INE105J01010,1366.7,20.0,INE105J01010,16725,RPGLIF,RPG LIFE SCIENCES LIMITED
637,639,HIL,INE557A01011,2801.35,20.0,INE557A01011,1455,HILLTD,HIL LIMITED
639,641,CANBK,INE476A01014,432.5,20.0,INE476A01014,10794,CANBAN,CANARA BANK
640,642,HBSL,INE550B01022,71.35,100.0,INE550B01022,4116,HBSTOC,HB STOCKHOLDINGS LIMITED
641,643,TVSMOTOR,INE494B01023,2013.6,20.0,INE494B01023,8479,TVSMOT,TVS MOTOR COMPANY LIMITED
642,644,PNCINFRA,INE195J01029,350.55,20.0,INE195J01029,9385,PNCINF,PNC INFRATECH
643,645,VISHAL,INE755Q01025,22.6,20.0,INE755Q01025,11773,VISFAB,VISHAL FABRICS LIMITED
644,646,GAEL,INE036B01030,367.75,20.0,INE036B01030,8828,GUJAE,GUJARAT AMBUJA EXPORTS LIMITED
645,647,MUNJALAU,INE672B01032,87.2,20.0,INE672B01032,13511,MUNAUT,MUNJAL AUTO INDUSTRIES LIMITED
646,648,UNICHEMLAB,INE351A01035,412.05,20.0,INE351A01035,3579,UNILAB,UNICHEM LABORATORIES LTD
647,649,ESTER,INE778B01029,88.4,20.0,INE778B01029,24265,ESTIND,ESTER INDUSTRIES LTD
648,650,OMAXAUTO,INE090B01011,65.9,20.0,INE090B01011,10922,OMAAUT,OMAX AUTOS LIMITED
649,651,SRF,INE647A01010,2471.05,20.0,INE647A01010,3273,SRF,SRF LIMITED
650,652,TIPSINDLTD,INE716B01029,347.05,20.0,INE716B01029,9117,TIPIND,TIPS INDUSTRIES LIMITED
651,653,DSPN50ETF,INF740KA1CL0,220.98,8.06,INF740KA1CL0,7451,DSPN50,DSP NIFTY 50 ETF
652,654,GEOJITFSL,INE007B01023,81.8,20.0,INE007B01023,11896,GEOBNP,GEOJIT FINANCIAL SERVICES LTD
653,655,CHALET,INE427F01016,659.2,20.0,INE427F01016,8546,CHAHOT,CHALET HOTELS LIMITED
654,656,BANKINDIA,INE084A01016,110.95,20.0,INE084A01016,4745,BANIND,BANK OF INDIA
655,657,ARIES,INE298I01015,210.4,20.0,INE298I01015,15204,ARIAGR,ARIES AGRO LIMITED
656,658,ZYDUSLIFE,INE010B01027,688.65,20.0,INE010B01027,7929,CADHEA,ZYDUS LIFESCIENCES LIMITED
657,659,GABRIEL,INE524A01029,399.65,20.0,INE524A01029,1085,GABIND,GABRIEL INDIA LTD
658,660,DCMSRIND,INE843D01027,155.25,20.0,INE843D01027,7325,DCMSI,DCM SHRIRAM INDUSTRIES LTD
659,661,ATL,INE0NN701020,53.1,20.0,INE0NN701020,17778,ALLTER,ALLCARGO TERMINALS LTD
660,662,KARURVYSYA,INE036D01028,164.5,20.0,INE036D01028,1838,KARVYS,KARUR VYSYA BANK LTD
661,663,ADANIENT,INE423A01024,2843.35,25.56,INE423A01024,25,ADAENT,ADANI ENTERPRISES LIMITED
662,664,GODFRYPHLP,INE260B01028,2102.45,20.0,INE260B01028,1181,GODPHI,GODFREY PHILLIPS INDIA LIMITED
663,665,EIFFL,INE546V01010,145.15,20.0,INE546V01010,6040,EUROIN,EURO INDIA FRESH FOODS LIMITED
664,666,KOTHARIPRO,INE823A01017,125.7,20.0,INE823A01017,5528,KOTPRO,KOTHARI PRODUCTS LTD
665,667,SATINDLTD,INE065D01027,111.75,20.0,INE065D01027,12015,REGLEA,SAT INDUSTRIES LIMITED
666,668,SBCL,INE386D01027,542.0,20.0,INE386D01027,4656,SHIBIM,SHIVALIK BIMETAL CONTROLS LTD
667,669,SOBHA,INE671H01015,1014.35,20.0,INE671H01015,13826,SOBDEV,SOBHA LIMITED
668,670,DATAMATICS,INE365B01017,731.7,23.27,INE365B01017,11423,DATGLO,DATAMATICS GLOBAL SERVICES LIM
669,671,PGHL,INE199A01012,4943.4,20.0,INE199A01012,940,MERLIM,PROCTER AND GAMBLE HEALTH LTD
670,672,PAYTM,INE982J01020,634.85,20.0,INE982J01020,6705,ONE97,ONE 97 COMMUNICATIONS PAYTM
671,673,CDSL,INE736A01011,1855.05,20.0,INE736A01011,21174,CDSL,CENTRAL DEPOSITORY SER IND LTD
672,674,MUTHOOTFIN,INE414G01012,1477.2,20.0,INE414G01012,23650,MUTFIN,MUTHOOT FINANCE LIMITED
673,675,GARFIBRES,INE276A01018,3365.45,20.0,INE276A01018,1100,GARWAL,GARWARE TECHNICAL FIBRES LTD
674,676,HDFCVALUE,INF179KC1DK8,117.98,20.0,INF179KC1DK8,11260,HDFV20,HDFC NIFTY50 VALUE 20 ETF
675,677,MAHLIFE,INE813A01018,538.5,20.0,INE813A01018,8050,MAHLIF,MAHINDRA LIFESPACE DEVELOPERS
676,678,JKTYRE,INE573A01042,376.6,20.0,INE573A01042,14435,JKTYRE,JK TYRE AND INDUSTRIES LIMITED
677,679,NAHARSPING,INE290A01027,284.1,20.0,INE290A01027,14440,NAHSPI,NAHAR SPINNING MILLS LTD
678,680,UBL,INE686F01025,1707.45,20.0,INE686F01025,16713,UNIBR,UNITED BREWERIES LTD
680,682,WESTLIFE,INE274F01020,803.1,20.0,INE274F01020,11580,WESDEV,WESTLIFE FOODWORLD LIMITED
681,683,BFINVEST,INE878K01010,541.75,21.2,INE878K01010,21113,BFINV,BF INVESTMENT LIMITED
682,684,COFORGE,INE591G01017,6299.4,20.0,INE591G01017,11543,NIITEC,COFORGE LIMITED
683,685,IRISDOREME,INE01GN01025,79.0,20.0,INE01GN01025,2275,IRICLO,IRIS CLOTHINGS LIMITED
684,686,HNGSNGBEES,INF204KB19I1,249.46,8.2,INF204KB19I1,18284,HANBEE,NIPPON INDIA ETF HANGSENG BEES
685,687,AAVAS,INE216P01012,1488.65,20.0,INE216P01012,5385,AAVFIN,AAVAS FINANCIERS LIMITED
686,688,ENGINERSIN,INE510A01028,162.45,20.0,INE510A01028,4907,ENGIND,ENGINEERS INDIA LTD
687,689,KELLTONTEC,INE164B01022,101.35,20.0,INE164B01022,13430,KELTEC,KELLTON TECH SOLUTIONS LIMITED
688,690,SANGHIIND,INE999B01013,127.95,20.0,INE999B01013,2997,SANGHI,SANGHI INDUSTRIES LTD
690,692,AFFLE,INE00WC01027,1217.7,20.0,INE00WC01027,11343,AFFIND,AFFLE INDIA LIMITED
691,693,VAIBHAVGBL,INE884A01027,402.2,20.0,INE884A01027,11364,VAIGLO,VAIBHAV GLOBAL LIMITED
692,694,WSTCSTPAPR,INE976A01021,732.3,20.0,INE976A01021,3799,WESCOA,WEST COAST PAPER MILLS LIMITED
693,695,KPRMILL,INE930H01031,820.25,20.0,INE930H01031,14912,KPRMIL,KPR MILL LTD
694,696,EMKAY,INE296H01011,135.9,100.0,INE296H01011,13421,EMKGLO,EMKAY GLOBAL FINANCIAL SERVICE
695,697,CONSOFINVT,INE025A01027,331.75,21.66,INE025A01027,11731,JINPHO,CONSOLIDATED FINVEST & HOLDING
696,698,TVSHLTD,INE105A01035,7300.3,20.0,INE105A01035,29008,SUNCLA,TVS HOLDINGS LIMITED
697,699,TALBROAUTO,INE187D01029,300.2,100.0,INE187D01029,13648,TALAUT,TALBROS AUTOMOTIVE COMPONENTS
698,700,CYIENTDLM,INE055S01018,664.7,20.0,INE055S01018,17187,CYIDLM,CYIENT DLM LIMITED
699,701,TFCILTD,INE305A01015,131.65,21.09,INE305A01015,3466,TOUFIN,TOURISM FINANCE CORPN OF INDI
700,702,MHRIL,INE998I01010,375.8,20.0,INE998I01010,17333,MAHHOL,MAHINDRA HOLIDAYS & RESORTS IN
702,704,BSHSL,INE032Z01020,268.55,20.91,INE032Z01020,809,BOMSUP,BOMBAY SUPER HYBRID SEEDS LTD
703,705,EIHAHOTELS,INE276C01014,451.3,20.0,INE276C01014,15399,EIHASS,EIH ASSOCIATED HOTELS LIMITED
704,706,ONGC,INE213A01029,205.55,10.33,INE213A01029,2475,ONGC,OIL AND NATURAL GAS CORPORATIO
705,707,KOTAKNV20,INF174K01Z71,135.3,20.0,INF174K01Z71,11457,KOTN20,KOTAK NIFTY 50 VALUE 20 ETF
707,709,GODREJCP,INE102D01028,1103.45,20.0,INE102D01028,10099,GODCON,GODREJ CONSUMER PRODUCTS LTD
708,710,ZODIACLOTH,INE206B01013,128.45,20.0,INE206B01013,3821,ZODCLO,ZODIAC CLOTHING CO. LTD.
709,711,LGBBROSLTD,INE337A01034,1277.75,20.0,INE337A01034,18321,LGBALA,L G BALKRISHNAN & BROS LTD
710,712,ANGELONE,INE732I01013,3316.55,20.0,INE732I01013,324,ANGBRO,ANGEL ONE LIMITED
711,713,MOGSEC,INF247L01AK4,53.9,10.0,INF247L01AK4,1507,MOTGSC,MOTILAL OSWAL 5 YEAR G SEC ETF
712,714,ZFCVINDIA,INE342J01019,15463.6,20.0,INE342J01019,16915,WABIND,ZF COMMERCIAL VEHICLE CONTROL
713,715,HITECHCORP,INE120D01012,259.25,20.0,INE120D01012,15161,HITPLA,HITECH CORPORATION LIMITED
714,716,HEROMOTOCO,INE158A01026,4064.3,9.83,INE158A01026,1348,HERHON,HERO MOTOCORP LIMITED
715,717,IONEXCHANG,INE570A01022,576.5,20.0,INE570A01022,1630,IONEXC,ION EXCHANGE (INDIA) LTD
716,718,DHARMAJ,INE00OQ01016,268.45,20.0,INE00OQ01016,13001,DHCGU,DHARMAJ CROP GUARD LIMITED
717,719,GODREJPROP,INE484J01027,2005.35,20.0,INE484J01027,17875,GODPRO,GODREJ PROPERTIES LIMITED
718,720,JPASSOCIAT,INE455F01025,20.0,29.19,INE455F01025,11460,JAIASS,JAIPRAKASH ASSOCIATES LIMITED
719,721,SBIETFCON,INF200KA1X17,95.88,20.0,INF200KA1X17,5168,SBICON,SBI ETF CONSUMPTION
720,722,RBA,INE07T201019,110.15,20.0,INE07T201019,1494,BURKIN,RESTAURANT BRANDS ASIA LIMITED
721,723,EVEREADY,INE128A01029,345.15,20.0,INE128A01029,11782,EVEIND,EVEREADY INDUSTRIES INDIA LTD
722,724,IGL,INE203G01027,410.75,20.0,INE203G01027,11262,INDGAS,INDRAPRASHTHA GAS LTD
723,725,TREL,INE0O3901029,47.4,20.0,INE0O3901029,17795,TRAREA,TRANSINDIA REALTY LOGISTIC LTD
724,726,GICRE,INE481Y01014,313.7,20.0,INE481Y01014,277,GIC,GENERAL INSURANCE CORP INDIA
725,727,KOTHARIPET,INE720A01015,148.1,23.07,INE720A01015,4594,KOTPET,KOTHARI PETROCHEMICALS LIMITED
726,728,DPWIRES,INE864X01013,593.6,20.0,INE864X01013,16900,DPWIR,D P WIRES LIMITED
727,729,APOLLOHOSP,INE437A01024,5687.45,10.27,INE437A01024,157,APOHOS,APOLLO HOSPITALS ENTERPRISES L
728,730,IPL,INE0D6701023,371.9,20.0,INE0D6701023,4934,INDPES,INDIA PESTICIDES LIMITED
729,731,NAHARPOLY,INE308A01027,228.15,20.0,INE308A01027,14445,NAHPOL,NAHAR POLYFILMS LTD
730,732,KEC,INE389H01022,590.05,20.0,INE389H01022,13260,KECIN,KEC INTERNATIONAL LTD (FORMER
731,733,SAIL,INE114A01011,115.45,20.0,INE114A01011,2963,SAIL,STEEL AUTHORITY OF INDIA LTD
732,734,SPIC,INE147A01011,76.5,20.0,INE147A01011,3252,SPIC,SOUTHERN PETROCHEMICAL INDUSTR
733,735,KSOLVES,INE0D6I01015,1188.9,20.0,INE0D6I01015,11067,KSOIND,KSOLVES INDIA LIMITED
734,736,MASFIN,INE348L01012,860.2,20.0,INE348L01012,199,MASFIN,MAS FINANCIAL SERVICES LIMITED
736,738,LICHSGFIN,INE115A01026,523.95,20.0,INE115A01026,1997,LICHF,LIC HOUSING FINANCE LIMITED
737,739,INDIGO,INE646L01027,2927.5,20.0,INE646L01027,11195,INTAVI,INTERGLOBE AVIATION LIMITED
738,740,TATASTEEL,INE081A01020,137.2,10.94,INE081A01020,3499,TATSTE,TATA STEEL LIMITED
739,741,NSIL,INE023A01030,3286.25,20.0,INE023A01030,11239,NALSON,NALWA SONS INVESTMENT LTD
741,743,IDBI,INE008A01015,65.95,20.0,INE008A01015,1476,IDBI,IDBI BANK LIMITED
742,744,WORTH,INE196Y01018,111.65,20.0,INE196Y01018,22277,WORPER,WORTH PERIPHERALS LIMITED
743,745,REPL,INE364Z01019,200.0,20.0,INE364Z01019,1480,RUDENT,RUDRABHISHEK ENTERPRISES LTD
744,746,MOHEALTH,INF247L01BB1,31.41,20.0,INF247L01BB1,10508,MOTHEA,MOTILAL OSWAL HEALTH ETF
746,748,ZENSARTECH,INE520A01027,627.25,20.0,INE520A01027,1076,ZENTE,ZENSAR TECHNOLOGIES LIMITED
747,749,SUPERHOUSE,INE712B01010,256.95,20.0,INE712B01010,20616,SUPLIM,SUPERHOUSE LIMITED
748,750,AXISGOLD,INF846K01W80,53.85,20.0,INF846K01W80,20532,AXIGOL,AXIS Gold ETF
749,751,SMSPHARMA,INE812G01025,119.7,20.0,INE812G01025,14329,SMSPHA,SMS PHARMACEUTICALS LTD
750,752,FIEMIND,INE737H01014,2092.15,20.0,INE737H01014,13710,FIEIND,FIEM INDUSTRIES LIMITED
751,753,MEDPLUS,INE804L01022,725.05,20.0,INE804L01022,7254,MEDHEA,MEDPLUS HEALTH SERVICES
752,754,CARYSIL,INE482D01024,855.0,20.0,INE482D01024,1879,ACRIN,CARYSIL LIMITED
753,755,YATHARTH,INE0JO301016,380.5,20.0,INE0JO301016,17738,YATHOS,YATHARTH HOSPITAL TRAUMA LTD
754,756,OSWALAGRO,INE142A01012,33.25,20.47,INE142A01012,2514,OSWAGR,OSWAL AGRO MILLS LTD
755,757,PIXTRANS,INE751B01018,1346.0,20.0,INE751B01018,9087,PIXTRA,PIX TRANSMISSIONS LTD
756,758,ANDHRSUGAR,INE715B01021,110.45,20.0,INE715B01021,136,ANDSUG,THE ANDHRA SUGARS LIMITED
757,759,SHK,INE500L01026,145.35,20.0,INE500L01026,11212,SHKEL,S H KELKAR AND COMPANY LIMITED
758,760,NUVOCO,INE118D01016,388.75,20.0,INE118D01016,5426,NUVVIS,NUVOCO VISTAS CORPORATION LTD
759,761,CUB,INE491A01021,147.95,20.0,INE491A01021,5701,CITUNI,CITY UNION BANK LTD
760,762,MEP,INE776I01010,15.35,23.77,INE776I01010,8771,MEPINF,MEP INFRASTRUCTURE DEV LTD
761,763,AGSTRA,INE583L01014,92.85,20.0,INE583L01014,7927,AGSTRA,AGS TRANSACT TECHNOLOGIES LTD
762,764,MIDSELIETF,INF109KB1XT3,138.04,11.51,INF109KB1XT3,17702,ICIMID,ICICI PRU MIDCAP SELECT ETF
763,765,PEARLPOLY,INE844A01013,32.9,26.15,INE844A01013,2610,PEAPOL,PEARL POLYMERS LTD
764,766,FIVESTAR,INE128S01021,704.75,20.0,INE128S01021,12032,FIVSTA,FIVE STAR BUSINESS FINANCE LTD
765,767,SAGCEM,INE229C01021,256.05,20.0,INE229C01021,14068,SAGCEM,SAGAR CEMENTS LTD
766,768,UTKARSHBNK,INE735W01017,52.1,20.0,INE735W01017,17358,UTKSMA,UTKARSH SMALL FIN LTD
767,769,MENONBE,INE071D01033,134.05,20.0,INE071D01033,6961,MENBEA,MENON BEARINGS LTD
768,770,JINDWORLD,INE247D01039,302.35,20.0,INE247D01039,20642,JINWOR,JINDAL WORLDWIDE LIMITED
769,771,RVNL,INE415G01027,177.8,21.24,INE415G01027,9552,RAIVIK,RAIL VIKAS NIGAM LIMITED
770,772,SATIN,INE836B01017,244.7,20.0,INE836B01017,10453,SATCRE,SATIN CREDITCARE NETWORK LTD
771,773,DHANBANK,INE680A01011,29.5,20.0,INE680A01011,11359,DHABAN,DHANLAXMI BANK LIMITED
772,774,SUMMITSEC,INE519C01017,1301.0,20.0,INE519C01017,21275,SUMSEC,SUMMIT SECURITIES LIMITED
773,775,BAJAJFINSV,INE918I01026,1669.45,10.16,INE918I01026,16675,BAFINS,BAJAJ FINSERV LIMITED
774,776,AURUM,INE898S01029,129.55,20.0,INE898S01029,10310,MAJLIM,AURUM PROPTECH LIMITED
775,777,NEULANDLAB,INE794A01010,5289.7,21.68,INE794A01010,2406,NEULAB,NEULAND LABORATORIES LIMITED
776,778,BEML,INE258A01016,2867.6,20.0,INE258A01016,395,BEML,BEML LIMITED
777,779,GPPL,INE517F01014,145.7,20.0,INE517F01014,19731,GUJPPL,GUJARAT PIPAVAV PORT LIMITED
778,780,SUNDARMFIN,INE660A01013,3596.6,20.0,INE660A01013,3339,SUNFIN,SUNDARAM FINANCE LTD
779,781,JINDALPOLY,INE197D01010,636.25,20.0,INE197D01010,1756,JINPOL,JINDAL POLY FILMS LTD
780,782,EBBETF0425,INF754K01LD3,1173.36,20.0,INF754K01LD3,22243,BHABO3,BHARAT BOND ETF APRIL 2025
781,783,KUANTUM,INE529I01021,172.85,20.0,INE529I01021,13870,KAUPAP,KUANTUM PAPERS LTD
782,784,RBLBANK,INE976G01028,262.75,20.0,INE976G01028,18391,RBLBAN,RBL BANK LIMITED
783,785,HEALTHY,INF209KB10C2,10.65,20.0,INF209KB10C2,6297,ADIHEA,ADITYA BIR SUN  NIF HEALTH ETF
784,786,FINOPB,INE02NC01014,261.7,20.0,INE02NC01014,6579,FINPA,FINO PAYMENTS BANK LIMITED
785,787,OLECTRA,INE260D01016,1253.0,20.48,INE260D01016,10637,GOLTEL,OLECTRA GREENTECH LIMITED
786,788,JAYBARMARU,INE571B01036,104.05,20.0,INE571B01036,1708,JAYMAR,JAY BHARAT MARUTI LTD
787,789,MINDACORP,INE842C01021,382.75,20.0,INE842C01021,25897,MINCOR,MINDA CORPORATION LTD
788,790,LUMAXIND,INE162B01018,2493.25,20.0,INE162B01018,2018,LUMIND,LUMAX INDUSTRIES LTD
789,791,VINATIORGA,INE410B01037,1758.45,20.0,INE410B01037,17364,VINORG,VINATI ORGANICS LIMITED
790,792,RELIANCE,INE002A01018,2586.85,9.0,INE002A01018,2885,RELIND,RELIANCE INDUSTRIES
791,793,IMAGICAA,INE172N01012,60.85,23.88,INE172N01012,7672,ADLENT,IMAGICAAWORLD ENTERTAINMEN LTD
792,794,ANURAS,INE930P01018,1011.6,20.0,INE930P01018,2829,ANURAS,ANUPAM RASAYAN INDIA LIMITED
794,796,AHLUCONT,INE758C01029,789.85,20.0,INE758C01029,17833,AHLCON,AHLUWALIA CONTRACTS (INDIA) LT
795,797,TTL,INE592B01016,100.5,20.0,INE592B01016,14314,TT,T T LIMITED
796,798,SIGNATURE,INE903U01023,843.8,20.0,INE903U01023,18743,SIGI,SIGNATUREGLOBAL INDIA LTD
797,799,DEEPAKFERT,INE501A01019,677.75,20.0,INE501A01019,827,DEEFER,DEEPAK FERTILIZERS &PETROCHEMI
798,800,MVGJL,INE0KNT01012,334.0,20.0,INE0KNT01012,19015,MANVAI,MANOJ VAIBHAV GEMS JEW LTD
799,801,HAPPSTMNDS,INE419U01012,902.8,20.0,INE419U01012,48,HAPMIN,HAPPIEST MINDS TECHNOLOGIES
800,802,UNIPARTS,INE244O01017,572.5,20.0,INE244O01017,13057,UNIND,UNIPARTS INDIA LIMITED
801,803,SFL,INE916U01025,1218.35,20.0,INE916U01025,19184,SHEFOA,SHEELA FOAM LIMITED
802,804,WELSPUNLIV,INE192B01031,143.45,20.0,INE192B01031,11253,WELIND,WELSPUN INDIA LTD
803,805,IWEL,INE0FLR01028,5017.2,100.0,INE0FLR01028,3776,INOWI,INOX WIND ENERGY LIMITED
804,806,OBCL,INE426Z01016,60.3,22.73,INE426Z01016,8797,ORIBEN,ORISSA BENGAL CARRIER LIMITED
805,807,JOCIL,INE839G01010,227.55,20.0,INE839G01010,16927,JOCLIM,JOCIL LIMITED
806,808,SUVENPHAR,INE03QK01018,697.05,20.0,INE03QK01018,17945,SUVPH,SUVEN PHARMACEUTICALS LIMITED
807,809,KOTAKBANK,INE237A01028,1902.35,9.0,INE237A01028,1922,KOTMAH,KOTAK MAHINDRA BANK LTD
808,810,MOLDTECH,INE835B01035,270.95,24.99,INE835B01035,17625,MOLTEK,MOLD-TEK TECHNOLOGIES LTD
809,811,INFY,INE009A01021,1567.1,9.58,INE009A01021,1594,INFTEC,INFOSYS LTD
810,812,GNA,INE934S01014,439.4,20.0,INE934S01014,18571,GNAAXL,G N A AXLES LIMITED
811,813,LIQUID,INF769K01KS1,999.99,10.0,INF769K01KS1,17572,MIRN1D,Mirae Asset Nif. 1D Liquid ETF
812,814,MOQUALITY,INF247L01BH8,159.95,20.0,INF247L01BH8,10822,MOTQUA,Motilal Os S&P BSE Quality ETF
813,815,RAMCOIND,INE614A01028,216.05,20.0,INE614A01028,4587,RAMIND,RAMCO INDUSTRIES LIMITED
814,816,MAGADSUGAR,INE347W01011,659.65,22.33,INE347W01011,21392,MAGSUG,MAGADH SUGAR & ENERGY LIMITED
815,817,RATNAVEER,INE05CZ01011,119.65,20.0,INE05CZ01011,18423,RATPRE,RATNAVEER PRECISION ENG LTD
816,818,IFBIND,INE559A01017,934.05,20.0,INE559A01017,1485,IFBIND,IFB INDUSTRIES LIMITED
817,819,MANAKALUCO,INE859Q01017,24.45,20.79,INE859Q01017,7420,MANAL,MANAKSIA ALUMINIUM COMPANY LTD
818,820,SHAREINDIA,INE932X01018,1842.35,20.0,INE932X01018,104,SHARIN,SHARE INDIA SECURITIES LTD
819,821,DHANUKA,INE435G01025,1081.85,20.0,INE435G01025,24409,DHAAG,DHANUKA AGRITECH LIMITED
820,822,SHANKARA,INE274V01019,718.2,20.0,INE274V01019,20321,SHABUI,SHANKARA BUILDING PRODUCTS LTD
821,823,LATENTVIEW,INE0I7C01011,453.1,20.0,INE0I7C01011,6818,LATVIE,LATENT VIEW ANALYTICS LIMITED
822,824,VARROC,INE665L01035,550.45,20.0,INE665L01035,3857,VARENG,VARROC ENGINEERING LIMITED
823,825,UDAICEMENT,INE225C01029,31.75,20.0,INE225C01029,7276,UDACEM,UDAIPUR CEMENT WORKS LIMITED
824,826,KANSAINER,INE531A01024,337.55,20.0,INE531A01024,1196,KANNER,KANSAI NEROLAC PAINTS
826,828,SBIN,INE062A01020,648.55,9.19,INE062A01020,3045,STABAN,STATE BANK OF INDIA
827,829,DELTACORP,INE124G01033,147.25,20.0,INE124G01033,15044,DELCOR,DELTA CORP LIMITED
828,830,LINDEINDIA,INE473A01011,5573.9,20.0,INE473A01011,1627,LININ,LINDE INDIA LIMITED
829,831,INDIANCARD,INE061A01014,264.35,20.0,INE061A01014,4422,INDCAR,INDIAN CARD CLOTHING LTD
830,832,AXISBNKETF,INF846K01X63,488.07,20.0,INF846K01X63,1044,AXBETF,AXIS BANKING ETF
831,833,CAMLINFINE,INE052I01032,133.85,20.0,INE052I01032,6216,CAMFIN,CAMLIN FINE SCIENCES LIMITED
832,834,PRESTIGE,INE811K01011,1141.95,20.0,INE811K01011,20302,PREEST,PRESTIGE ESTATES PROJECTS LIMI
833,835,DICIND,INE303A01010,502.8,20.0,INE303A01010,703,DICIND,DIC INDIA LIMITED
834,836,GRASIM,INE047A01021,2124.8,9.0,INE047A01021,1232,GRASIM,GRASIM INDUSTRIES LIMITED
835,837,NHPC,INE848E01016,64.2,20.0,INE848E01016,17400,NHPC,NHPC LIMITED
836,838,SHILPAMED,INE790G01031,359.6,20.0,INE790G01031,17752,SHIME,SHILPA MEDICARE LIMITED
837,839,ARIHANTCAP,INE420B01036,70.65,21.19,INE420B01036,3813,ARICAP,ARIHANT CAPITAL MARKETS LTD
838,840,INTLCONV,INE575C01027,93.1,20.0,INE575C01027,5606,INTCON,INTERNATIONAL CONVEYORS LTD
839,841,DYNPRO,INE256H01015,302.55,20.3,INE256H01015,21314,DYNPRO,DYNEMIC PRODUCTS LIMITED
840,842,NGLFINE,INE887E01022,2038.0,20.0,INE887E01022,10277,NGLFIN,NGL FINE CHEM LIMITED
841,843,TECHM,INE669C01036,1280.15,10.15,INE669C01036,13538,TECMAH,TECH MAHINDRA LIMITED
843,845,REDINGTON,INE891D01026,176.0,20.0,INE891D01026,14255,REDIND,REDINGTON LIMITED
844,846,TAINWALCHM,INE123C01018,145.95,21.66,INE123C01018,3396,TAICHE,TAINWALA CHEMICALS & PLASTICS
845,847,ALKEM,INE540L01014,5075.3,20.0,INE540L01014,11703,ALKLAB,ALKEM LABORATORIES LIMITED
846,848,TNPL,INE107A01015,299.65,20.0,INE107A01015,3980,TAMNEW,TAMIL NADU NEWSPRINT AND PAPER
847,849,NTPC,INE733E01010,306.05,9.35,INE733E01010,11630,NTPC,NTPC LIMITED
848,850,JIOFIN,INE758E01017,234.0,20.0,INE758E01017,18143,JIOFIN,JIO FINANCIAL SERVICES LIMITED
849,851,PIDILITIND,INE318A01026,2699.1,20.0,INE318A01026,2664,PIDIND,PIDILITE INDUSTRIES LTD
850,852,HERITGFOOD,INE978A01027,300.4,20.0,INE978A01027,4598,HERFOO,HERITAGE FOODS LIMITED
851,853,RENUKA,INE087H01022,46.6,20.0,INE087H01022,12026,RENSUG,SHREE RENUKA SUGARS LTD
852,854,GANECOS,INE845D01014,987.85,20.0,INE845D01014,6944,GANECO,GANESHA ECOSPHERE   LIMITED
853,855,NEXT50,INF769K01FN2,533.99,6.0,INF769K01FN2,17181,MIRN50,MIRAE ASSET NIFTY NEXT 50 ETF
854,856,JINDALSAW,INE324A01024,412.45,21.63,INE324A01024,3024,JINSAW,JINDAL SAW LIMITED
855,857,NECLIFE,INE023H01027,33.15,20.11,INE023H01027,11927,NECLIF,NECTAR LIFESCIENCES LIMITED
856,858,LICI,INE0J1Y01017,821.4,20.0,INE0J1Y01017,9480,LIC,LIFE INSURANCE CORP OF IND LIC
857,859,IBULHSGFIN,INE148I01020,215.2,21.41,INE148I01020,30125,INDHO,INDIABULLS HOUSING FINANCE LTD
858,860,UNIENTER,INE037A01022,162.45,20.0,INE037A01022,11293,UNIENT,UNIPHOS ENTERPRISES LIMITED
859,861,PPLPHARMA,INE0DK501011,138.2,20.0,INE0DK501011,11571,PIRPHA,PIRAMAL PHARMA LIMITED
860,862,BLAL,INE0N7W01012,204.2,20.0,INE0N7W01012,15067,BEMLAN,BEML LAND ASSETS LIMITED EQ
861,863,CENTUM,INE320B01020,1367.15,20.33,INE320B01020,14982,CENELE,CENTUM ELECTRONICS LIMITED
862,864,JBCHEPHARM,INE572A01036,1624.65,20.0,INE572A01036,1726,JBCHEM,JB CHEMICALS & PHARMACEUTICA
863,865,PAKKA,INE551D01018,224.0,20.0,INE551D01018,17197,YASPAP,PAKKA LIMITED
864,866,ASTEC,INE563J01010,1112.5,20.0,INE563J01010,17728,ASTLIF,ASTEC LIFESCIENCES LIMITED
865,867,SUNFLAG,INE947A01014,214.1,22.08,INE947A01014,3348,SUNIRO,SUNFLAG IRON STEEL CO LTD
866,868,MITCON,INE828O01033,91.1,20.03,INE828O01033,8469,MITCON,MITCON CONSULTANCY AND ENGG
867,869,SAKHTISUG,INE623A01011,28.65,22.59,INE623A01011,2969,SAKSUG,SAKTHI SUGARS LTD
868,870,LINCOLN,INE405C01035,619.4,20.0,INE405C01035,11596,LINPH,LINCOLN PHARMACEUTICALS LTD
871,873,RELAXO,INE131B01039,896.5,20.0,INE131B01039,24225,RELFOO,RELAXO FOOTWEARS LIMITED
873,875,JAMNAAUTO,INE039C01032,109.5,20.0,INE039C01032,20778,JAMAUT,JAMNA AUTO INDUSTRIES LIMITED
874,876,HINDWAREAP,INE05AN01011,501.25,20.0,INE05AN01011,15883,SOMHOM,HINDWARE HOME INNOVATION LTD
875,877,RAMRAT,INE207E01023,303.9,20.0,INE207E01023,10485,RAMRAT,RAM RATNA WIRES LTD
876,878,KABRAEXTRU,INE900B01029,433.5,20.0,INE900B01029,1805,KABEXT,KABRA EXTRUSION TECHNIK LTD
877,879,MANGLMCEM,INE347A01017,695.6,20.0,INE347A01017,2106,MANCEM,MANGALAM CEMENT LTD
878,880,CMSINFO,INE925R01014,377.6,20.0,INE925R01014,7603,CMSIN,CMS INFO SYSTEMS LIMITED
879,881,SASTASUNDR,INE019J01013,415.2,21.22,INE019J01013,20063,MICFIN,SASTASUNDAR VENTURES LIMITED
880,882,INFRABEES,INF732E01268,750.95,20.0,INF732E01268,20072,INFBEE,NIPPON INDIA ETF NIF INFRA BEE
881,883,ARVINDFASN,INE955V01021,419.0,20.0,INE955V01021,9111,ARVFAS,ARVIND FASHIONS LIMITED
882,884,JAICORPLTD,INE070D01027,403.45,24.42,INE070D01027,5143,JAICOR,JAI CORP LIMITED
883,885,SBICARD,INE018E01016,764.75,20.0,INE018E01016,17971,SBICAR,SBI CARDS AND PAYMENT SERV LTD
884,886,JINDRILL,INE742C01031,757.45,21.66,INE742C01031,13875,JINDAD,JINDAL DRILLING & INDUSTRIES L
885,887,TEGA,INE011K01018,1207.3,20.0,INE011K01018,7105,TEGIND,TEGA INDUSTRIES LIMITED
886,888,PHOENIXLTD,INE211B01039,2234.95,20.0,INE211B01039,14552,PHOMIL,PHOENIX MILLS LTD
887,889,VLSFINANCE,INE709A01018,203.7,20.0,INE709A01018,3715,VLSFIN,VLS FINANCE LIMITED
888,890,AUROPHARMA,INE406A01037,1069.6,20.0,INE406A01037,275,AURPHA,AUROBINDO PHARMA LTD
889,891,HINDMOTORS,INE253A01025,16.4,20.0,INE253A01025,21676,HINMOT,HINDUSTAN MOTORS LIMITED
890,892,CERA,INE739E01017,8005.75,20.0,INE739E01017,15039,CERSAN,CERA SANITARYWARE LIMITED
891,893,KOTAKMID50,INF174KA1IB3,130.99,6.83,INF174KA1IB3,8077,KOTMID,KOTMID	KOTAK NIFTY MIDCAP 50 E
892,894,BBETF0432,INF754K01OB1,1106.28,20.0,INF754K01OB1,7196,BHABO5,BHARAT BOND ETF APRIL 2032
893,895,VPRPL,INE0AE001013,224.7,20.0,INE0AE001013,18341,VISPRA,VISHNU PRAKASH R PUNGLIA LTD
894,896,BFSI,INF769K01HI8,21.82,20.0,INF769K01HI8,5220,MIRFIN,MIRAE ASSET NIFTY FIN SERV ETF
895,897,GATEWAY,INE079J01017,100.9,20.0,INE079J01017,8510,GATDIS,GATEWAY DISTRIPARKS LIMITED
897,899,SUPRAJIT,INE399C01030,371.7,20.0,INE399C01030,11689,SUPENG,SUPRAJIT ENGINEERING LIMITED
898,900,INDNIPPON,INE092B01025,533.75,20.0,INE092B01025,4747,INDNIP,INDIA NIPPON ELECTRICALS LTD
899,901,ORIENTPPR,INE592A01026,43.8,20.0,INE592A01026,2496,ORIPAP,ORIENT PAPER & INDUSTRIES LTD
900,902,HINDUNILVR,INE030A01027,2608.3,9.0,INE030A01027,1394,HINLEV,HINDUSTAN UNILEVER LIMITED
901,903,LUPIN,INE326A01037,1288.0,20.0,INE326A01037,10440,LUPIN,LUPIN LIMITED
902,904,TIRUMALCHM,INE338A01024,224.35,20.0,INE338A01024,3496,THICHE,THIRUMALAI CHEMICALS LTD
903,905,MIDCAPIETF,INF109KC1G82,172.2,6.0,INF109KC1G82,17152,ICI150,ICICI PRU NIFTY MIDCAP 150 ETF
904,906,HERCULES,INE688E01024,357.5,20.0,INE688E01024,15288,HERHOI,HERCULES HOISTS LIMITED
905,907,ITBEES,INF204KB15V2,37.73,20.0,INF204KB15V2,19084,NIPNIT,NIPPON INDIA ETF NIFTY IT
906,908,VRLLOG,INE366I01010,750.25,20.0,INE366I01010,8696,VRLLOG,VRL LOGISTICS LIMITED
907,909,SETFGOLD,INF200KA16D8,55.19,20.0,INF200KA16D8,17272,SBIGOL,SBI-ETF GOLD
908,910,MIDCAPETF,INF769K01IC9,17.01,6.0,INF769K01IC9,8413,MIR150,MIRAE ASSET NIF MIDCAP 150 ETF
909,911,AHLADA,INE00PV01013,122.7,20.0,INE00PV01013,2004,AHLENG,AHLADA ENGINEERS LTD
910,912,DPABHUSHAN,INE266Y01019,656.35,20.0,INE266Y01019,936,DPABH,D P ABHUSHAN LIMITED
911,913,SUDARSCHEM,INE659A01023,547.25,20.0,INE659A01023,3327,SUDCHE,SUDARSHAN CHEMICAL INDUS LTD
913,915,BSLSENETFG,INF209KB10E8,70.64,6.0,INF209KB10E8,5957,BIRSEN,ADITYABIRLA SLS&PBSESENSEX ETF
914,916,FOCUS,INE593W01028,177.3,20.17,INE593W01028,6836,FOCLIG,FOCUS LIGHTING FIXTURES LTD
915,917,LAURUSLABS,INE947Q01028,432.3,20.0,INE947Q01028,19234,LAULAB,LAURUS LABS LIMITED
916,918,SUPREMEIND,INE195A01028,4626.75,20.0,INE195A01028,3363,SUPIND,SUPREME INDUSTRIES LTD
917,919,TEMBO,INE869Y01010,269.75,20.0,INE869Y01010,3275,SAKEXI,TEMBO GLOBAL INDUSTRIES LTD
918,920,LTIM,INE214T01019,6287.2,11.16,INE214T01019,17818,LTINFO,LTIMINDTREE LIMITED
919,921,IBREALEST,INE069I01010,89.4,23.13,INE069I01010,14450,INDREL,INDIABULLS REAL ESTATE LIMITED
920,922,KAMDHENU,INE390H01012,364.8,20.0,INE390H01012,13457,KAMLIM,KAMDHENU LIMITED
921,923,KSB,INE999A01015,3427.25,20.0,INE999A01015,1949,KSBPUM,KSB LIMITED
922,924,SYMPHONY,INE225D01027,886.0,20.0,INE225D01027,24190,SYMLIM,SYMPHONY LIMITED
923,925,ATFL,INE209A01019,846.15,20.0,INE209A01019,1663,AGRTE,AGRO TECH FOODS LIMITED
924,926,ARTEMISMED,INE025R01021,177.75,20.0,INE025R01021,16913,ARTMED,ARTEMIS MEDICARE SERVICES LTD
926,928,HINDOILEXP,INE345A01011,180.9,20.0,INE345A01011,1403,HINOIL,HINDUSTAN OIL EXPLORATION CO
927,929,MON100,INF247L01AP3,136.91,6.92,INF247L01AP3,22739,MOTNAS,MOTILAL OSWAL MS NASDAQ 100ETF
928,930,VIPIND,INE054A01027,602.5,20.0,INE054A01027,3703,VIPIND,VIP INDUSTRIES LTD
929,931,SUPRIYA,INE07RO01027,314.25,20.0,INE07RO01027,7390,SUPLIF,SUPRIYA LIFESCIENCE LIMITED
930,932,PTC,INE877F01012,190.6,20.0,INE877F01012,11355,POWTRA,PTC INDIA LIMITED
931,933,KHADIM,INE834I01025,362.7,100.0,INE834I01025,425,KHAIND,KHADIM INDIA LIMITED
932,934,HDFCAMC,INE127D01025,3214.4,20.0,INE127D01025,4244,HDFAMC,HDFC ASSET MANAGEMENT CO LTD
933,935,JUSTDIAL,INE599M01018,788.0,20.0,INE599M01018,29962,JUSDIA,JUST DIAL LIMITED
934,936,SURYALAXMI,INE713B01026,79.8,20.0,INE713B01026,11852,SURCOT,SURYALAKSHMI COTTON MILLS LTD
935,937,TATAMTRDVR,IN9155A01020,494.55,20.0,IN9155A01020,16965,TMLDVR,TATA MOTORS LTD - DVR
936,938,LICMFGOLD,INF397L01554,5765.85,20.0,INF397L01554,25640,IDBGOL,LIC MF Gold ETF
937,939,ACE,INE731H01025,840.5,20.0,INE731H01025,13587,ACTCON,ACTION CONSTRUCTION EQUIPMENTS
938,940,PTCIL,INE596F01018,6060.05,20.0,INE596F01018,16682,PTCIN,PTC INDUSTRIES LIMITED
939,941,THOMASCOOK,INE332A01027,137.85,20.0,INE332A01027,3481,THOCOO,THOMAS COOK (INDIA) LTD
941,943,LIQUIDETF,INF740KA1EU7,1000.0,10.0,INF740KA1EU7,1927,DSPETF,DSP NIFTY 1D RATE LIQUID ETF
942,944,VIKASECO,INE806A01020,3.75,23.79,INE806A01020,25756,VIKECO,VIKAS ECOTECH LIMITED
943,945,UJJIVANSFB,INE551W01018,56.7,20.0,INE551W01018,15228,UJJSMA,UJJIVAN SMALL FINANCE BANK LTD
944,946,GOLDIAM,INE025B01025,173.2,20.0,INE025B01025,11971,GOLINT,GOLDIAM INTERNATIONAL LIMITED
945,947,EMAMIPAP,INE830C01026,120.95,20.0,INE830C01026,10074,EMAPAP,EMAMI PAPER MILLS LIMITED
946,948,KALYANKJIL,INE303R01014,352.15,20.0,INE303R01014,2955,KALJEW,KALYAN JEWELLERS INDIA LIMITED
947,949,LIBAS,INE908V01012,18.15,22.0,INE908V01012,11082,LIBDES,LIBAS CONSUMER PRODUCTS LTD
948,950,SYRMA,INE0DYJ01015,657.2,20.0,INE0DYJ01015,10793,SYRTEC,SYRMA SGS TECHNOLOGY LIMITE
949,951,SPANDANA,INE572J01011,1022.1,20.0,INE572J01011,11435,SPASPH,SPANDHANA SPHOORTY FIN LTD
950,952,BSE500IETF,INF109KC1V59,32.39,6.0,INF109KC1V59,3001,ICI500,ICICI PRUD MF SNP BSE 500 ETF
951,953,LICNFNHGP,INF767K01PC8,230.25,6.92,INF767K01PC8,15229,LIC100,LIC NOMURA MF ETF FD NIFTY100
952,954,BALRAMCHIN,INE119A01028,396.25,20.0,INE119A01028,341,BALCHI,BALRAMPUR CHINI MILLS LTD
954,956,SHIVATEX,INE705C01020,146.3,21.31,INE705C01020,804,SHITEX,SHIVA TEXYARN LIMITED
955,957,TATAELXSI,INE670A01012,8801.5,20.0,INE670A01012,3411,TATELX,TATA ELXSI LIMITED
957,959,DBL,INE917M01012,386.9,20.0,INE917M01012,18086,DILBUI,DILIP BUILDCON LIMITED
958,960,URJA,INE550C01020,14.95,24.22,INE550C01020,20203,URJGLO,URJA GLOBAL LIMITED
960,962,AARTISURF,INE09EO01013,714.4,20.0,INE09EO01013,19233,AARSUR,AARTI SURFACTANTS LIMITED
961,963,XPROINDIA,INE445C01015,1046.75,20.4,INE445C01015,11407,XPRIND,XPRO INDIA LTD
962,964,SIS,INE285J01028,467.65,20.0,INE285J01028,21501,SECINT,SIS LIMITED
963,965,EXCELINDUS,INE369A01029,925.95,20.0,INE369A01029,11471,EXCIND,EXCELL INDUSTRIES LTD
964,966,PNBHOUSING,INE572E01012,785.85,20.0,INE572E01012,18908,PNBHOU,PNB HOUSING FINANCE LIMITED
965,967,AMJLAND,INE606A01024,38.0,20.7,INE606A01024,2598,PUDPUL,AMJ LAND HOLDINGS LIMITED
966,968,NDTV,INE155G01029,268.5,23.18,INE155G01029,11427,NDTV,NEW DELHI TELEVISION LIMITED
967,969,LIKHITHA,INE060901027,279.25,20.0,INE060901027,578,LIKINF,LIKHITHA INFRASTRUCTURE LTD
968,970,PSUBNKBEES,INF204KB16I7,63.08,20.0,INF204KB16I7,15032,PSUBAN,NIPPON IND ETF NIF PSU BNK BEE
969,971,ADANIPORTS,INE742F01042,1024.4,16.96,INE742F01042,15083,ADAPOR,ADANI PORT AND SPECIAL ECONO
970,972,NIF100BEES,INF204K014N5,227.31,6.0,INF204K014N5,29577,REL100,NIPPON INDIA ETF NIFTY 100
971,973,IRMENERGY,INE07U701015,551.3,20.0,INE07U701015,19597,IRMENE,IRM ENERGY LIMITED
972,974,HINDZINC,INE267A01025,311.95,20.0,INE267A01025,1424,HINZIN,HINDUSTAN ZINC LTD
973,975,ORCHPHARMA,INE191A01027,711.3,20.0,INE191A01027,926,ORCPHA,ORCHID PHARMA LIMITED
974,976,NYKAA,INE388Y01029,173.6,20.0,INE388Y01029,6545,FSNECO,FSN ECOMMERCE VENTURES NYKAA
975,977,JISLJALEQS,INE175A01038,64.45,20.79,INE175A01038,10397,JAIIRR,JAIN IRRIGATION SYSTEMS LTD
976,978,J&KBANK,INE168A01041,124.3,20.16,INE168A01041,5633,JAMKAS,JAMMU AND KASHMIR BANK LTD
977,979,PENIND,INE932A01024,128.55,22.8,INE932A01024,20621,PENIND,PENNAR INDUSTRIES LTD
978,980,KOTAKNIFTY,INF174K014P6,232.36,6.0,INF174K014P6,18102,KOTNIF,KOTAK NIFTY 50 ETF
980,982,PSB,INE608A01012,43.55,20.16,INE608A01012,21001,PUNSIN,PUNJAB & SIND BANK
981,983,VIJAYA,INE043W01024,649.25,20.0,INE043W01024,5585,VIJDIA,VIJAYA DIAGNOSTIC CENTRE LTD
982,984,BANCOINDIA,INE213C01025,653.05,20.0,INE213C01025,13880,BANPRO,BANCO PRODUCTS (INDIA) LTD
983,985,BANARBEADS,INE655B01011,93.6,20.0,INE655B01011,347,BANBEA,BANARAS BEADS LTD
984,986,METROPOLIS,INE112L01020,1666.55,20.0,INE112L01020,9581,METHEA,METROPOLIS HEALTHCARE LIMITED
985,987,AKZOINDIA,INE133A01011,2577.9,20.0,INE133A01011,1467,AKZNOB,AKZO NOBEL INDIA LIMITED
986,988,BALAJITELE,INE794B01026,77.25,20.0,INE794B01026,9158,BALTEL,BALAJI TELEFILMS LIMITED
987,989,OMAXE,INE800H01010,77.4,21.12,INE800H01010,14853,OMALIM,OMAXE LIMITED
988,990,BSLNIFTY,INF209KB19D1,24.56,6.0,INF209KB19D1,24781,BIRNIF,ADITYA BIRLA SUNLIFENIFTY50ETF
989,991,TTKPRESTIG,INE690A01028,741.05,20.0,INE690A01028,3546,TTKPRE,TTK PRESTIGE LTD
990,992,HGINFRA,INE926X01010,812.15,20.0,INE926X01010,1672,HGINF,H G INFRA ENGINEERING LTD
991,993,PCBL,INE602A01031,254.2,20.0,INE602A01031,2649,PHICAR,PCBL LIMITED
993,995,TATACOMM,INE151A01013,1731.95,20.0,INE151A01013,3721,TATCOM,TATA COMMUNICATIONS LIMITED
994,996,PITTIENG,INE450D01021,692.85,20.0,INE450D01021,14134,PITLAM,PITTI ENGINEERING LIMITED
995,997,SMCGLOBAL,INE103C01036,102.05,20.0,INE103C01036,2320,SMCGLO,SMC GLOBAL SECURITIES LIMITED
996,998,ATGL,INE399L01023,999.1,27.02,INE399L01023,6066,ADAGAS,ADANI TOTAL GAS LIMITED
997,999,DATAPATTNS,INE0IX101010,1882.9,20.0,INE0IX101010,7358,DATPAT,DATA PATTERNS INDIA LIMITED
998,1000,MMFL,INE227C01017,999.55,20.0,INE227C01017,13844,MMFORG,MMFORGINGS LTD
999,1001,ORIENTHOT,INE750A01020,121.0,20.0,INE750A01020,2493,ORIHOT,ORIENTAL HOTELS LTD
1000,1002,KIMS,INE967H01017,1999.95,20.0,INE967H01017,4847,KRIINS,KRISHNA INSTITUTE OF MED SCI
1001,1003,SUVEN,INE495B01038,81.8,20.0,INE495B01038,11233,SUVLIF,SUVEN LIFE SCIENCES LIMITED
1002,1004,NRAIL,INE740D01017,402.9,20.0,INE740D01017,20314,NRAGAR,NRAGARWAL INDUSTRIES LTD
1003,1005,SILVERETF,INF789F1AYK6,74.36,20.0,INF789F1AYK6,15085,UTISIL,UTI SILVER EXCHANGE TRADE FUND
1004,1006,RAINBOW,INE961O01016,1135.35,20.0,INE961O01016,9408,RAICHI,RAINBOW CHILDRENS MEDICARE LTD
1005,1007,AXISBPSETF,INF846K01Z04,11.39,20.0,INF846K01Z04,3530,AXIAAA,AXIS AAA BOND PLUS SDL ETF2026
1006,1008,TEXRAIL,INE621L01012,173.65,22.41,INE621L01012,21828,TEXRAI,TEXMACO RAIL & ENGINEERING LIM
1007,1009,SUNDRMFAST,INE387A01021,1245.15,20.0,INE387A01021,3345,SUNFAS,SUNDRAM FASTENERS LIMITED
1008,1010,ASHOKLEY,INE208A01029,174.15,20.0,INE208A01029,212,ASHLEY,ASHOK LEYLAND LTD
1009,1011,HDFCNIFTY,INF179KC1965,236.43,6.0,INF179KC1965,11591,HDFRGE,HDFC NIFTY 50 ETF
1010,1012,AKSHARCHEM,INE542B01011,321.55,20.0,INE542B01011,20178,AUDIND,AKSHARCHEM (INDIA) LTD
1011,1013,KOTAKBKETF,INF174K01F59,493.19,20.0,INF174K01F59,5851,KOTBAN,KOTAK NIFTY BANK ETF
1012,1014,AMBER,INE371P01015,3130.3,20.0,INE371P01015,1185,AMBEN,AMBER ENTERPRISES INDIA LTD
1013,1015,NITCO,INE858F01012,33.0,100.0,INE858F01012,13300,NITLIM,NITCO LIMITED
1014,1016,VESUVIUS,INE386A01015,3574.75,20.0,INE386A01015,3676,VESIND,VESUVIUS INDIA LTD
1015,1017,NIF100IETF,INF109KA1962,239.01,6.0,INF109KA1962,30392,ICI100,ICICI PRUDENTIAL NIFTY 100 ETF
1016,1018,GSPL,INE246F01010,294.8,20.0,INE246F01010,13197,GSPL,GUJARAT STATE PETRONET LIMITED
1017,1019,SAKAR,INE732S01012,401.35,21.58,INE732S01012,9539,SAKHEA,SAKAR HEALTHCARE LIMITED
1018,1020,KOTAKIT,INF174KA1GC5,37.47,20.0,INF174KA1GC5,2627,KOTEIT,KOTAK NIFTY IT ETF
1019,1021,LOVABLE,INE597L01014,150.05,20.0,INE597L01014,22415,LOVLIN,LOVABLE LINGERIE LIMITED
1020,1022,SALSTEEL,INE658G01014,23.6,100.0,INE658G01014,11634,SALSTE,SAL STEEL LTD
1022,1024,CHEVIOT,INE974B01016,1440.7,20.0,INE974B01016,9879,CHECOM,CHEVIOT COLTD
1023,1025,TATAMOTORS,INE155A01022,740.9,11.51,INE155A01022,3456,TATMOT,TATA MOTORS LIMITED
1024,1026,HLEGLAS,INE461D01028,539.8,20.0,INE461D01028,2289,SWIGLA,HLE GLASCOAT LIMITED
1025,1027,THYROCARE,INE594H01019,651.4,20.0,INE594H01019,17032,THYTEC,THYROCARE TECHNOLOGIES LIMITED
1028,1030,RADHIKAJWE,INE583V01021,45.2,22.2,INE583V01021,10343,RADJEW,RADHIKA JEWELTECH LIMITED
1029,1031,HDFCPVTBAN,INF179KC1DW3,249.61,20.0,INF179KC1DW3,12108,HDFPBK,HDFC NIFTY PRIVATE BANK ETF
1030,1032,NIFTYQLITY,INF209KB15K4,18.45,20.0,INF209KB15K4,10690,ADIQUA,ADITYA BIRLA NIF 200 QLT ETF
1031,1033,FORCEMOT,INE451A01017,3352.35,20.0,INE451A01017,11573,FORMOT,FORCE MOTORS LIMITED
1032,1034,HESTERBIO,INE782E01017,1445.65,20.0,INE782E01017,7048,HESPHA,HESTER BIOSCIENCES LTD
1033,1035,WINDLAS,INE0H5O01029,429.7,20.0,INE0H5O01029,5366,WINBIO,WINDLAS BIOTECH LIMITED
1034,1036,BATAINDIA,INE176A01028,1639.7,20.0,INE176A01028,371,BATIND,BATA INDIA LIMITED
1035,1037,BDL,INE171Z01018,1765.1,20.0,INE171Z01018,2144,BHADYN,BHARAT DYNAMICS LIMITED
1036,1038,INFIBEAM,INE483S01020,21.75,20.64,INE483S01020,16249,INFINC,INFIBEAM AVENUES LIMITED
1037,1039,ORIENTELEC,INE142Z01019,229.85,20.0,INE142Z01019,2972,ORIELE,ORIENT ELECTRIC LIMITED
1038,1040,TNPETRO,INE148A01019,100.95,20.0,INE148A01019,3509,TAMPET,TAMILNADU PETROPRODUCTS LTD
1039,1041,SPENCERS,INE020801028,104.9,20.58,INE020801028,8163,SPERET,SPENCERS RETAIL LIMITED
1040,1042,DCM,INE498A01018,78.9,21.65,INE498A01018,805,DCM,DCM LIMITED
1041,1043,CSBBANK,INE679A01013,400.8,20.0,INE679A01013,14966,CSBBAN,CSB BANK LIMITED
1042,1044,HILTON,INE788H01017,132.25,20.0,INE788H01017,14627,HILMET,HILTON METAL FORGING LIMITED
1043,1045,MOLDTKPAC,INE893J01029,876.5,20.0,INE893J01029,6713,MOLPAC,MOLD-TEK PACKAGING LIMITED
1044,1046,JKCEMENT,INE823G01014,3777.05,20.0,INE823G01014,13270,JKCEME,JK CEMENT LIMITED
1045,1047,UTISXN50,INF789F1AUU3,67.99,9.42,INF789F1AUU3,9168,UTINEX,UTI SP BSE Sensex Next 50 ETF
1046,1048,PILANIINVS,INE417C01014,3203.65,20.0,INE417C01014,11445,PILINV,PILANI INVESTMENT AND INDUSTRI
1047,1049,WABAG,INE956G01038,610.65,20.0,INE956G01038,20188,VATWAB,VA TECH WABAG LIMITED
1048,1050,AVANTIFEED,INE871C01038,401.9,20.0,INE871C01038,7936,AVAFEE,AVANTI FEEDS LTD
1049,1051,COSMOFIRST,INE757A01017,614.9,20.0,INE757A01017,742,COSFIL,COSMO FIRST LIMITED
1051,1053,UTISENSETF,INF789FB1X58,775.18,6.24,INF789FB1X58,10515,UTISEN,UTI S&P BSE SENSEX ETF
1052,1054,ASHOKA,INE442H01029,138.15,20.0,INE442H01029,20182,ASHBUI,ASHOKA BUILDCON LIMITED
1053,1055,RATNAMANI,INE703B01027,3389.2,20.0,INE703B01027,13451,RATMET,RATNAMANI METALS & TUBES LTD
1054,1056,POLYMED,INE205C01021,1522.75,20.0,INE205C01021,25718,POLMED,POLY MEDICURE LTD
1055,1057,COROMANDEL,INE169A01031,1242.65,20.0,INE169A01031,739,CORINT,COROMANDEL INTERNATIONAL LIMIT
1056,1058,CIEINDIA,INE536H01010,471.35,20.0,INE536H01010,14937,MAHCIE,CIE AUTOMOTIVE INDIA LIMITED
1058,1060,GLENMARK,INE935A01035,846.05,20.0,INE935A01035,7406,GLEPHA,GLENMARK PHARMACEUTICALS LTD
1059,1061,SAMHI,INE08U801020,174.85,20.0,INE08U801020,18614,SAMHOT,SAMHI HOTELS LTD
1060,1062,LT,INE018A01030,3544.0,9.0,INE018A01030,11483,LARTOU,LARSEN AND TOUBRO LIMITED
1061,1063,STARHEALTH,INE575P01011,536.2,20.0,INE575P01011,7083,STAHEA,STAR HEALTH ALLIED INS CO LTD
1062,1064,UTINEXT50,INF789F1AUW9,55.65,8.35,INF789F1AUW9,21478,UTINI,UTI MF NIFTY NEXT 50 ETF
1063,1065,TVSSRICHAK,INE421C01016,4634.2,20.0,INE421C01016,14245,TVSSRI,TVS SRICHAKRA LIMITED
1064,1066,AXISBANK,INE238A01034,1106.35,9.13,INE238A01034,5900,AXIBAN,AXIS BANK LIMITED
1065,1067,BGRENERGY,INE661I01014,97.4,21.82,INE661I01014,15189,BGRENE,BGR ENERGY SYSTEMS LIMITED
1066,1068,MAHASTEEL,INE451L01014,83.45,20.0,INE451L01014,17527,MAHSTE,MAHAMAYA STEEL INDUSTRIES LTD
1067,1069,TRACXN,INE0HMF01019,111.45,20.0,INE0HMF01019,11582,TRTEC,TRACXN TECHNOLOGIES LIMITED
1068,1070,RAILTEL,INE0DD101019,296.5,20.0,INE0DD101019,2431,RAICOR,RAILTEL CORPORATION OF IND LTD
1069,1071,ACCELYA,INE793A01012,1426.4,20.0,INE793A01012,7053,ACCKAL,ACCELYA SOLUTIONS INDIA LTD
1070,1072,BSLGOLDETF,INF209KB18D3,56.5,20.0,INF209KB18D3,23804,BSLGOL,ADITYA BIRLA SUNLIFEGOLDETF GR
1071,1073,COASTCORP,INE377E01016,264.7,20.0,INE377E01016,6006,COATRA,COASTAL CORPORATION LIMITED
1072,1074,DYCL,INE600Y01019,449.4,20.07,INE600Y01019,10417,DYNCAB,DYNAMIC CABLES LTD
1073,1075,ADSL,INE102I01027,143.25,20.76,INE102I01027,14813,ALLDIG,ALLIED DIGITAL SERVICES LIMITE
1074,1076,JSWENERGY,INE121E01018,410.85,20.0,INE121E01018,17869,JSWENE,JSW ENERGY LIMITED
1075,1077,MONIFTY500,INF247L01BU1,19.35,6.0,INF247L01BU1,19237,MOTNIF,MOTILAL OSWAL NIFTY 500 ETF
1076,1078,BARBEQUE,INE382M01027,664.5,20.0,INE382M01027,3127,BARNAT,BARBEQUE NATION HOSPITALITY
1077,1079,VISAKAIND,INE392A01021,86.2,20.0,INE392A01021,4221,VISIND,VISAKA INDUSTRIES LIMITED
1078,1080,TNIDETF,INF277KA1364,74.87,20.0,INF277KA1364,8882,TATNID,TATA NIFTY INDIA DIGITAL ETF
1079,1081,KRISHANA,INE506W01012,249.0,20.0,INE506W01012,12847,KRIPHO,KRISHANA PHOSCHEM LIMITED
1080,1082,ELECTCAST,INE086A01029,113.05,20.0,INE086A01029,928,ELECAS,ELECTROSTEEL CASTINGS LTD
1081,1083,SUNDARMHLD,INE202Z01029,146.9,20.0,INE202Z01029,2183,SUNF,SUNDARAM FINANCE HOLDINGS LTD
1082,1084,VETO,INE918N01018,116.9,20.0,INE918N01018,8652,VETSWI,VETO SWITCHGEARS & CABLES LTD
1083,1085,SMLISUZU,INE294B01019,1324.4,20.0,INE294B01019,3387,SMLISU,SML ISUZU LIMITED
1084,1086,CAPACITE,INE264T01014,258.85,20.0,INE264T01014,21749,CAPINF,CAPACITE INFRAPROJECTS LTD
1085,1087,BSE,INE118H01025,2266.8,20.0,INE118H01025,19585,BSE,BSE LIMITED
1086,1088,AJMERA,INE298G01027,440.3,20.0,INE298G01027,17307,AJMREA,AJMERA REALTY & INFRA INDIA LI
1087,1089,IPCALAB,INE571A01038,1059.05,20.0,INE571A01038,1633,IPCLAB,IPCA LABORATORIES LTD
1088,1090,FDC,INE258B01022,395.55,20.0,INE258B01022,4898,FDC,FDC LIMITED
1089,1091,INSECTICID,INE070I01018,688.25,20.0,INE070I01018,14657,INSEC,INSECTICIDES INDIA LTD
1090,1092,TASTYBITE,INE488B01017,13966.05,20.0,INE488B01017,20092,TASBIT,TASTY BITE EATABLES LTD
1091,1093,GREENLAM,INE544R01021,542.3,20.0,INE544R01021,6848,GREEIN,GREENLAM INDUSTRIES LIMITED
1092,1094,AEGISCHEM,INE208C01025,357.9,20.0,INE208C01025,40,AEGLOG,AEGIS LOGISTICS LTD
1093,1095,VARDHACRLC,INE116G01013,59.65,20.0,INE116G01013,11220,VARACR,VARDHMAN ACRYLICS LIMITED
1094,1096,CENTRALBK,INE483A01010,49.05,20.0,INE483A01010,14894,CENBAN,CENTRAL BANK OF INDIA
1095,1097,KIOCL,INE880L01014,372.1,25.66,INE880L01014,19126,KIOLIM,KIOCL LIMITED
1096,1098,DBREALTY,INE879I01012,183.3,26.15,INE879I01012,18124,DBREAL,D B REALTY LIMITED
1097,1099,HINDPETRO,INE094A01015,381.85,20.0,INE094A01015,1406,HINPET,HINDUSTAN PETROLEUM CORP
1098,1100,NDL,INE875G01030,26.85,100.0,INE875G01030,31258,NANDEN,NANDAN DENIM LIMITED
1101,1103,BAJFINANCE,INE296A01024,7232.8,10.48,INE296A01024,317,BAJFI,BAJAJ FINANCE LIMITED
1102,1104,NLCINDIA,INE589A01014,251.65,20.0,INE589A01014,8585,NEYLIG,NLC INDIA LIMITED
1103,1105,SURYAROSNI,INE335A01020,649.3,20.0,INE335A01020,3375,SURROS,SURYA ROSHNI LTD
1104,1106,NV20BEES,INF204KB18I3,131.17,20.0,INF204KB18I3,9847,RENV20,NIPPON INDIA ETF NV20
1105,1107,LTGILTBEES,INF204KB1882,24.82,10.0,INF204KB1882,17700,RELGIL,NIPPON INDIA ETF LONG TERM GIL
1106,1108,KESORAMIND,INE087A01019,177.05,20.0,INE087A01019,1859,KESIND,KESORAM INDUSTRIES LTD
1107,1109,INGERRAND,INE177A01018,3117.1,20.0,INE177A01018,1597,INGRAN,INGERSOLL-RAND (INDIA) LTD
1108,1110,GENSOL,INE06H201014,768.25,100.0,INE06H201014,17010,GENENG,GENSOL ENGINEERING LIMITED
1109,1111,ABBOTINDIA,INE358A01014,22570.1,20.0,INE358A01014,17903,ABBIND,ABBOTT INDIA LIMITED
1110,1112,PARADEEP,INE088F01024,68.85,20.0,INE088F01024,9741,PARPHO,PARADEEP PHOSPHATES LIMITED
1111,1113,ONMOBILE,INE809I01019,109.8,21.25,INE809I01019,15278,ONMGLO,ONMOBILE GLOBAL LIMITED
1112,1114,NIITMTS,INE342G01023,435.55,20.0,INE342G01023,17747,NIILEA,NIIT LEARNING SYSTEMS LIMITED
1113,1115,BRNL,INE727S01012,51.65,23.6,INE727S01012,21683,BHAROA,BHARAT ROAD NETWORK
1114,1116,SHAH,INE482J01021,4.75,100.0,INE482J01021,20296,GYSALL,SHAH METACORP LIMITED
1115,1117,POCL,INE063E01046,520.3,20.0,INE063E01046,14385,PONOXI,PONDY OXIDES & CHEMICALS LIMIT
1116,1118,UNIVCABLES,INE279A01012,502.8,20.52,INE279A01012,3607,UNICAB,UNIVERSAL CABLES LTD
1117,1119,HEUBACHIND,INE492A01029,605.35,20.0,INE492A01029,715,CLACHE,HEUBACH COLORANTS INDIA LTD
1118,1120,MANAKSTEEL,INE824Q01011,49.05,20.26,INE824Q01011,7463,MANSTE,MANAKSIA STEELS LIMITED
1119,1121,DEN,INE947J01015,56.75,20.0,INE947J01015,17722,DENNET,DEN NETWORKS LIMITED
1120,1122,SCI,INE109A01011,165.55,20.0,INE109A01011,3048,SCI,SHIPPING CORP OF INDIA LT
1121,1123,AVALON,INE0LCL01028,565.95,20.0,INE0LCL01028,15058,AVATE,AVALON TECHNOLOGIES LIMITED
1122,1124,ENIL,INE265F01028,183.7,20.0,INE265F01028,13192,ENTNET,ENTERTAINMENT NETWORK (INDIA)
1123,1125,RUPA,INE895B01021,267.3,20.0,INE895B01021,25724,RUPACO,RUPA & COMPANY LIMITED
1124,1126,IOC,INE242A01010,126.6,20.0,INE242A01010,1624,INDOIL,INDIAN OIL CORPORATION LIMITED
1125,1127,KANPRPLA,INE694E01014,117.4,20.0,INE694E01014,1782,KANPLA,KANPUR PLASTIPACK LIMITED
1126,1128,OBEROIRLTY,INE093I01010,1416.1,20.0,INE093I01010,20242,OBEREA,OBEROI REALTY LIMITED
1127,1129,ADFFOODS,INE982B01027,198.65,20.0,INE982B01027,19761,ADFFOO,ADF FOODS LIMITED
1128,1130,STEL,INE577L01016,332.15,20.0,INE577L01016,21484,SENTEA,STEL HOLDINGS LIMITED
1129,1131,BALKRISIND,INE787D01026,2537.85,20.0,INE787D01026,335,BALIND,BALKRISHNA INDUSTRIES LTD
1130,1132,AHLEAST,INE926K01017,142.55,20.0,INE926K01017,19438,ASIEAS,ASIAN HOTELS (EAST) LIMITED
1131,1133,IEX,INE022Q01020,154.75,20.0,INE022Q01020,220,INDEN,INDIAN ENERGY EXCHANGE LIMITED
1132,1134,SPORTKING,INE885H01011,781.55,20.0,INE885H01011,10733,SPOIND,SPORTKING INDIA LIMITED
1133,1135,UNIDT,INE961D01019,274.05,20.03,INE961D01019,201,UNIDRI,UNITED DRILLING TOOLS LTD
1135,1137,ENDURANCE,INE913H01037,1786.4,20.0,INE913H01037,18822,ENDTEC,ENDURANCE TECHNOLOGIES LIMITED
1136,1138,JAIPURKURT,INE696V01013,66.1,20.0,INE696V01013,5516,NANCRE,NANDANI CREATION LIMITED
1137,1139,MIDHANI,INE099Z01011,411.9,20.0,INE099Z01011,2463,MISDHA,MISHRA DHATU NIGAM LIMITED
1138,1140,PAR,INE04LG01015,214.35,20.0,INE04LG01015,5631,PARDR,PAR DRUGS AND CHEMICALS LTD
1139,1141,DREAMFOLKS,INE0JS101016,553.55,20.0,INE0JS101016,10859,DRESER,DREAMFOLKS SERVICES LIMITED
1140,1142,BLBLIMITED,INE791A01024,22.5,22.89,INE791A01024,8132,BLBLTD,BLB LIMITED
1141,1143,ZOTA,INE358U01012,471.95,20.0,INE358U01012,11394,ZOTHEA,ZOTA HEALTH CARE LTD
1142,1144,ANUP,INE294Z01018,2730.45,20.0,INE294Z01018,9014,THEANU,THE ANUP ENGINEERING LIMITED
1143,1145,PTL,INE034D01049,41.85,20.0,INE034D01049,14101,PTLENT,PTL ENTERPRISES LIMITED
1144,1146,ELIN,INE050401020,148.1,20.0,INE050401020,13423,ELIELE,ELIN ELECTRONICS LIMITED
1145,1147,KOTAKALPHA,INF174KA1IA5,40.54,20.0,INF174KA1IA5,7412,KOTN50,KOTAK NIFTY ALPHA 50 ETF
1146,1148,INDHOTEL,INE053A01029,436.85,20.0,INE053A01029,1512,INDHOT,INDIAN HOTELS CO LTD
1147,1149,GANDHITUBE,INE524B01027,742.75,20.0,INE524B01027,14116,GANSPE,GANDHI SPECIAL TUBES LIMITED
1148,1150,PDMJEPAPER,INE865T01018,51.1,20.0,INE865T01018,15377,PUDPAP,PUDUMJEE PAPER PRODUCTS LTD
1149,1151,HIMATSEIDE,INE049A01027,166.75,20.0,INE049A01027,1360,HIMSEI,HIMATSINGKA SEIDE LTD
1150,1152,AUTOBEES,INF204KC1337,184.64,20.0,INF204KC1337,7880,NIPAUT,NIPPON INDIA NIFTY AUTO ETF
1151,1153,GENESYS,INE727B01026,422.15,22.15,INE727B01026,10905,GENINT,GENESYS INTERNATIONAL CORPORAT
1152,1154,PNB,INE160A01022,91.8,20.0,INE160A01022,10666,PUNBAN,PUNJAB NATIONAL BANK
1153,1155,ISGEC,INE858B01029,950.9,20.0,INE858B01029,3329,ISGHEA,ISGEC HEAVY ENGINEERING LTD
1154,1156,BIOFILCHEM,INE829A01014,55.45,20.0,INE829A01014,4136,BIOCHE,BIOFIL CHEMICALS & PHARMACEUTI
1155,1157,SEAMECLTD,INE497B01018,940.45,20.63,INE497B01018,2616,SEALIM,SEAMEC LIMITED
1156,1158,FSL,INE684F01012,183.85,20.0,INE684F01012,14304,FIRSOU,FIRSTSOURCE SOLUTIONS LTD
1157,1159,HARIOMPIPE,INE00EV01017,631.85,20.0,INE00EV01017,8968,HARPIP,HARIOM PIPE INDUSTRIES LIMITED
1158,1160,ULTRACEMCO,INE481G01011,10436.1,9.0,INE481G01011,11532,ULTCEM,ULTRATECH CEMENT LIMITED
1159,1161,ASTRAZEN,INE203A01020,5563.3,20.0,INE203A01020,5610,ASTPHA,ASTRAZENECA PHARMA INDIA LTD
1160,1162,TECH,INF209KB11D8,36.9,20.0,INF209KB11D8,6462,ADINIT,ADITYA BIRLA SUN NIFTY IT ETF
1161,1163,PRINCEPIPE,INE689W01016,731.95,20.0,INE689W01016,16045,PRIPIP,PRINCE PIPES AND FITTINGS LTD
1162,1164,BANKBARODA,INE028A01039,232.0,20.0,INE028A01039,4668,BANBAR,BANK OF BARODA
1163,1165,PDSL,INE111Q01021,532.85,20.0,INE111Q01021,5264,PDSMUL,PDS LIMITED
1164,1166,CENTENKA,INE485A01015,434.15,20.0,INE485A01015,619,CENENK,CENTURY ENKA LTD
1165,1167,DSPQ50ETF,INF740KA1QL0,206.37,20.0,INF740KA1QL0,7456,DSP150,DSP NIFTY MIDCAP 150 ETF
1166,1168,ICICIGI,INE765G01017,1415.0,20.0,INE765G01017,21770,ICILOM,ICICI LOMBARD GEN INSURANCE CO
1167,1169,GHCL,INE539A01019,562.4,20.0,INE539A01019,1127,GHCLIM,GHCL LIMITED
1168,1170,QNIFTY,INF082J01028,2314.34,6.0,INF082J01028,16819,QUANIF,QUANTUM NIFTY 50 ETF
1169,1171,SUNPHARMA,INE044A01036,1252.45,9.0,INE044A01036,3351,SUNPHA,SUN PHARMACEUTICAL INDUSTRIES
1170,1172,GUJAPOLLO,INE826C01016,245.15,20.0,INE826C01016,14677,GUJAPO,GUJARAT APOLLO INDUSTRIES LTD
1171,1173,QGOLDHALF,INF082J01408,53.4,20.0,INF082J01408,15330,QUAGOL,QUANTUM GOLD FUND -ETF
1172,1174,RAMCOCEM,INE331A01037,1016.0,20.0,INE331A01037,2043,RAMCEM,THE RAMCO CEMENTS LIMITED
1173,1175,TIIL,INE545H01011,2451.35,23.21,INE545H01011,14223,TECIND,TECHNOCRAFT INDUSTRIES (INDIA)
1174,1176,PPL,INE050001010,401.75,22.03,INE050001010,10297,PRAPIP,PRAKASH PIPES LIMITED
1175,1177,GLAND,INE068V01023,1947.2,20.0,INE068V01023,1186,GLAPH,GLAND PHARMA LIMITED
1176,1178,BEL,INE263A01024,180.2,20.0,INE263A01024,383,BHAELE,BHARAT ELECTRONICS LTD
1177,1179,SAKSOFT,INE667G01023,321.3,100.0,INE667G01023,11794,SAKSOF,SAKSOFT LIMITED
1178,1180,HONDAPOWER,INE634A01018,2394.35,20.0,INE634A01018,3138,SHRHON,HONDA INDIA POWER PRODUCTS LTD
1179,1181,BLKASHYAP,INE350H01032,64.25,20.0,INE350H01032,13290,BLKASH,B L KASHYAP AND SONS LTD
1180,1182,SKIPPER,INE439E01022,231.1,23.87,INE439E01022,9428,SKILTD,SKIPPER LTD
1182,1184,FUSION,INE139R01012,570.15,20.0,INE139R01012,11932,FUSMIC,FUSION MICRO FINANCE LIMITED
1183,1185,BCLIND,INE412G01024,66.8,20.0,INE412G01024,2513,BHACH,BCL INDUSTRIES LIMITED
1184,1186,MAHESHWARI,INE263W01010,78.0,20.82,INE263W01010,9576,MAHLOG,MAHESHWARI LOGISTICS LIMITED
1185,1187,RKEC,INE786W01010,73.25,25.54,INE786W01010,1547,RKEPRO,RKEC PROJECTS LIMITED
1186,1188,CONCOR,INE111A01025,837.65,20.0,INE111A01025,4749,CONCOR,CONTAINER CORPORATION OF INDIA
1187,1189,SWARAJENG,INE277A01016,2480.45,20.0,INE277A01016,3384,SWAENG,SWARAJ ENGINES LTD
1189,1191,UGROCAP,INE583D01011,271.7,20.0,INE583D01011,5313,CHOSEC,UGRO CAPITAL LIMITED
1190,1192,SCPL,INE501Y01019,337.55,20.0,INE501Y01019,12072,SHECOO,SHEETAL COOL PRODUCTS LTD
1191,1193,GAIL,INE129A01019,151.85,20.0,INE129A01019,4717,GAIL,GAIL (INDIA) LIMITED
1192,1194,AVADHSUGAR,INE349W01017,656.45,20.0,INE349W01017,21406,AVASUG,AVADH SUGAR & ENERGY LTD
1193,1195,PURVA,INE323I01011,190.45,20.0,INE323I01011,14922,PURPRO,PURAVANKARA LIMITED
1194,1196,SMSLIFE,INE320X01016,508.25,20.0,INE320X01016,21551,SMSLIF,SMS LIFESCIENCES INDIA LTD
1195,1197,REDTAPE,INE0LXT01019,464.95,20.0,INE0LXT01019,17859,REDLIM,REDTAPE LIMITED
1196,1198,FAIRCHEMOR,INE0DNW01011,1223.95,20.0,INE0DNW01011,1614,FAIORG,FAIRCHEM ORGANICS LIMITED
1197,1199,PATANJALI,INE619A01035,1591.1,20.0,INE619A01035,17029,RUCSOY,PATANJALI FOODS LIMITED
1198,1200,CREDITACC,INE741K01010,1602.55,20.0,INE741K01010,4421,CREGRA,CREDITACCESS GRAMEEN LIMITED
1199,1201,INDOAMIN,INE760F01028,126.9,20.6,INE760F01028,9116,INDAMI,INDO AMINES LTD
1200,1202,DELHIVERY,INE148O01028,383.35,20.0,INE148O01028,9599,DELLIM,DELHIVERY LIMITED
1201,1203,ABFRL,INE647O01011,220.05,20.0,INE647O01011,30108,ADIFAS,ADITYA BIRLA FASHION & RTL LTD
1202,1204,SYNCOMF,INE312C01025,15.15,21.97,INE312C01025,11992,SYNFOR,SYNCOM FORMULATIONS (INDIA) LT
1203,1205,LICNETFN50,INF767K01OS7,234.97,6.0,INF767K01OS7,11319,LICNIF,LIC NOMURA MF ETF FD NIFTY50
1204,1206,KOHINOOR,INE080B01012,47.25,100.0,INE080B01012,3009,KOHFOO,KOHINOOR FOODS LIMITED
1206,1208,FINPIPE,INE183A01024,213.3,20.0,INE183A01024,1041,FININD,FINOLEX INDUSTRIES LTD
1208,1210,VSSL,INE050M01012,219.3,20.0,INE050M01012,27067,VARSPE,VARDHMAN SPECIAL STEELS LTD
1209,1211,IOB,INE565A01014,43.3,20.87,INE565A01014,9348,INDOVE,INDIAN OVERSEAS BANK
1210,1212,AMBIKCO,INE540G01014,1718.65,20.0,INE540G01014,15234,AMBCOT,AMBIKA COTTON MILLS LIMITED
1211,1213,TMB,INE668A01016,508.25,20.0,INE668A01016,10945,TAMMER,TAMILNAD MERCANTILE BANK LTD
1212,1214,SCHAEFFLER,INE513A01022,3220.2,20.0,INE513A01022,1011,FAGBEA,SCHAEFFLER INDIA LIMITED
1213,1215,DEVIT,INE060X01026,160.2,20.0,INE060X01026,8146,DEVINF,DEV INFORMATION TECHNOLOGY LTD
1214,1216,VIKASLIFE,INE161L01027,4.95,24.62,INE161L01027,9931,VIKMUL,VIKAS LIFECARE LIMITED
1215,1217,JTEKTINDIA,INE643A01035,150.1,20.0,INE643A01035,3237,SONKOY,JTEKT INDIA LIMITED
1216,1218,BUTTERFLY,INE295F01017,1039.4,20.0,INE295F01017,2716,BUTGAN,BUTTERFLY GANDHIMATHI APPLIANC
1217,1219,ICICIPRULI,INE726G01019,526.6,20.0,INE726G01019,18652,ICIPRU,ICICI PRUDENTIAL LIFE INS CO
1218,1220,GRWRHITECH,INE291A01017,1434.8,20.0,INE291A01017,7982,GARPOL,GARWARE HI TECH FILMS LIMITED
1219,1221,ORIENTCER,INE569C01020,52.65,20.0,INE569C01020,13111,ORIABR,ORIENT CERATECH  LIMITED
1220,1222,QUICKHEAL,INE306L01010,368.75,20.22,INE306L01010,13116,QUIHEA,QUICK HEAL TECHNOLOGIES LTD
1221,1223,CHOICEIN,INE102B01014,445.15,20.0,INE102B01014,8866,CHOINT,CHOICE INTERNATIONAL LTD
1222,1224,HATSUN,INE473B01035,1085.45,20.0,INE473B01035,3892,HATAGR,HATSUN AGRO PRODUCTS LTD
1223,1225,ISEC,INE763G01038,732.0,20.0,INE763G01038,2489,ICISEC,ICICI SECURITIES LTD ISEC
1225,1227,THEMISMED,INE083B01024,209.75,20.99,INE083B01024,14485,THECHE,THEMIS MEDICARE LIMITED
1226,1228,ABCAPITAL,INE674K01013,161.75,20.0,INE674K01013,21614,ADICAP,ADITYA BIRLA CAPITAL LIMITED
1227,1229,PRECWIRE,INE372C01037,118.9,20.46,INE372C01037,2717,PREWIR,PRECISION WIRES INDIA LTD
1228,1230,UTIAMC,INE094J01016,847.55,20.0,INE094J01016,527,UTIAMC,UTI ASSET MANAGEMENT COM LTD
1229,1231,ASALCBR,INE073G01016,488.95,20.0,INE073G01016,17598,ASSALC,ASSOCIATED ALCOHOLS & BREWERIE
1230,1232,BHARATRAS,INE838B01013,8990.2,20.0,INE838B01013,3834,BHARAS,BHARAT RASAYAN LIMITED
1231,1233,TIMETECHNO,INE508G01029,178.8,20.0,INE508G01029,14707,TIMTEC,TIME TECHNOPLAST LIMITED
1232,1234,YASHO,INE616Z01012,1631.25,20.0,INE616Z01012,18131,YASIND,YASHO INDUSTRIES LIMITED
1233,1235,SIMBHALS,INE748T01016,30.15,25.46,INE748T01016,14612,SIMSUG,SIMBHAOLI SUGARS LTD
1234,1236,NILAINFRA,INE937C01029,9.0,23.69,INE937C01029,9253,NILINF,NILA INFRASTRUCTURES LTD
1235,1237,BAJAJCON,INE933K01021,210.9,20.0,INE933K01021,19531,BAJCOR,BAJAJ  CONSUMER CARE LIMITED
1236,1238,GLOBUSSPR,INE615I01010,865.45,20.0,INE615I01010,17424,GLOSPI,GLOBUS SPIRITS LIMITED
1237,1239,MANINFRA,INE949H01023,210.1,20.0,INE949H01023,18226,MANINF,MAN INFRACONSTRUCTION LIMITED
1238,1240,DIXON,INE935N01020,6463.95,20.0,INE935N01020,21690,DIXTEC,DIXON TECHNOLOGIES INDIA LTD
1239,1241,GOCLCORP,INE077F01035,518.4,20.32,INE077F01035,3963,GOCCOR,GOCL CORPORATION LIMITED
1240,1242,MPSLTD,INE943D01017,1702.0,21.09,INE943D01017,10578,MACIN,MPS LIMITED
1241,1243,CONCORDBIO,INE338H01029,1483.5,20.0,INE338H01029,18060,CONBIO,CONCORD BIOTECH LIMITED
1242,1244,MSUMI,INE0FS801015,61.0,20.0,INE0FS801015,8596,MOTSU,MOTHERSON SUMI WIRING IND LTD
1243,1245,CYIENT,INE136B01020,2331.7,20.0,INE136B01020,5748,CYILIM,CYIENT LIMITED
1244,1246,SBGLP,INE05ST01010,575.05,20.0,INE05ST01010,14139,SURBUS,SURATWWALA BUSINESS GROUP LTD
1246,1248,AMRUTANJAN,INE098F01031,601.5,20.0,INE098F01031,17547,AMRHEA,AMRUTANJAN HEALTH CARE LIMITED
1247,1249,KOTAKLOVOL,INF174KA1IY5,17.41,20.0,INF174KA1IY5,8632,KOTLVO,KOTAK NIFTY 100 LOW VOL 30 ETF
1249,1251,GRAUWEIL,INE266D01021,115.6,20.0,INE266D01021,5200,GRAWEI,GRAUER & WEIL (INDIA) LTD
1250,1252,NATIONALUM,INE139A01034,117.85,20.0,INE139A01034,6364,NATALU,NATIONAL ALUMINIUM CO LTD
1251,1253,KSCL,INE455I01029,612.15,20.0,INE455I01029,14972,KAVSEE,KAVERI SEED COMPANY LTD
1252,1254,BHARTIARTL,INE397D01024,1021.2,9.0,INE397D01024,10604,BHAAIR,BHARTI AIRTEL LTD
1253,1255,DALBHARAT,INE00R701025,2320.05,20.0,INE00R701025,8075,ODICEM,DALMIA BHARAT LIMITED
1254,1256,HDFCNEXT50,INF179KC1HS2,53.08,7.79,INF179KC1HS2,10619,HDFN50,HDFC NIFTY Next 50 ETF
1255,1257,BEPL,INE922A01025,102.1,20.0,INE922A01025,419,BHAENG,BHANSALI ENGINEERING POLYMERS
1256,1258,DALMIASUG,INE495A01022,403.9,20.0,INE495A01022,781,DALSUG,DALMIA BHARAT SUGAR AND INDUST
1257,1259,SILVER,INF209KB19F6,75.9,20.0,INF209KB19F6,8003,ADISIL,ADITYA BIRLA LIFE SILVER ETF
1258,1260,STAR,INE939A01011,652.7,20.0,INE939A01011,7374,STRSHA,STRIDES PHARMA SCIENCE LTD
1259,1261,RPOWER,INE614G01033,22.6,23.63,INE614G01033,15259,RELPOW,RELIANCE POWER LIMITED
1260,1262,ZEEMEDIA,INE966H01019,15.4,23.92,INE966H01019,14003,ZEEMED,ZEE MEDIA CORPORATION LIMITED
1261,1263,NCLIND,INE732C01016,227.2,20.0,INE732C01016,14490,NCLIND,NCL INDUSTRIES LIMITED
1262,1264,BAJAJHCARE,INE411U01027,376.55,20.0,INE411U01027,6863,BAJHEA,BAJAJ HEALTHCARE LIMITED
1263,1265,LANDMARK,INE559R01029,788.4,20.0,INE559R01029,13276,LANCAR,LANDMARK CARS LIMITED
1264,1266,IVZINGOLD,INF205K01361,5579.45,20.0,INF205K01361,18292,INVGOL,INVESCO INDIA GOLD ETF
1265,1267,3IINFOLTD,INE748C01038,45.05,20.0,INE748C01038,6232,3IINFO,3I INFOTECH LIMITED
1266,1268,PRAJIND,INE074A01025,546.6,20.0,INE074A01025,2705,PRAIN,PRAJ INDUSTRIES LIMITED
1267,1269,KAKATCEM,INE437B01014,250.05,20.0,INE437B01014,1811,KAKCEM,KAKATIYA CEMENT SUGAR INDUST
1268,1270,MRPL,INE103A01014,131.1,20.0,INE103A01014,2283,MRPL,MANGALORE REFINERY & PETROCHEM
1269,1271,COCHINSHIP,INE704P01017,1359.05,20.65,INE704P01017,21508,COCSHI,COCHIN SHIPYARD LIMITED
1270,1272,RANEHOLDIN,INE384A01010,1301.75,20.0,INE384A01010,2844,RANMAD,RANE HOLDINGS LIMITED
1271,1273,DCW,INE500A01029,57.7,20.0,INE500A01029,817,DCW,DCW LIMITED
1272,1274,BHARATFORG,INE465A01025,1218.6,20.0,INE465A01025,422,BHAFOR,BHARAT FORGE LIMITED
1273,1275,HARSHA,INE0JUS01029,395.35,20.0,INE0JUS01029,11162,HARENG,HARSHA ENGINEERS INT LTD
1274,1276,VEDL,INE205A01025,252.4,20.0,INE205A01025,3063,VEDLIM,VEDANTA LIMITED
1275,1277,POKARNA,INE637C01025,489.5,21.52,INE637C01025,17651,POKGRA,POKARNA LTD
1276,1278,WONDERLA,INE066O01014,842.2,20.0,INE066O01014,3002,WONHOL,WONDERLA HOLIDAYS LTD
1277,1279,AMBUJACEM,INE079A01024,517.0,20.0,INE079A01024,1270,AMBCE,AMBUJA CEMENTS LTD
1278,1280,SANGAMIND,INE495C01010,446.35,23.77,INE495C01010,4184,SANIND,SANGAM (INDIA) LTD
1279,1281,VOLTAS,INE226A01021,985.2,20.0,INE226A01021,3718,VOLTAS,VOLTAS LTD
1280,1282,SBIETFPB,INF200KA1S22,250.23,20.0,INF200KA1S22,722,SBIEPB,SBI ETF PRIVATE BANK
1281,1283,GENUSPAPER,INE949P01018,19.4,20.64,INE949P01018,6600,GENPAP,GENUS PAPER & BOARDS LIMITED
1282,1284,BIGBLOC,INE412U01025,162.6,20.0,INE412U01025,18431,BIGCON,BIGBLOC CONSTRUCTION LIMITED
1283,1285,HCG,INE075I01017,366.9,20.0,INE075I01017,15555,HEAGLO,HEALTHCARE GLOBAL ENTP LTD
1284,1286,EDELWEISS,INE532F01054,79.15,20.7,INE532F01054,15119,EDEFIN,EDELWEISS FINANCIAL SERVICES L
1285,1287,VBL,INE200M01021,1237.05,20.0,INE200M01021,18921,VARBEV,VARUN BEVERAGES LIMITED
1286,1288,NAM-INDIA,INE298J01013,438.6,20.0,INE298J01013,357,RELNIP,NIPPON LIFE IND ASSET MANAGEME
1287,1289,CANFINHOME,INE477A01020,778.0,20.0,INE477A01020,583,CANHOM,CAN FIN HOMES LTD
1288,1290,SILVERIETF,INF109KC1Y56,75.9,20.0,INF109KC1Y56,7942,ICIPSE,ICICI PRUDENTIAL SILVER ETF
1289,1291,TATAINVEST,INE672A01018,4260.45,20.0,INE672A01018,1621,TATINV,TATA INVESTMENT CORPORATION LT
1290,1292,PARAS,INE045601015,736.25,20.0,INE045601015,5911,PARDEF,PARAS DEFENCE AND SPACE TECH
1291,1293,MAPMYINDIA,INE0BV301023,2020.85,20.0,INE0BV301023,7227,CEINFO,CEINFO SYSTEMS LTD MAPMYINDIA
1293,1295,DLF,INE271C01023,720.45,20.0,INE271C01023,14732,DLFLIM,DLF LIMITED
1294,1296,ICRA,INE725G01011,5542.1,20.0,INE725G01011,14523,ICRLIM,ICRA LIMITED
1295,1297,CARBORUNIV,INE120A01034,1110.0,20.0,INE120A01034,595,CARUNI,CARBORUNDUM UNIVERSAL LTD
1296,1298,NESCO,INE317F01035,900.65,20.0,INE317F01035,15409,NESCO,NESCO LIMITED
1297,1299,GOLDETF,INF769K01JP9,63.25,20.0,INF769K01JP9,14286,MIRGOL,MIRAE ASSET GOLD ETF
1298,1300,SBIETFQLTY,INF200KA1WX6,192.91,20.0,INF200KA1WX6,7218,SBIQUA,SBI ETF QUALITY MF
1299,1301,SRHHYPOLTD,INE917H01012,571.15,21.61,INE917H01012,14582,SREERA,SREE RAYALASEEMA HI-STRENGTH H
1301,1303,MAHSEAMLES,INE271B01025,946.7,20.0,INE271B01025,2088,MAHSEA,MAHARASHTRA SEAMLESS LTD
1302,1304,BALAMINES,INE050E01027,2669.95,20.0,INE050E01027,14501,BALAMI,BALAJI AMINES LIMITED
1303,1305,NAVINFLUOR,INE048G01026,3851.0,20.0,INE048G01026,14672,NAVFLU,NAVIN FLUORINE INTERNATIONAL L
1304,1306,HERANBA,INE694N01015,374.15,20.0,INE694N01015,2614,HERIND,HERANBA INDUSTRIES LIMITED
1305,1307,INDSWFTLAB,INE915B01019,100.85,21.77,INE915B01019,4870,INDLAB,IND-SWIFT LABORATORIES LIMITED
1307,1309,RAMCOSYS,INE246B01019,298.1,20.0,INE246B01019,7851,RAMSYS,RAMCO SYSTEMS LIMITED
1308,1310,JMFINANCIL,INE780C01023,99.95,20.0,INE780C01023,13637,JMFINA,JM FINANCIAL LIMITED
1309,1311,BYKE,INE319B01014,61.7,100.0,INE319B01014,7919,THEBYK,THE BYKE HOSPITALITY LTD
1310,1312,STEELCAS,INE124E01020,612.05,20.0,INE124E01020,6803,STECAS,STEELCAST LTD
1311,1313,SIGACHI,INE0D0K01022,52.4,20.0,INE0D0K01022,6663,SIGIN,SIGACHI INDUSTRIES LIMITED
1312,1314,LIQUIDIETF,INF109KC1KT9,1000.0,10.0,INF109KC1KT9,4838,ICILIQ,ICICI PRU S&P BSE LIQ RATE ETF
1313,1315,LALPATHLAB,INE600L01024,2571.65,20.0,INE600L01024,11654,DRLAL,DR. LAL PATHLABS LIMITED
1314,1316,JKPAPER,INE789E01012,412.25,20.0,INE789E01012,11860,JKPAP,JK PAPER LIMITED
1315,1317,EMSLIMITED,INE0OV601013,437.0,20.0,INE0OV601013,18593,EMSLIM,EMS LIMITED
1316,1318,INDIACEM,INE383A01012,258.15,20.0,INE383A01012,1515,INDCEM,INDIA CEMENTS LTD
1317,1319,GENUSPOWER,INE955D01029,235.5,20.71,INE955D01029,11905,GENOVE,GENUS POWER INFRASTRUCTURES LT
1318,1320,GPIL,INE177H01021,732.45,20.0,INE177H01021,13409,GODPOW,GODAWARI POWER AND ISPAT LTD
1319,1321,BLUEDART,INE233B01017,7246.5,20.0,INE233B01017,495,BLUDAR,BLUE DART EXPRESS LTD
1320,1322,SILINV,INE923A01015,435.8,20.0,INE923A01015,4105,SILINV,SIL INVESTMENTS LIMITED
1321,1323,TATAMETALI,INE056C01010,1063.1,20.0,INE056C01010,3423,TATME,TATA METALIKS LIMITED
1322,1324,CAREERP,INE521J01018,193.55,20.0,INE521J01018,20086,CARPOI,CAREER POINT INFOSYSTEMS LIMIT
1323,1325,RELIGARE,INE621H01010,211.35,20.0,INE621H01010,15068,RELENT,RELIGARE ENTERPRISES LTD
1324,1326,HITECH,INE106T01025,114.9,20.0,INE106T01025,2868,HITPIP,HI-TECH PIPES LIMITED
1326,1328,APTECHT,INE266F01018,264.4,20.0,INE266F01018,10755,APTLIM,APTECH LIMITED
1327,1329,MOM100,INF247L01023,48.57,6.0,INF247L01023,21423,MOT100,MOTILAL OSWAL M100 ETF
1328,1330,KOLTEPATIL,INE094I01018,490.9,20.0,INE094I01018,15124,KOLPAT,KOLTE-PATIL DEVELOPERS LTD
1329,1331,TOTAL,INE336X01012,120.4,20.0,INE336X01012,22423,TOTTRA,TOTAL TRANSPORT SYSTEMS LTD
1330,1332,CHEMBOND,INE995D01025,540.75,20.0,INE995D01025,14618,CHECH,CHEMBOND CHEMICALS LTD
1331,1333,RALLIS,INE613A01020,254.15,20.0,INE613A01020,2816,RALIND,RALLIS INDIA LTD
1332,1334,DSPBANKETF,INF740KA1RX3,48.43,20.0,INF740KA1RX3,13644,DSPBAN,DSP NIFTY BANK ETF
1333,1335,MBAPL,INE900L01010,295.4,20.0,INE900L01010,12686,MADBHA,MADHYA BHARAT AGRO PRODUCT LTD
1334,1336,GOODYEAR,INE533A01012,1273.7,20.0,INE533A01012,1205,GOOIND,GOODYEAR INDIA LTD
1335,1337,EMIL,INE02YR01019,200.8,20.0,INE02YR01019,11530,ELEMA,ELECTRONICS MART INDIA LIMITED
1336,1338,FINEORG,INE686Y01026,5031.95,20.0,INE686Y01026,3744,FINORG,FINE ORGANIC INDUSTRIES LTD
1337,1339,CIPLA,INE059A01026,1239.75,9.12,INE059A01026,694,CIPLA,CIPLA LIMITED
1338,1340,LXCHEM,INE576O01020,294.3,20.0,INE576O01020,2841,LAXORG,LAXMI ORGANIC INDUSTRIES LTD
1339,1341,GREENPLY,INE461C01038,235.65,20.0,INE461C01038,3987,GREIN,GREENPLY INDUSTRIES LIMITED
1340,1342,SOMANYCERA,INE355A01028,718.95,20.0,INE355A01028,3880,SOMCER,SOMANY CERAMICS LIMITED
1341,1343,KINGFA,INE473D01015,2332.1,20.0,INE473D01015,18944,HYDSS,KINGFA SCIENCE & TECH (I) LTD
1342,1344,KITEX,INE602G01020,228.85,20.0,INE602G01020,28899,KITGAR,KITEX GARMENTS LTD
1343,1345,TEJASNET,INE010J01012,866.05,20.0,INE010J01012,21131,TEJNET,TEJAS NETWORKS LIMITED
1344,1346,MANAPPURAM,INE522D01027,171.6,20.0,INE522D01027,19061,MANAFI,MANAPPURAM FINANCE LIMITED
1345,1347,STLTECH,INE089C01029,143.5,20.0,INE089C01029,9309,STETEC,STERLITE TECHNOLOGIES LIMITED
1346,1348,MAFANG,INF769K01HF4,73.09,20.0,INF769K01HF4,3507,MIRNYS,MIRAE ASSET NYSE FANG ETF
1347,1349,ZIMLAB,INE518E01015,119.3,20.0,INE518E01015,12384,ZIMLAB,ZIM LABORATORIES LIMITED
1348,1350,TCS,INE467B01029,3811.2,9.0,INE467B01029,11536,TCS,TATA CONSULTANCY SERVICES LTD
1349,1351,EIDPARRY,INE126A01031,565.25,20.0,INE126A01031,916,EIDPAR,EID PARRY (INDIA) LTD
1352,1354,DONEAR,INE668D01028,101.2,22.2,INE668D01028,13839,DONIND,DONEAR INDUSTRIES LIMITED
1353,1355,PNBGILTS,INE859A01011,94.95,20.0,INE859A01011,8736,PNBGIL,PNB GILTS LIMITED
1354,1356,LLOYDSME,INE281B01032,615.85,20.0,INE281B01032,17313,LLOMET,LLOYDS METALS AND ENERGY LIMIT
1355,1357,BURNPUR,INE817H01014,6.5,100.0,INE817H01014,15194,BURCEM,BURNPUR CEMENT LIMITED
1356,1358,KOTAKSILVE,INF174KA1KU9,73.98,20.0,INF174KA1KU9,13082,KOTSIL,Kotak Silver ETF
1357,1359,DWARKESH,INE366A01041,86.45,20.0,INE366A01041,11667,DWASUG,DWARIKESH SUGAR INDUSTRIES LTD
1358,1360,HUDCO,INE031A01017,114.0,20.0,INE031A01017,20825,HUDCO,HOUSING URBAN DEV CO LTD HUDCO
1360,1362,POWERMECH,INE211R01019,4123.65,20.0,INE211R01019,10473,POWMEC,POWER MECH PROJECTS LIMITED
1361,1363,ADANIGREEN,INE364U01010,1601.1,24.47,INE364U01010,3563,ADAGRE,ADANI GREEN ENERGY LTD
1362,1364,TEXMOPIPES,INE141K01013,74.75,22.41,INE141K01013,18214,TEXPIP,TEXMO PIPES AND PRODUCTS LIMIT
1363,1365,NETWEB,INE0NT901020,1220.4,20.0,INE0NT901020,17433,NETTEC,NETWEB TECHNOLOGIES INDIA LTD
1364,1366,SHALPAINTS,INE849C01026,180.15,20.0,INE849C01026,15342,SHAPAI,SHALIMAR PAINTS LTD
1365,1367,CONSUMIETF,INF109KC1V42,96.09,20.0,INF109KC1V42,6446,ICICON,ICICI PRUD CONSUMPTION ETF
1366,1368,HDFCMID150,INF179KC1HT0,16.93,6.0,INF179KC1HT0,14236,HDF150,HDFC NIFTY Midcap 150 ETF
1367,1369,IDFCFIRSTB,INE092T01019,88.85,20.0,INE092T01019,11184,IDFBAN,IDFC FIRST BANK LIMITED
1369,1371,ROSSELLIND,INE847C01020,473.0,22.84,INE847C01020,28913,ROSIN,ROSSELL INDIA LIMITED
1370,1372,WATERBASE,INE054C01015,74.9,20.0,INE054C01015,3745,WATERB,WATERBASE LIMITED
1371,1373,BAJAJ-AUTO,INE917I01010,6709.65,9.0,INE917I01010,16669,BAAUTO,BAJAJ AUTO LIMITED
1372,1374,WELENT,INE625G01013,325.7,20.0,INE625G01013,11626,WELEN,WELSPUN ENTERPRISES LIMITED
1373,1375,GLOBALVECT,INE792H01019,132.95,23.71,INE792H01019,13735,GLOVEC,GLOBAL VECTRA HELICORP LTD
1374,1376,PRICOLLTD,INE726V01018,389.4,20.0,INE726V01018,19631,PRILI,PRICOL LIMITED
1375,1377,JKLAKSHMI,INE786A01032,900.0,20.0,INE786A01032,13491,JKLAKS,JK LAKSHMI CEMENT LIMITED
1376,1378,PRSMJOHNSN,INE010A01011,182.3,20.0,INE010A01011,2739,PRICE,PRISM JOHNSON LIMITED
1377,1379,CIGNITITEC,INE675C01017,1089.55,20.0,INE675C01017,5142,CHAINF,CIGNITI TECHNOLOGIES LTD
1378,1380,GRAVITA,INE024L01027,1112.3,20.0,INE024L01027,20534,GRAVIN,GRAVITA INDIA LIMITED
1379,1381,BHEL,INE257A01026,181.95,20.0,INE257A01026,438,BHEL,BHARAT HEAVY ELECTRICALS LTD
1380,1382,RPPL,INE760W01015,212.1,20.0,INE760W01015,6913,RAJP,RAJSHREE POLYPACK LIMITED
1381,1383,HLVLTD,INE102A01024,27.8,24.6,INE102A01024,1448,HOTLEE,HLV LIMITED
1382,1384,USHAMART,INE228A01035,302.75,20.0,INE228A01035,8840,USHMA,USHA MARTIN LIMITED
1383,1385,BOSCHLTD,INE323A01026,22008.45,20.0,INE323A01026,2181,BOSLIM,BOSCH LIMITED
1384,1386,BIKAJI,INE00E101023,559.2,20.0,INE00E101023,11966,BIKFOO,BIKAJI FOODS INT LIMITED
1385,1387,SECURCRED,INE195Y01010,19.6,24.89,INE195Y01010,412,SECCRE,SECUR CREDENTIALS LTD
1386,1388,DVL,INE477B01010,315.2,20.0,INE477B01010,15214,DHUPET,DHUNSERI VENTURES LIMITED
1387,1389,RATEGAIN,INE0CLI01024,737.65,20.0,INE0CLI01024,7177,RATTRA,RATEGAIN TRAVEL TECHNOLOGIES
1388,1390,HDFCQUAL,INF179KC1DL6,50.14,20.0,INF179KC1DL6,11255,HDFQ30,HDFC NIFTY100 QUALITY 30 ETF
1389,1391,RHL,INE508K01013,145.6,20.0,INE508K01013,15157,ROBHOT,ROBUST HOTELS LIMITED
1390,1392,CUPID,INE509F01011,1016.25,100.0,INE509F01011,18520,CUPRUB,CUPID LIMITED
1391,1393,MAHSCOOTER,INE288A01013,7414.3,20.0,INE288A01013,2085,MAHSCO,MAHARASHTRA SCOOTERS LTD
1392,1394,DABUR,INE016A01026,534.35,20.0,INE016A01026,772,DABIND,DABUR INDIA LTD
1393,1395,CHENNPETRO,INE178A01016,682.55,20.81,INE178A01016,2049,CHEPET,CHENNAI PETROLEUM CORPORATION
1394,1396,AGARIND,INE204E01012,929.9,20.0,INE204E01012,3389,AGAIND,AGARWAL INDUSTRIAL CORPORATION
1395,1397,EQUITASBNK,INE063P01018,108.25,20.0,INE063P01018,913,EQUSMA,EQUITAS SMALL FINANCE BANK LTD
1396,1398,HDFCGROWTH,INF179KC1DJ0,108.28,20.0,INF179KC1DJ0,11241,HDFG15,HDFC NIF GROWTH SECTORS 15 ETF
1397,1399,MADHAV,INE925C01016,62.1,20.0,INE925C01016,15151,MADMAR,MADHAV MARBLES & GRANITES LTD
1398,1400,TAKE,INE142I01023,23.35,20.7,INE142I01023,14917,TAKSOL,TAKE SOLUTIONS LTD
1399,1401,ISFT,INE566K01011,121.35,20.0,INE566K01011,18479,INTSOF,INTRASOFT TECHNOLOGIES LIMITED
1400,1402,SPAL,INE212I01016,616.0,20.0,INE212I01016,18252,SPAPP,S.P. APPARELS LIMITED
1401,1403,LYKALABS,INE933A01014,123.3,100.0,INE933A01014,2028,LYKLAB,LYKA LABS LTD
1402,1404,SURANASOL,INE272L01022,32.75,100.0,INE272L01022,21077,SURSOL,SURANA SOLAR LIMITED
1403,1405,KRBL,INE001B01026,362.6,20.0,INE001B01026,10577,KRBL,KRBL LIMITED
1404,1406,UMAEXPORTS,INE0GIU01018,53.8,20.0,INE0GIU01018,8842,UMAEXP,UMA EXPORTS LIMITED
1405,1407,MAHKTECH,INF769K01HS7,13.12,20.0,INF769K01HS7,7074,MIRTEC,MIRAE ASSET HANG SENG TECH ETF
1406,1408,NIFTYBEES,INF204KB14I2,238.91,6.0,INF204KB14I2,10576,NIFBEE,NIPPON INDIA ETF NIFTY 50 BEES
1407,1409,SATIA,INE170E01023,141.95,20.0,INE170E01023,11045,SATIND,SATIA INDUSTRIES LIMITED
1408,1410,CPSEETF,INF457M01133,65.99,20.0,INF457M01133,2328,CPSETF,CPSE ETF
1409,1411,LOWVOL,INF769K01JU9,171.22,20.0,INF769K01JU9,14786,MIR100,MIRAE ASSET NIF 100 VOL 30 ETF
1410,1412,DOLATALGO,INE966A01022,64.35,20.0,INE966A01022,12124,DOLINV,DOLAT ALGOTECH LIMITED
1411,1413,BANKA,INE862Y01015,73.05,20.0,INE862Y01015,822,BANBIO,BANKA BIOLOO LIMITED
1412,1414,INTENTECH,INE781A01025,102.7,20.84,INE781A01025,20071,INTT,INTENSE TECHNOLOGIES
1413,1415,KEI,INE878B01027,3123.3,20.0,INE878B01027,13310,KEIIND,KEI INDUSTRIES LIMITED
1414,1416,FIBERWEB,INE296C01020,34.25,20.0,INE296C01020,8159,PVDPLA,FIBERWEB (INDIA) LTD
1415,1417,DODLA,INE021O01019,844.45,20.0,INE021O01019,4822,DODDAI,DODLA DAIRY LIMITED
1416,1418,UMANGDAIRY,INE864B01027,76.4,20.0,INE864B01027,11387,UMADAI,UMANG DAIRIES LIMITED
1417,1419,ALPA,INE385I01010,104.75,20.87,INE385I01010,14848,ALPALA,ALPA LABORATORIES LIMITED
1419,1421,VMART,INE665J01013,2039.05,20.0,INE665J01013,29284,VMART,V MART RETAIL LIMITED
1420,1422,MARATHON,INE182D01020,422.8,20.0,INE182D01020,18659,MARNEX,MARATHON NEXTGEN REALTY LTD
1421,1423,ALICON,INE062D01024,878.3,20.0,INE062D01024,13656,ALICAS,ALICON CASTALLOY LIMITED
1422,1424,JUBLFOOD,INE797F01020,567.5,20.0,INE797F01020,18096,JUBFOO,JUBILANT FOODWORKS LIMITED
1423,1425,MCDOWELL-N,INE854D01024,1083.2,20.0,INE854D01024,10447,UNISPI,UNITED SPIRITS LIMITED
1424,1426,SBILIFE,INE123W01016,1421.35,9.0,INE123W01016,21808,SBILIF,SBI LIFE INSURANCE COMPANY LTD
1425,1427,AXISNIFTY,INF846K01W98,232.3,6.0,INF846K01W98,21252,AXINIF,AXIS NIFTY ETF
1426,1428,ALPHAETF,INF769K01KU7,20.58,20.0,INF769K01KU7,19640,MIRALP,MIRAE ASSET NIFTY ALPHA 30 ETF
1427,1429,SOLARINDS,INE343H01029,6755.2,20.0,INE343H01029,13332,SOLIN,SOLAR INDUSTRIES INDIA LIMITED
1428,1430,PARAGMILK,INE883N01014,236.2,20.0,INE883N01014,17130,PARMIL,PARAG MILK FOODS LIMITED
1429,1431,ZEEL,INE256A01028,266.1,20.0,INE256A01028,3812,ZEEENT,ZEE ENTERTAINMENT ENTERPRISES
1430,1432,SONATSOFTW,INE269A01021,740.15,20.0,INE269A01021,6596,SONSOF,SONATA SOFTWARE LIMITED
1431,1433,MAHLOG,INE766P01016,382.85,20.0,INE766P01016,385,MAHLO,MAHINDRA LOGISTICS LIMITED
1432,1434,CCL,INE421D01022,635.3,20.0,INE421D01022,11452,CCLPRO,CCL PRODUCTS INDIA LIMITED
1434,1436,OFSS,INE881D01027,4194.5,20.0,INE881D01027,10738,ORAFIN,ORACLE FINANCIAL SERVICES SOFT
1435,1437,BSL,INE594B01012,216.35,20.88,INE594B01012,559,BSL,BSL LTD
1436,1438,TBZ,INE760L01018,131.05,20.0,INE760L01018,27037,TRIBHI,TRIBHOVANDAS BHIMJI ZAVERI LTD
1437,1439,JBMA,INE927D01044,1419.85,20.21,INE927D01044,11655,JBMAUT,JBM AUTO LIMITED
1438,1440,BESTAGRO,INE052T01013,1163.5,75.0,INE052T01013,2306,SAHCRE,BEST AGROLIFE LIMITED
1439,1441,HEMIPROP,INE0AJG01018,153.65,20.0,INE0AJG01018,701,HEMPRO,HEMISPHERE PROPERTIES IND LTD
1440,1442,GOACARBON,INE426D01013,572.5,20.0,INE426D01013,14687,GOACAR,GOA CARBON LIMITED
1441,1443,CUMMINSIND,INE298A01020,1983.6,20.0,INE298A01020,1901,CUMIND,CUMMINS INDIA LTD
1442,1444,GFLLIMITED,INE538A01037,98.45,20.88,INE538A01037,1289,GUJFLO,GFL LIMITED
1443,1445,NBCC,INE095N01031,79.95,20.0,INE095N01031,31415,NBCC,NBCC (INDIA) LIMITED
1444,1446,REPCOHOME,INE612J01015,396.5,20.0,INE612J01015,29598,REPHOM,REPCO HOME FINANCE LIMITED
1445,1447,AWHCL,INE01BK01022,493.65,20.0,INE01BK01022,1797,ANTWAS,ANTONY WASTE HANDLING CELL LTD
1446,1448,CAMS,INE596I01012,2659.1,20.0,INE596I01012,342,COMAGE,COMPUTER AGE MANAGEMENT SERV
1447,1449,UJJIVAN,INE334L01012,568.3,20.0,INE334L01012,17069,UJJFIN,UJJIVAN FINANCIAL SERVICES LTD
1448,1450,GUFICBIO,INE742B01025,323.55,20.0,INE742B01025,11606,GUFBIO,GUFIC BIOSCIENCES LIMITED
1449,1451,LFIC,INE850E01012,186.0,28.02,INE850E01012,7902,THELAK,THE LAKSHMI FINANCE & INDUSTRI
1450,1452,MANGCHEFER,INE558B01017,123.25,20.0,INE558B01017,15007,MANCHE,MANGALORE CHEMICALS AND FERT
1451,1453,INDIGOPNTS,INE09VQ01012,1498.4,20.0,INE09VQ01012,2048,INDPAI,INDIGO PAINTS LIMITED
1453,1455,NAZARA,INE418L01021,860.75,20.0,INE418L01021,2987,NAZTEC,NAZARA TECHNOLOGIES LIMITED
1454,1456,DSSL,INE417B01040,623.85,24.43,INE417B01040,25690,DYNSYS,DYNACONS SYSTEMS & SOLUTIONS
1455,1457,HINDCOMPOS,INE310C01029,440.4,20.0,INE310C01029,1372,HINCOM,HINDUSTAN COMPOSITES LTD
1456,1458,STEELCITY,INE395H01011,76.65,20.0,INE395H01011,10406,STECIT,STEEL CITY SECURITIES LTD
1457,1459,PREMEXPLN,INE863B01011,1612.1,20.53,INE863B01011,17397,PREEXP,PREMIER EXPLOSIVES LTD
1458,1460,ZUARI,INE840M01016,186.8,20.0,INE840M01016,29050,ZUAAGR,ZUARI AGRO CHEMICALS LIMITED
1459,1461,STYRENIX,INE189B01011,1435.1,20.0,INE189B01011,19,STYABS,STYRENIX PERFOM. MATERIALS LTD
1460,1462,MAZDA,INE885E01034,1359.0,20.0,INE885E01034,18866,MAZCON,MAZDA LIMITED
1461,1463,MATRIMONY,INE866R01028,565.75,20.0,INE866R01028,21726,MATCOM,MATRIMONY.COM LIMITED
1462,1464,MPHASIS,INE356A01018,2739.7,20.0,INE356A01018,4503,MPHLIM,MPHASIS LIMITED
1464,1466,JUBLINGREA,INE0BY001018,512.15,20.0,INE0BY001018,2783,JUBING,JUBILANT INGREVIA LIMITED
1465,1467,KOTAKGOLD,INF174KA1HJ8,53.74,20.0,INF174KA1HJ8,14858,KOTGOL,KOTAK  GOLD ETF
1466,1468,CLEDUCATE,INE201M01029,104.65,20.0,INE201M01029,20223,CLEDU,CL EDUCATE LIMITED
1468,1470,SSWL,INE802C01033,262.15,20.0,INE802C01033,11829,STESW,STEEL STRIPS WHEELS LTD
1469,1471,BBTC,INE050A01025,1524.05,20.0,INE050A01025,380,BOMBUR,BOMBAY BURMAH TRADING CORPN L
1470,1472,FOSECOIND,INE519A01011,3904.8,20.0,INE519A01011,1073,FOSIND,FOSECO INDIA LTD
1471,1473,GSS,INE871H01011,187.65,20.0,INE871H01011,15347,GSSINF,GSS INFOTECH LIMITED
1472,1474,NIFTYETF,INF769K01EG9,228.11,6.0,INF769K01EG9,6353,MIRETF,MIRAE ASSET NIFTY 50 ETF
1473,1475,GSEC5IETF,INF109KC14A8,54.8,10.0,INF109KC14A8,8342,ICIGSE,ICICI PRU 5 YEAR G-SEC ETF
1474,1476,MOMENTUM,INF209KB14K7,27.51,20.0,INF209KB14K7,10693,ADIMOM,ADITYA BIRLA NIF 200 MOM ETF
1475,1477,SPLPETRO,INE663A01033,550.25,20.0,INE663A01033,9617,SUPPET,SUPREME PETROCHEM LIMITED
1476,1478,ZOMATO,INE758T01015,127.05,20.0,INE758T01015,5097,ZOMLIM,ZOMATO LIMITED
1477,1479,SHREEPUSHK,INE712K01011,230.3,20.0,INE712K01011,10588,SHRPUS,SHREE PUSHKAR CHEMICALS
1478,1480,BAYERCROP,INE462A01022,5711.55,20.0,INE462A01022,17927,BAYIND,BAYER CROPSCIENCE LIMITED
1479,1481,GMBREW,INE075D01018,707.5,20.0,INE075D01018,1168,GMBREW,GM BREWERIES LIMITED
1480,1482,HFCL,INE548A01028,84.1,20.0,INE548A01028,21951,HIMFUT,HFCL LIMITED
1481,1483,CRISIL,INE007A01025,4320.15,20.0,INE007A01025,757,CRISIL,CRISIL LIMITED
1482,1484,HUHTAMAKI,INE275B01026,285.0,20.0,INE275B01026,2562,HUHPPL,HUHTAMAKI INDIA LTD
1484,1486,POWERGRID,INE752E01010,234.05,9.25,INE752E01010,14977,POWGRI,POWER GRID CORPORATION OF INDI
1485,1487,HPL,INE495S01016,231.4,22.74,INE495S01016,18679,HPLELE,HPL ELECTRIC & POWER LIMITED
1486,1488,PAISALO,INE420C01059,92.95,20.0,INE420C01059,25468,SEINVE,PAISALO DIGITAL LIMITED
1487,1489,GESHIP,INE017A01032,982.1,20.0,INE017A01032,13776,GESHIP,GREAT EASTERN SHIPPING CO LTD
1488,1490,APOLLOTYRE,INE438A01022,435.65,20.0,INE438A01022,163,APOTYR,APOLLO TYRES LTD
1489,1491,SREEL,INE099F01013,401.45,20.04,INE099F01013,31837,SRELIM,SREELEATHERS LIMITED
1490,1492,CELLO,INE0LMW01024,778.65,20.0,INE0LMW01024,19795,CELWOR,CELLO WORLD LTD
1491,1493,ANANDRATHI,INE463V01026,2571.0,20.0,INE463V01026,7145,ANARAT,ANAND RATHI WEALTH LIMITED
1492,1494,TARMAT,INE924H01018,86.1,23.25,INE924H01018,14771,TARMAT,TARMAT LIMITED
1494,1496,RISHABH,INE0N2P01017,566.5,20.0,INE0N2P01017,18417,RISINS,RISHABH INSTRUMENTS LIMITED
1495,1497,PSUBNKIETF,INF109KC10S8,57.13,20.0,INF109KC10S8,14584,ICIPSU,ICICI PRUDEN NIF PSU BANK ETF
1496,1498,EMUDHRA,INE01QM01018,432.2,20.0,INE01QM01018,9756,EMULIM,EMUDHRA LIMITED
1497,1499,RITCO,INE01EG01016,272.95,20.0,INE01EG01016,8944,RITLOG,RITCO LOGISTICS LIMITED
1498,1500,SUNTV,INE424H01027,705.0,20.0,INE424H01027,13404,SUNTV,SUN TV NETWORK LIMITED
1499,1501,ARCHIDPLY,INE877I01016,90.55,100.0,INE877I01016,16795,ARCIN,ARCHIDPLY INDUSTRIES LIMITED
1500,1502,UNIVASTU,INE562X01013,102.3,100.0,INE562X01013,18977,UNIVIN,UNIVASTU INDIA LIMITED
1501,1503,DBCORP,INE950I01011,256.25,20.0,INE950I01011,17881,DBCORP,D.B.CORP LIMITED
1502,1504,XELPMOC,INE01P501012,119.45,22.86,INE01P501012,8477,XELDES,XELPMOC DESIGN AND TECH LTD
1503,1505,ITDCEM,INE686A01026,285.55,20.0,INE686A01026,5622,ITDCEM,ITD CEMENTATION INDIA LIMITED
1505,1507,KIRIINDUS,INE415I01015,413.7,20.0,INE415I01015,16639,KIRIDY,KIRI INDUSTRIES LIMITED
1506,1508,SINTERCOM,INE129Z01016,127.85,20.0,INE129Z01016,381,SINI,SINTERCOM INDIA LIMITED
1507,1509,EXPLEOSOL,INE201K01015,1317.45,20.0,INE201K01015,17486,SQSIND,EXPLEO SOLUTIONS LIMITED
1508,1510,OAL,INE959C01023,389.6,20.0,INE959C01023,10768,CAMALL,ORIENTAL AROMATICS LIMITED
1509,1511,RHIM,INE743M01012,807.95,20.0,INE743M01012,31163,ORIREF,RHI MAGNESITA INDIA LTD
1510,1512,GOCOLORS,INE0BJS01011,1281.75,20.0,INE0BJS01011,6964,GOFASH,GO FASHION INDIA GO COLORS
1511,1513,RELCHEMQ,INE750D01016,294.85,100.0,INE750D01016,9652,RELCHE,RELIANCE CHEMOTEX INDUSTRIES L
1512,1514,LOKESHMACH,INE397H01017,379.8,22.37,INE397H01017,13436,LOKMAC,LOKESH MACHINES LIMITED
1513,1515,MANORG,INE370D01013,378.2,20.0,INE370D01013,6422,MANORG,MANGALAM ORGANICS LIMITED
1514,1516,ROUTE,INE450U01017,1581.3,20.0,INE450U01017,128,ROUMOB,ROUTE MOBILE LTD
1515,1517,BAJAJHIND,INE306A01021,28.0,25.28,INE306A01021,308,BAJHIN,BAJAJ HINDUSTHAN SUGAR LIMITED
1516,1518,AGI,INE415A01038,844.0,22.03,INE415A01038,1412,HSILIM,AGI GREENPAC LIMITED
1517,1519,HDFCNIFBAN,INF179KC1AN8,492.21,20.0,INF179KC1AN8,22433,HDFBET,HDFC NIFTY BANKING ETF
1518,1520,BRIGADE,INE791I01019,885.15,20.0,INE791I01019,15184,BRIENT,BRIGADE ENTERPRISES LIMITED
1519,1521,BIRLACABLE,INE800A01015,286.35,24.0,INE800A01015,477,BIRERI,BIRLA CABLE LIMITED
1520,1522,GULFOILLUB,INE635Q01029,739.25,20.0,INE635Q01029,4391,GULLUB,GULF OIL LUBRICANTS INDIA LTD
1521,1523,NH,INE410P01011,1186.6,20.0,INE410P01011,11840,NARHRU,NARAYANA HRUDAYALAYA LIMITED
1522,1524,MCLEODRUSS,INE942G01012,29.25,23.57,INE942G01012,11943,MCLRUS,MCLEOD RUSSEL INDIA LIMITED
1523,1525,NESTLEIND,INE239A01016,25720.45,9.0,INE239A01016,17963,NESIND,NESTLE INDIA LIMITED
1525,1527,WOCKPHARMA,INE049B01025,417.45,20.0,INE049B01025,7506,WOCKHA,WOCKHARDT LTD
1526,1528,SANGHVIMOV,INE989A01024,847.5,20.0,INE989A01024,14058,SANMOV,SANGHVI MOVERS LIMITED
1527,1529,UNITEDTEA,INE458F01011,329.55,20.0,INE458F01011,17999,THEUNI,THE UNITED NILGIRI TEA ESTATES
1528,1530,GILT5YBEES,INF204KC1030,54.21,10.0,INF204KC1030,3172,NIPGIL,NIPPON INDIA ETF 5 YEAR GILT
1529,1531,GOLDIETF,INF109KC1NT3,55.15,20.0,INF109KC1NT3,19679,ICIGOL,ICICI PRUDENTIAL GOLD ETF
1530,1532,ASTRAMICRO,INE386C01029,607.05,20.0,INE386C01029,11618,ASTMIC,ASTRA MICROWAVE PRODUCTS LTD
1531,1533,PCJEWELLER,INE785M01013,46.9,25.34,INE785M01013,29124,PCJEW,PC JEWELLER LIMITED
1532,1534,AGROPHOS,INE740V01019,39.45,22.56,INE740V01019,9046,AGRPHO,AGRO PHOS INDIA LIMITED
1533,1535,KIRLOSBROS,INE732A01036,895.55,20.27,INE732A01036,18581,KIRBRO,KIRLOSKAR BROTHERS LIMITED
1534,1536,MALUPAPER,INE383H01017,40.45,20.0,INE383H01017,13352,MALPAP,MALU PAPER MILLS LIMITED
1535,1537,EKC,INE184H01027,132.2,21.61,INE184H01027,13091,EVEKAN,EVEREST KANTO CYLINDERS LTD
1536,1538,HMAAGRO,INE0ECP01016,764.0,20.0,INE0ECP01016,17053,HMAAGR,HMA AGRO INDUSTRIES LIMITED
1537,1539,KENNAMET,INE717A01029,2476.1,20.0,INE717A01029,11841,KENIN,KENNAMETAL INDIA LIMTIED
1538,1540,SHREDIGCEM,INE232A01011,94.35,20.0,INE232A01011,3099,SHRDIG,SHREE DIGVIJAY CEMENT CO LTD
1539,1541,UNIONBANK,INE692A01016,119.05,20.0,INE692A01016,10753,UNIBAN,UNION BANK OF INDIA
1540,1542,PRUDENT,INE00F201020,1207.45,20.0,INE00F201020,9553,PRUCOP,PRUDENT CORPORATE ADVISORY LTD
1541,1543,DLINKINDIA,INE250K01012,331.9,20.0,INE250K01012,17851,DLILIM,D-LINK INDIA LIMITED
1542,1544,MOTHERSON,INE775A01035,96.4,20.0,INE775A01035,4204,MOTSUM,SAMVARDHANA MOTHERSON INT LTD
1543,1545,ASHIANA,INE365D01021,270.25,20.0,INE365D01021,24403,ASHHOU,ASHIANA HOUSING LIMITED
1544,1546,INDORAMA,INE156A01020,52.5,20.0,INE156A01020,10993,INDRA,INDO RAMA SYNTHETICS (INDIA) L
1545,1547,KIRLOSIND,INE250A01039,3494.95,20.0,INE250A01039,19025,KIROIL,KIRLOSKAR INDUSTRIES LTD
1546,1548,JETFREIGHT,INE982V01025,13.15,21.62,INE982V01025,7211,JETFRE,JET FREIGHT LOGISTICS LIMITED
1547,1549,BANSWRAS,INE629D01020,146.95,20.0,INE629D01020,14511,BANSYN,BANSWARA SYNTEX LIMITED
1548,1550,RAMAPHO,INE809A01024,213.4,20.0,INE809A01024,10568,RAMPHO,RAMA PHOSPHATES LTD
1549,1551,ERIS,INE406M01024,912.65,20.0,INE406M01024,21154,ERILIF,ERIS LIFESCIENCES LIMITED
1550,1552,EIHOTEL,INE230A01023,241.95,20.0,INE230A01023,919,EIHLIM,EIH LIMITED
1551,1553,TITAGARH,INE615H01020,1036.35,21.55,INE615H01020,15414,TITWAG,TITAGARH RAIL SYSTEMS LIMITED
1552,1554,CHOLAHLDNG,INE149A01033,1006.35,20.0,INE149A01033,21740,TUBINV,CHOLAMANDALAM FIN HOLDINGS LTD
1553,1555,DEVYANI,INE872J01023,191.8,20.0,INE872J01023,5373,DEVIN,DEVYANI INTERNATIONAL LIMITED
1554,1556,DTIL,INE341R01014,223.95,20.0,INE341R01014,6227,DHUTE,DHUNSERI TEA & INDUSTRIES LTD
1555,1557,EPIGRAL,INE071N01016,948.1,20.0,INE071N01016,5382,MEGF,EPIGRAL LIMITED
1556,1558,PFOCUS,INE367G01038,108.6,23.35,INE367G01038,13496,PRIFOC,PRIME FOCUS LIMITED
1557,1559,SKFINDIA,INE640A01023,4595.6,20.0,INE640A01023,3186,SKFIND,SKF INDIA LIMITED
1559,1561,STCINDIA,INE655A01013,138.0,23.86,INE655A01013,10948,STC,STATE TRADING CORPORATION OF I
1560,1562,ISMTLTD,INE732F01019,92.65,20.0,INE732F01019,14932,ISMT,ISMT LIMITED
1561,1563,METROBRAND,INE317I01021,1276.3,20.0,INE317I01021,7242,METBRA,METRO BRANDS LIMITED
1562,1564,HDFCLOWVOL,INF179KC1HU8,17.11,20.0,INF179KC1HU8,11547,HDFV30,HDFC NIFTY100 LOW VOL 30 ETF
1563,1565,TORNTPOWER,INE813H01021,898.7,20.0,INE813H01021,13786,TORPOW,TORRENT POWER LIMITED
1564,1566,IRCON,INE962Y01021,169.0,21.01,INE962Y01021,4986,IRCINT,IRCON INTERNATIONAL LIMITED
1565,1567,TCNSBRANDS,INE778U01029,370.7,20.0,INE778U01029,4172,TCNCLO,TCNS CLOTHING CO LIMITED
1566,1568,NAVA,INE725A01022,446.35,20.0,INE725A01022,4014,NAVBHA,NAVA LIMITED
1567,1569,63MOONS,INE111B01023,454.95,100.0,INE111B01023,11868,FINTEC,63 MOONS TECHNOLOGIES LIMITED
1568,1570,SALONA,INE498E01010,296.9,20.0,INE498E01010,17351,SALCOT,SALONA COTSPIN LTD
1569,1571,ASIANTILES,INE022I01019,78.2,20.0,INE022I01019,14889,ASIGRA,ASIAN GRANITO INDIA LIMITED
1570,1572,BBOX,INE676A01027,264.1,100.0,INE676A01027,3435,AGCNET,BLACK BOX LIMITED
1571,1573,POONAWALLA,INE511C01022,434.1,20.0,INE511C01022,11403,MAGFI,POONAWALLA FINCORP LIMITED
1572,1574,LEMONTREE,INE970X01018,118.3,20.0,INE970X01018,2606,LEMTRE,LEMON TREE HOTELS LIMITED
1573,1575,TRF,INE391D01019,251.5,20.0,INE391D01019,17987,TRF,TRF LIMITED
1574,1576,KOKUYOCMLN,INE760A01029,145.1,20.0,INE760A01029,16827,KOKCAM,KOKUYO CAMLIN LIMITED
1575,1577,JINDALSTEL,INE749A01030,733.7,20.0,INE749A01030,6733,JINSP,JINDAL STEEL & POWER LIMITED
1576,1578,ALPL30IETF,INF109KC1N59,236.57,20.0,INF109KC1N59,22344,ICIA30,ICICI PRU NIFALPHA LWVOL30 ETF
1577,1579,360ONE,INE466L01038,674.45,20.0,INE466L01038,13061,IIFWEA,360 ONE WAM LIMITED
1578,1580,BLS,INE153T01027,308.75,20.0,INE153T01027,17279,BLSINT,BLS INTERNATIONAL SERVICES LTD
1579,1581,LAGNAM,INE548Z01017,80.9,20.92,INE548Z01017,5865,LAGSPI,LAGNAM SPINTEX LIMITED
1580,1582,BLISSGVS,INE416D01022,126.95,20.0,INE416D01022,19265,BLIGVS,BLISS GVS PHARMA LIMITED
1581,1583,INDIAMART,INE933S01016,2771.55,20.0,INE933S01016,10726,INDMAR,INDIAMART INTERMESH LIMITED
1582,1584,EMMBI,INE753K01015,100.5,20.0,INE753K01015,18142,EMMIND,EMMBI INDUSTRIES LTD
1583,1585,KOTARISUG,INE419A01022,52.45,20.0,INE419A01022,11647,KOTSUG,KOTHARI SUGAR & CHEMICALS
1584,1586,VGUARD,INE951I01027,288.0,20.0,INE951I01027,15362,VGUARD,V-GUARD INDUSTRIES LIMITED
1585,1587,QUESS,INE615P01015,503.6,20.0,INE615P01015,17704,QUECOR,QUESS CORP LIMITED
1586,1588,GRINFRA,INE201P01022,1161.2,20.0,INE201P01022,5054,GRINFR,G R INFRAPROJECTS LIMITED
1587,1589,MUKANDLTD,INE304A01026,200.4,20.0,INE304A01026,11325,MUKAND,MUKAND LTD
1588,1590,DSPPSBKETF,INF740KA1SY9,56.59,20.0,INF740KA1SY9,17616,DSPPSU,DSP NIFTY PSU BANK ETF
1589,1591,LOWVOLIETF,INF109KB10T8,184.51,20.0,INF109KB10T8,21254,ICIN30,ICICI PRU NIFTY LOW VOL 30 ETF
1590,1592,QUAL30IETF,INF109KC15T5,182.64,20.0,INF109KC15T5,17808,ICPRNI,ICICI Prudential Nifty 200 ETF
1591,1593,UTTAMSUGAR,INE786F01031,393.9,20.84,INE786F01031,13376,UTTSUG,UTTAM SUGAR MILLS LIMITED
1592,1594,MANYAVAR,INE825V01034,1266.45,20.0,INE825V01034,8167,VEDFAS,VEDANT FASHIONS LIMITED
1593,1595,BBL,INE464A01028,4763.6,20.0,INE464A01028,13761,BHABIJ,BHARAT BIJLEE LTD
1594,1596,DYNAMATECH,INE221B01012,5153.1,20.0,INE221B01012,4525,DYNTEC,DYNAMATIC TECHNOLOGIES LTD
1595,1597,CESC,INE486A01021,126.05,20.0,INE486A01021,628,CESC,CESC LIMITED
1596,1598,KICL,INE029L01018,3338.0,20.0,INE029L01018,21119,KALINV,KALYANI INVESTMENT COMPANY LIM
1598,1600,SHEMAROO,INE363M01019,161.55,21.94,INE363M01019,5068,SHEENT,SHEMAROO ENTERTAINMENT LTD
1599,1601,SJS,INE284S01014,619.3,20.0,INE284S01014,6643,SJSENT,S.J.S. ENTERPRISES LIMITED
1600,1602,KRSNAA,INE08LI01020,729.75,20.0,INE08LI01020,5359,KRSDIA,KRSNAA DIAGNOSTICS LIMITED
1601,1603,PANAMAPET,INE305C01029,332.25,20.0,INE305C01029,25392,PANPET,PANAMA PETROCHEM LTD
1602,1604,VENKEYS,INE398A01010,1953.65,20.0,INE398A01010,3757,VENIND,VENKYS INDIA LIMITED
1603,1605,ADANIPOWER,INE814H01011,522.45,100.0,INE814H01011,17388,ADAPOW,ADANI POWER LIMITED
1604,1606,ESABINDIA,INE284A01012,5887.0,20.0,INE284A01012,955,ESAIND,ESAB INDIA LTD
1605,1607,TEXINFRA,INE435C01024,106.75,22.24,INE435C01024,11549,TEXMAC,TEXMACO INFRA & HOLDINGS LTD
1606,1608,HEIDELBERG,INE578A01017,235.2,20.0,INE578A01017,2316,HEICEM,HEIDELBERG CEMENT INDIA LTD
1607,1609,NOVARTIND,INE234A01025,672.25,20.0,INE234A01025,9007,NOVART,NOVARTIS INDIA LIMITED
1608,1610,FINIETF,INF109KC17L8,22.27,20.0,INF109KC17L8,12578,ICIEXB,ICICI PRUD.FIN.SER.EX-BANK ETF
1609,1611,LUXIND,INE150G01020,1312.7,20.0,INE150G01020,11301,LUXIND,LUX INDUSTRIES LIMITED
1610,1612,GSFC,INE026A01025,231.5,20.0,INE026A01025,1247,GSFC,GUJARAT STATE FERTILIZERS & CH
1611,1613,VIMTALABS,INE579C01029,405.15,20.0,INE579C01029,13101,VIMLAB,VIMTA LABS LIMITED
1612,1614,ALEMBICLTD,INE426A01027,91.8,20.0,INE426A01027,79,ALECHE,ALEMBIC LTD
1613,1615,BHARATGEAR,INE561C01019,116.4,20.0,INE561C01019,426,BHAGEA,BHARAT GEARS LIMITED
1614,1616,COALINDIA,INE522F01014,365.6,10.72,INE522F01014,20374,COALIN,COAL INDIA LIMITED
1615,1617,RAJRATAN,INE451D01029,795.4,20.0,INE451D01029,18962,RAJWIR,RAJRATAN GLOBAL WIRE LTD
1616,1618,SUNTECK,INE805D01034,431.65,20.0,INE805D01034,17641,SUNRE,SUNTECK REALTY LIMITED
1617,1619,MEDANTA,INE474Q01031,956.65,20.0,INE474Q01031,11956,GLOHEA,GLOBAL HEALTH LIMITED
1618,1620,KALAMANDIR,INE438K01021,275.1,20.0,INE438K01021,18755,SAISIK,SAI SILKS KALAMANDIR LTD
1619,1621,INDTERRAIN,INE611L01021,69.65,20.45,INE611L01021,21957,INDTER,INDIAN TERRAIN FASHIONS LIMITE
1620,1622,GLAXO,INE159A01016,1809.75,20.0,INE159A01016,1153,GLAPHA,GLAXOSMITHKLINE PHARMACEUTICAL
1621,1623,VSTIND,INE710A01016,3382.9,20.0,INE710A01016,3724,VSTIND,VST INDUSTRIES LTD
1622,1624,ASAHIINDIA,INE439A01020,559.25,20.0,INE439A01020,5378,ASAIND,ASAHI INDIA GLASS LIMITED
1623,1625,ADVANIHOTR,INE199C01026,101.2,20.0,INE199C01026,14745,ADVHOT,ADVANI HOTELS & RESORTS (INDIA
1624,1626,EXXARO,INE0GFE01018,116.15,20.0,INE0GFE01018,5352,EXXTIL,EXXARO TILES LIMITED
1625,1627,PFC,INE134E01011,384.8,20.0,INE134E01011,14299,POWFIN,POWER FINANCE CORPORATION LTD
1626,1628,SNOWMAN,INE734N01019,62.45,20.0,INE734N01019,4843,SNOLOG,SNOWMAN LOGISTICS LIMITED
1627,1629,CGCL,INE180C01026,777.2,20.0,INE180C01026,20329,CAPGLO,CAPRI GLOBAL CAPITAL LIMITED
1628,1630,HGS,INE170I01016,991.4,20.0,INE170I01016,14712,HTMGLO,HINDUJA GLOBAL SOLUTIONS LIMIT
1629,1631,LASA,INE670X01014,32.85,23.37,INE670X01014,21713,LASSUP,LASA SUPERGENERICS LIMITED
1630,1632,ARIHANTSUP,INE643K01018,263.8,20.0,INE643K01018,20159,ARISUP,ARIHANT SUPERSTRUCTURES LIMITE
1631,1633,CRAFTSMAN,INE00LO01017,5318.0,20.0,INE00LO01017,2854,CRAAUT,CRAFTSMAN AUTOMATION LIMITED
1632,1634,MANORAMA,INE00VM01010,1874.5,20.0,INE00VM01010,10227,MANOIN,MANORAMA INDUSTRIES LIMITED
1634,1636,DSPNEWETF,INF740KA1QK2,270.34,20.0,INF740KA1QK2,6606,DSPEQU,DSP NIFTY 50 EQUAL WEIGHT ETF
1635,1637,XCHANGING,INE692G01013,110.25,20.0,INE692G01013,11705,XCHSOL,XCHANGING SOLUTIONS LIMITED
1636,1638,CAPTRUST,INE707C01018,112.9,22.62,INE707C01018,19447,CAPTRU,CAPITAL TRUST LTD
1637,1639,MANINDS,INE993A01026,253.4,21.26,INE993A01026,11884,MANIN,MAN INDUSTRIES INDIA LIMITED
1638,1640,MANAKSIA,INE015D01022,133.3,20.0,INE015D01022,15199,MANLIM,MANAKSIA LIMITED
1639,1641,LIQUIDSBI,INF200KA13Z8,999.99,10.0,INF200KA13Z8,19705,SBIN1D,SBI NIFTY 1D RATE ETF
1640,1642,PRECAM,INE484I01029,245.1,23.56,INE484I01029,12603,PRECAM,PRECISION CAMSHAFTS LIMITED
1642,1644,KCP,INE805C01028,153.25,20.0,INE805C01028,1841,KCPLTD,KCP LTD
1644,1646,ZYDUSWELL,INE768C01010,1634.05,20.0,INE768C01010,17635,ZYDWEL,ZYDUS WELLNESS LIMITED
1645,1647,LUMAXTECH,INE872H01027,384.6,20.0,INE872H01027,14014,LUMAAU,LUMAX AUTO TECHNOLOGIES LTD
1646,1648,ICIL,INE483B01026,298.0,20.0,INE483B01026,11987,INDCOU,INDO COUNT INDUSTRIES LIMITED
1647,1649,JAGSNPHARM,INE048B01027,387.15,20.0,INE048B01027,4410,JAGPHA,JAGSONPAL PHARMACEUTICALS LIMI
1648,1650,HEG,INE545A01016,1885.6,20.0,INE545A01016,1336,HEG,HEG LIMITED
1649,1651,ELECON,INE205B01023,939.0,20.0,INE205B01023,13643,ELEENG,ELECON ENGINEERING COLTD
1650,1652,SUBROS,INE287B01021,557.25,20.0,INE287B01021,3324,SUBROS,SUBROS LTD
1651,1653,SHYAMMETL,INE810G01011,623.35,20.0,INE810G01011,4693,SHYMET,SHYAM METALICS AND ENERGY LTD
1652,1654,INOXWIND,INE066P01011,473.45,22.6,INE066P01011,7852,INOWIN,INOX WIND LIMITED
1653,1655,SHIVALIK,INE788J01021,691.9,20.0,INE788J01021,7016,SHIRAS,SHIVALIK RASAYAN LIMITED
1654,1656,CROMPTON,INE299U01018,299.95,20.0,INE299U01018,17094,CROGR,CROMPTON GREAVES CONS ELEC LTD
1655,1657,JPPOWER,INE351F01018,13.8,23.69,INE351F01018,11763,JAIPOW,JAIPRAKASH POWER VENTURES LIMI
1656,1658,PVTBANIETF,INF109KC1E35,246.97,20.0,INF109KC1E35,11386,ICIPRI,ICICI PRU NIFTY PVT BANK ETF
1658,1660,GALLANTT,INE297H01019,186.65,22.29,INE297H01019,13337,GALMET,GALLANTT ISPAT LIMITED
1659,1661,EBBETF0433,INF754K01QX0,1072.84,20.0,INF754K01QX0,13139,BHABO6,BHARAT BOND ETF-APRIL 2033
1660,1662,SETFNIFBK,INF200KA1580,487.27,20.0,INF200KA1580,7361,SBIBAN,SBI-ETF NIFTY BANK
1661,1663,KOTAKMNC,INF174KA1JF2,23.99,20.0,INF174KA1JF2,10676,KOTMNC,KOTAK NIFTY MNC ETF
1662,1664,WELCORP,INE191B01025,552.0,20.0,INE191B01025,11821,WELCOR,WELSPUN CORP LIMITED
1663,1665,HDFCGOLD,INF179KC1981,55.23,20.0,INF179KC1981,19543,HDFGOL,HDFC GOLD ETF
1664,1666,DEEPINDS,INE0FHS01024,248.8,20.0,INE0FHS01024,3292,DEEIN,DEEP INDUSTRIES LIMITED
1665,1667,TATACOFFEE,INE493A01027,304.1,20.0,INE493A01027,724,TATCO,TATA COFFEE LTD
1666,1668,CAMPUS,INE278Y01022,278.65,20.0,INE278Y01022,9362,CAMACT,CAMPUS ACTIVEWEAR LIMITED
1667,1669,AMIORG,INE00FF01017,1191.55,20.0,INE00FF01017,5578,AMIORG,AMI ORGANICS LIMITED
1668,1670,DHRUV,INE506Z01015,59.0,20.0,INE506Z01015,6858,DHRCON,DHRUV CONSULTANCY SERVICES LTD
1669,1671,TECHNOE,INE285K01026,745.45,20.0,INE285K01026,6445,TECEEC,TECHNO ELECTRIC AND ENGINEERIN
1670,1672,JSL,INE220G01021,559.3,20.0,INE220G01021,11236,JINSTA,JINDAL STAINLESS LIMITED
1671,1673,RANEENGINE,INE222J01013,359.7,20.0,INE222J01013,16751,RANENG,RANE ENGINE VALVE LIMITED
1673,1675,PODDARMENT,INE371C01013,364.0,20.0,INE371C01013,19036,PODPIG,PODDAR PIGMENTS LTD
1674,1676,JMA,INE412C01023,82.25,20.0,INE412C01023,7109,JULMOT,JULLUNDUR MOTOR AGENCY DELHI
1675,1677,CSLFINANCE,INE718F01018,457.55,20.0,INE718F01018,10350,CONSEC,CSL FINANCE LIMITED
1676,1678,MUTHOOTCAP,INE296G01013,367.6,20.0,INE296G01013,10415,MUTCAP,MUTHOOT CAPITAL SERVICES LTD
1677,1679,GREAVESCOT,INE224A01026,149.0,20.0,INE224A01026,1235,GREAVE,GREAVES COTTON LIMITED
1678,1680,BHARATWIRE,INE316L01019,317.2,22.06,INE316L01019,16123,BHAWIR,BHARAT WIRE ROPES LIMITED
1679,1681,SCHAND,INE807K01035,259.75,20.0,INE807K01035,20698,SCHA,S CHAND AND COMPANY LIMITED
1680,1682,MOL,INE0CT101020,78.45,20.0,INE0CT101020,5394,MEGORG,MEGHMANI ORGANICS LTD
1681,1683,EASEMYTRIP,INE07O001026,38.85,20.0,INE07O001026,2792,EASTRI,EASY TRIP PLANNERS LIMITED
1682,1684,PPAP,INE095I01015,229.75,21.41,INE095I01015,15209,PPAAUT,PPAP AUTOMOTIVE LIMITED
1683,1685,BASML,INE186H01022,48.7,20.0,INE186H01022,12034,BANSPI,BANNARI AMMAN SPINNING MILLS L
1684,1686,MONQ50,INF247L01AU3,56.86,6.0,INF247L01AU3,7422,MOTQ50,MOTILAL OSWAL NASDAQ Q 50 ETF
1685,1687,VINDHYATEL,INE707A01012,2217.2,20.0,INE707A01012,3694,VINTEL,VINDHYA TELELINKS LTD
1686,1688,RPSGVENT,INE425Y01011,746.25,20.0,INE425Y01011,8119,CESVEN,RPSG VENTURES LIMITED
1687,1689,MTARTECH,INE864I01014,2135.75,20.0,INE864I01014,2709,MTATEC,MTAR TECHNOLOGIES LIMITED
1688,1690,KPIL,INE220B01022,649.15,20.0,INE220B01022,1814,KALPOW,KALPATARU PROJECTS INTL. LTD
1689,1691,AARTIIND,INE769A01020,645.75,20.0,INE769A01020,7,AARIND,AARTI INDUSTRIES LTD
1690,1692,JAGRAN,INE199G01027,93.8,20.0,INE199G01027,13211,JAGPRA,JAGRAN PRAKASHAN LIMITED
1691,1693,RANASUG,INE625B01014,23.6,20.0,INE625B01014,2837,RANSUG,RANA SUGARS LTD
1692,1694,NETWORK18,INE870H01013,88.9,20.39,INE870H01013,14111,NETW18,NETWORK 18 MEDIA & INVESTMENTS
1693,1695,VOLTAMP,INE540H01012,6478.55,20.0,INE540H01012,13577,VOLTRA,VOLTAMP TRANSFORMERS LIMITED
1694,1696,IRCTC,INE335Y01020,867.5,20.0,INE335Y01020,13611,INDRAI,INDIAN RAIL CAT AND TOUR IRCTC
1695,1697,SALASAR,INE170V01027,64.75,20.27,INE170V01027,21362,SALTEC,SALASAR TECHNO ENGINEERING LTD
1696,1698,BANKIETF,INF109KC15I8,48.73,20.0,INF109KC15I8,11037,ICIPBE,ICICI PRU NIFTY BANK ETF
1697,1699,FACT,INE188A01015,803.75,27.83,INE188A01015,1008,FACT,FERTILIZERS AND CHEMICALS TRAV
1698,1700,NUVAMA,INE531F01015,3610.65,20.0,INE531F01015,18721,NUVWEA,NUVAMA WEALTH MANAGEMENT
1699,1701,KHAICHEM,INE745B01028,69.6,20.0,INE745B01028,896,KHAFER,KHAITAN CHEMICALS & FERTILIZER
1700,1702,RKFORGE,INE399G01023,719.35,20.0,INE399G01023,11411,RAMFOR,RAMKRISHNA FORGINGS LIMITED
1701,1703,HITECHGEAR,INE127B01011,455.75,21.24,INE127B01011,4433,HITGEA,THE HI-TECH GEARS LTD
1702,1704,SAPPHIRE,INE806T01012,1409.3,20.0,INE806T01012,6718,SAPFOO,SAPPHIRE FOODS INDIA LIMITED
1703,1705,MASPTOP50,INF769K01HP3,35.07,6.0,INF769K01HP3,5782,MIRS50,MIRAE ASSET S AND P 500 50 ETF
1704,1706,IGARASHI,INE188B01013,534.25,20.0,INE188B01013,634,IGAMOT,IGARASHI MOTORS INDIA LIMITED
1705,1707,TARSONS,INE144Z01023,541.4,20.0,INE144Z01023,6943,TARPR,TARSONS PRODUCTS LTD
1707,1709,KSL,INE907A01026,485.45,20.0,INE907A01026,18889,KALSTE,KALYANI STEELS LTD
1708,1710,TEAMLEASE,INE985S01024,3100.0,20.0,INE985S01024,12716,TEASER,TEAMLEASE SERVICES LIMITED
1709,1711,GNFC,INE113A01013,742.1,20.0,INE113A01013,1174,GNFC,GUJARAT NARMADA FER & CHEM LTD
1710,1712,GMRP&UI,INE0CU601026,53.0,24.04,INE0CU601026,8529,GMRPOW,GMR POWER AND URBAN INFRA LTD
1711,1713,HTMEDIA,INE501G01024,26.05,20.0,INE501G01024,11979,HTMED,HT MEDIA LIMITED
1712,1714,VISHWARAJ,INE430N01022,16.65,20.0,INE430N01022,13702,VISSU,VISHWARAJ SUGAR INDUSTRIES LTD
1713,1715,ETHOSLTD,INE04TZ01018,1952.3,20.0,INE04TZ01018,9750,ETHLIM,ETHOS LIMITED
1714,1716,KANORICHEM,INE138C01024,137.75,20.53,INE138C01024,1835,KANCH,KANORIA CHEMICALS & INDUSTRIES
1715,1717,5PAISA,INE618L01018,549.45,20.0,INE618L01018,445,5PACAP,FIVE PAISA CAPITAL LIMITED
1716,1718,TCI,INE688A01022,804.65,20.0,INE688A01022,10580,TRACOR,TRANSPORT CORPORATION OF INDIA
1717,1719,KPITTECH,INE04I401011,1517.85,20.0,INE04I401011,9683,KPITE,KPIT TECHNOLOGIES LIMITED
1718,1720,VIPCLOTHNG,INE450G01024,45.5,20.0,INE450G01024,14843,MAXWEL,VIP CLOTHING LIMITED
1719,1721,DCMSHRIRAM,INE499A01024,1047.9,20.0,INE499A01024,811,DCMSHR,DCM SHRIRAM LIMITED
1720,1722,TTKHLTCARE,INE910C01018,1397.8,20.0,INE910C01018,11369,TTKHEA,TTK HEALTHCARE LTD
1721,1723,LTTS,INE010V01017,5206.6,20.0,INE010V01017,18564,LTTEC,L&T TECHNOLOGIES LIMITED
1722,1724,GRAPHITE,INE371A01025,550.8,20.0,INE371A01025,592,CAREVE,GRAPHITE INDIA LIMITED
1723,1725,MAXHEALTH,INE027H01010,677.9,20.0,INE027H01010,22377,MAXHEA,MAX HEALTHCARE INSTITUTE LTD
1724,1726,GODREJAGRO,INE850D01014,545.8,20.0,INE850D01014,144,GODAGR,GODREJ AGROVET LIMITED
1725,1727,JKIL,INE576I01022,624.1,20.0,INE576I01022,15266,JKUMAR,J KUMAR INFRAPROJECTS LIMITED
1726,1728,IDEA,INE669E01016,13.45,21.76,INE669E01016,14366,IDECEL,VODAFONE IDEA LIMITED
1727,1729,SJVN,INE002L01015,92.9,20.0,INE002L01015,18883,SJVLIM,SATLUJ JAL VIDYUT NIGAM LTD
1728,1730,AIAENG,INE212H01026,3610.55,20.0,INE212H01026,13086,AIAENG,AIA ENGINEERING LTD
1729,1731,UFLEX,INE516A01017,482.35,20.0,INE516A01017,1053,UFLLIM,UFLEX LIMITED
1730,1732,ALLCARGO,INE418H01029,319.35,20.0,INE418H01029,13501,ALLLOG,ALLCARGO LOGISTICS LTD
1731,1733,RITES,INE320J01015,505.05,20.0,INE320J01015,3761,RITLIM,RITES LIMITED
1732,1734,EPL,INE255A01020,199.15,20.0,INE255A01020,981,ESSPRO,EPL LIMITED
1733,1735,IKIO,INE0LOJ01019,326.65,20.0,INE0LOJ01019,16822,IKILIG,IKIO LIGHTING LIMITED
1734,1736,MARICO,INE196A01026,534.1,20.0,INE196A01026,4067,MARLIM,MARICO LIMITED
1735,1737,APEX,INE346W01013,218.8,20.0,INE346W01013,21623,APEFRO,APEX FROZEN FOODS LTD
1736,1738,SANDESH,INE583B01015,1114.95,20.0,INE583B01015,2988,SANDES,SANDESH LTD
1737,1739,GRANULES,INE101D01020,397.45,20.0,INE101D01020,11872,GRANUL,GRANULES INDIA LIMITED
1738,1740,ICICIBANK,INE090A01021,1002.25,9.0,INE090A01021,4963,ICIBAN,ICICI BANK LIMITED
1739,1741,AXITA,INE02EZ01022,26.3,23.65,INE02EZ01022,9902,AXICOT,AXITA COTTON LTD
1740,1742,AXISTECETF,INF846K01Y96,374.28,20.0,INF846K01Y96,3010,AXITEC,AXIS NIFTY IT ETF
1741,1743,SBIETFIT,INF200KA1S14,376.27,20.0,INF200KA1S14,740,SBIEIT,SBI ETF IT
1742,1744,HDFCSML250,INF179KC1FB2,139.31,6.0,INF179KC1FB2,14233,HDF250,HDFC NIFTY Smallcap 250 ETF
1743,1745,ZENTEC,INE251B01027,810.15,20.49,INE251B01027,7508,ZENTEC,ZEN TECHNOLOGIES LTD
1744,1746,ASIANPAINT,INE021A01026,3404.45,9.0,INE021A01026,236,ASIPAI,ASIAN PAINTS INDIA LTD
1745,1747,AVONMORE,INE323B01016,80.55,20.0,INE323B01016,13557,ALLCAP,AVONMORE CAPITAL & MANAGEMENT
1746,1748,RIIL,INE046A01015,1363.75,20.0,INE046A01015,2912,RELII,RELIANCE INDUSTRIAL INFRASTRUC
1747,1749,COFFEEDAY,INE335K01011,66.1,27.89,INE335K01011,11165,COFDAY,COFFEE DAY ENTERPRISES LTD
1748,1750,PRIVISCL,INE959A01019,1244.65,20.0,INE959A01019,8825,ADIFIN,PRIVI SPECIALITY CHEMICALS LTD
1749,1751,FMGOETZE,INE529A01010,366.55,20.0,INE529A01010,1190,FEDGOE,FEDERAL MOGUL GOETZE INDIA LTD
1750,1752,BALMLAWRIE,INE164A01016,221.5,20.0,INE164A01016,338,BALLAW,BALMER LAWRIE & CO LTD
1751,1753,KAMATHOTEL,INE967C01018,262.35,20.52,INE967C01018,1826,KAMHOT,KAMAT HOTELS (INDIA) LTD
1752,1754,KOVAI,INE177F01017,2576.65,20.0,INE177F01017,5192,KOVMED,KOVAI MEDICAL CENTER & HOSPITA
1753,1755,GICHSGFIN,INE289B01019,218.2,20.0,INE289B01019,1139,GICHOU,GIC HOUSING FINANCE LTD
1754,1756,SURYODAY,INE428Q01011,157.4,20.0,INE428Q01011,2970,SURSMA,SURYODAY SMALL FINANCE BANK
1755,1757,CASTROLIND,INE172A01027,177.25,20.0,INE172A01027,1250,CASIND,CASTROL INDIA LIMITED
1756,1758,HDFCLIQUID,INF179KC1HE2,999.99,10.0,INF179KC1HE2,18279,HDFLIQ,HDFC NIFTY 1D RATE LIQUID ETF
1757,1759,IRB,INE821I01022,41.75,20.0,INE821I01022,15313,IRBINF,IRB INFRASTRUCTURE DEVELOPERS
1758,1760,NELCAST,INE189I01024,163.45,20.0,INE189I01024,14761,NELLIM,NELCAST LIMITED
1759,1761,OCCL,INE321D01016,792.6,20.0,INE321D01016,12231,ORICAR,ORIENTAL CARBON & CHEMICALS LT
1760,1762,TAJGVK,INE586B01026,228.25,20.0,INE586B01026,9354,TAJGVK,TAJ GVK HOTELS And RESORTS LTD
