,SYMBOL,SERIES,OPEN,HIGH,LOW,CLOSE,LAST,PREVCLOSE,TOTTRDQTY,TOTTRDVAL,TIMESTAMP,TOTALTRADES,ISIN,Unnamed: 13
0,182D090524,TB,96.81,96.81,96.81,96.81,96.81,96.84,600,58086.0,24-NOV-2023,4,IN002023Y334,
1,182D140324,TB,98.07,98.07,98.07,98.07,98.07,97.77,100,9807.0,24-NOV-2023,1,IN002023Y250,
2,182D160524,TB,96.58,96.64,96.58,96.64,96.64,96.64,200,19322.0,24-NOV-2023,2,IN002023Y342,
3,182D180424,TB,97.14,97.14,97.14,97.14,97.14,97.14,900,87426.0,24-NOV-2023,2,IN002023Y300,
4,182D230524,TB,95.0,96.6,95.0,96.6,96.6,96.58,500,48110.0,24-NOV-2023,5,IN002023Y359,
5,20MICRONS,BE,180.0,184.7,180.0,182.5,183.0,178.7,90734,16621007.55,24-NOV-2023,688,INE144J01027,
6,21STCENMGM,EQ,22.5,22.5,22.35,22.5,22.5,22.1,14838,333621.1,24-NOV-2023,80,INE253B01015,
7,360ONE,EQ,540.7,552.7,536.85,543.1,543.6,540.3,201774,110083583.95,24-NOV-2023,13900,INE466L01038,
8,364D110124,TB,98.93,98.93,98.93,98.93,98.93,98.87,100,9893.0,24-NOV-2023,1,IN002022Z416,
9,364D130624,TB,96.2,96.2,96.2,96.2,96.2,96.37,2000,192400.0,24-NOV-2023,1,IN002023Z125,
10,364D141124,TB,93.47,93.47,93.47,93.47,93.47,93.4,500,46735.0,24-NOV-2023,1,IN002023Z356,
11,3IINFOLTD,EQ,48.65,50.95,46.55,47.1,47.3,48.45,15201040,742629992.1,24-NOV-2023,29773,INE748C01038,
12,3MINDIA,EQ,30600.0,30769.55,30230.0,30325.2,30448.0,30721.55,1311,39978200.05,24-NOV-2023,699,INE470A01017,
13,3PLAND,EQ,29.65,30.7,29.25,29.95,30.15,29.5,28011,837098.3,24-NOV-2023,875,INE105C01023,
14,574GS2026,GS,96.0,97.0,96.0,97.0,97.0,97.0,303,29191.0,24-NOV-2023,3,IN0020210186,
15,5PAISA,EQ,456.6,503.5,454.8,498.85,503.5,454.6,956754,467867445.7,24-NOV-2023,48660,INE618L01018,
16,613GS2028,GS,98.97,98.97,98.97,98.97,98.97,98.14,90000,8907300.0,24-NOV-2023,1,IN0020030022,
17,618GS2024,GS,98.9,102.0,98.9,102.0,102.0,102.0,11,1103.4,24-NOV-2023,2,IN0020190396,
18,63MOONS,EQ,428.0,444.4,411.3,425.3,413.1,423.25,841791,367306989.8,24-NOV-2023,17011,INE111B01023,
19,654GS2032,GS,97.4,98.25,97.4,97.4,97.4,97.4,685,66745.5,24-NOV-2023,6,IN0020210244,
20,669GS2024,GS,102.35,102.75,102.25,102.35,102.35,102.8,4503,460782.75,24-NOV-2023,8,IN0020220052,
21,676GS2061,GS,96.77,96.77,96.77,96.77,96.77,96.78,3,290.31,24-NOV-2023,1,IN0020200401,
22,68GS2060,GS,95.05,95.55,95.05,95.55,95.55,95.52,48,4585.9,24-NOV-2023,2,IN0020200187,
23,695GS2061,GS,99.1,99.1,96.8,99.1,99.1,99.1,8615,850769.1,24-NOV-2023,13,IN0020210202,
24,699GS2026,GS,100.95,100.95,100.95,100.95,100.95,100.95,250,25237.5,24-NOV-2023,1,IN0020230028,
25,706GS2028,GS,100.35,100.35,100.05,100.27,100.3,100.2,56799,5696042.95,24-NOV-2023,10,IN0020230010,
26,710GS2029,GS,100.35,100.35,100.21,100.35,100.35,100.41,24298,2438249.7,24-NOV-2023,5,IN0020220011,
27,717GS2030,GS,100.02,100.21,100.0,100.01,100.01,100.01,5701,570264.01,24-NOV-2023,18,IN0020230036,
28,718GS2033,GS,100.16,100.16,100.0,100.14,100.0,101.75,1100,110160.0,24-NOV-2023,2,IN0020230085,
29,718GS2037,GS,101.5,101.5,101.5,101.5,101.5,101.75,1000,101500.0,24-NOV-2023,1,IN0020230077,
30,725GS2063,GS,102.5,102.5,101.65,101.66,101.65,101.9,9780,995190.2,24-NOV-2023,15,IN0020230044,
31,726GS2032,GS,101.6,101.8,101.0,101.7,101.7,101.6,4657,473378.0,24-NOV-2023,14,IN0020220060,
32,732GS2030,GS,100.7,100.7,100.7,100.7,100.7,100.7,300,30210.0,24-NOV-2023,1,IN0020230135,
33,736GS2052,GS,100.68,101.5,100.68,101.0,101.0,101.14,37755,3822633.53,24-NOV-2023,24,IN0020220086,
34,737GS2028,GS,102.5,103.0,102.5,103.0,103.0,102.0,6000,617834.0,24-NOV-2023,9,IN0020230101,
35,738GS2027,GS,103.46,103.75,103.46,103.62,103.75,103.65,29157,3018567.84,24-NOV-2023,20,IN0020220037,
36,73GS2053,GS,101.8,101.8,101.8,101.8,101.8,101.8,501,51001.8,24-NOV-2023,3,IN0020230051,
37,741GS2036,GS,104.39,104.4,104.15,104.15,104.15,103.95,13075,1362437.45,24-NOV-2023,17,IN0020220102,
38,746GS2073,GS,100.0,102.5,100.0,102.5,102.5,101.0,200,20250.0,24-NOV-2023,2,IN0020230127,
39,74GS2062,GS,102.52,102.52,102.49,102.49,102.49,102.5,9,922.51,24-NOV-2023,4,IN0020220094,
40,754GS2036,GS,101.9,101.95,101.7,101.77,101.75,101.73,1177545,119886346.74,24-NOV-2023,277,IN0020220029,
41,768GS2023,GS,103.5,103.5,98.18,98.39,98.54,103.3,10854,1089143.92,24-NOV-2023,25,IN0020150010,
42,772GS2025,GS,104.8,104.8,104.8,104.8,104.8,104.8,1,104.8,24-NOV-2023,1,IN0020150036,
43,91D010224,TB,98.6,98.65,98.6,98.65,98.65,98.62,400,39450.0,24-NOV-2023,2,IN002023X328,
44,91D040124,TB,99.15,99.25,99.15,99.25,99.25,99.15,900,89260.0,24-NOV-2023,3,IN002023X286,
45,91D071223,TB,99.7,99.7,99.7,99.7,99.7,99.66,300,29910.0,24-NOV-2023,2,IN002023X245,
46,91D080224,TB,98.5,98.51,98.5,98.51,98.51,98.5,1700,167465.0,24-NOV-2023,5,IN002023X336,
47,91D110124,TB,99.24,99.24,99.24,99.24,99.24,99.01,100,9924.0,24-NOV-2023,1,IN002023X294,
48,91D141223,TB,99.55,99.56,99.55,99.56,99.56,99.5,5200,517661.0,24-NOV-2023,3,IN002023X252,
49,91D150224,TB,98.36,98.41,98.36,98.37,98.37,98.37,700,68878.0,24-NOV-2023,6,IN002023X344,
50,91D211223,TB,99.35,99.35,99.35,99.35,99.35,99.35,100,9935.0,24-NOV-2023,1,IN002023X260,
51,91D220224,TB,98.5,98.5,97.9,97.95,97.95,98.3,1700,166584.0,24-NOV-2023,12,IN002023X351,
52,91D291223,TB,99.28,99.41,99.28,99.41,99.41,99.27,4100,407061.0,24-NOV-2023,2,IN002023X278,
53,91D301123,TB,99.8,99.8,99.75,99.75,99.75,99.8,1000,99765.0,24-NOV-2023,2,IN002023X237,
54,92GS2030,GS,112.6,115.0,112.0,115.0,115.0,113.0,57401,6436674.0,24-NOV-2023,14,IN0020130053,
55,A2ZINFRA,BE,11.35,11.35,11.35,11.35,11.35,11.55,22613,256657.55,24-NOV-2023,34,INE619I01012,
56,AAATECH,EQ,78.0,78.4,76.25,76.45,76.25,77.7,47370,3645236.9,24-NOV-2023,870,INE0D0U01013,
57,AAKASH,EQ,7.1,7.15,7.0,7.05,7.1,7.05,291936,2064690.95,24-NOV-2023,605,INE087Z01024,
58,AAREYDRUGS,BE,48.8,48.9,48.8,48.85,48.85,48.75,20814,1016324.3,24-NOV-2023,40,INE198H01019,
59,AARON,EQ,264.0,264.0,257.0,258.2,258.25,262.05,6199,1607069.6,24-NOV-2023,551,INE721Z01010,
60,AARTECH,BE,144.1,147.5,138.6,143.4,144.05,144.05,9432,1351320.2,24-NOV-2023,175,INE01C001018,
61,AARTIDRUGS,EQ,477.9,487.95,477.55,480.5,479.8,475.35,130330,62949302.95,24-NOV-2023,8675,INE767A01016,
62,AARTIIND,EQ,529.75,536.3,529.75,531.45,530.75,529.75,956738,509972646.3,24-NOV-2023,21348,INE769A01020,
63,AARTIPHARM,EQ,399.75,410.0,397.4,407.0,409.9,395.8,130219,52817149.75,24-NOV-2023,10996,INE0LRU01027,
64,AARTIPP,E1,285.05,285.05,285.0,285.0,285.0,281.05,10,2850.05,24-NOV-2023,5,IN909EO01012,
65,AARTISURF,EQ,626.35,633.45,613.1,619.65,622.65,625.6,7901,4924181.5,24-NOV-2023,1095,INE09EO01013,
66,AARVEEDEN,EQ,24.8,25.25,24.25,24.35,24.6,24.85,34794,856633.35,24-NOV-2023,512,INE273D01019,
67,AARVI,EQ,120.5,120.5,118.0,118.4,118.55,118.2,9893,1175484.1,24-NOV-2023,271,INE754X01016,
68,AATMAJ,SM,40.45,41.3,40.25,41.1,41.2,41.35,30000,1217100.0,24-NOV-2023,15,INE0OB201016,
69,AAVAS,EQ,1495.6,1507.0,1482.0,1485.55,1484.95,1488.15,98825,147935475.1,24-NOV-2023,7849,INE216P01012,
70,ABAN,BE,50.5,51.95,50.35,50.6,50.5,50.55,79472,4065735.9,24-NOV-2023,458,INE421A01028,
71,ABB,EQ,4265.0,4276.45,4224.0,4262.35,4253.0,4260.55,116246,494554395.05,24-NOV-2023,17151,INE117A01022,
72,ABBOTINDIA,EQ,23886.5,24095.0,23826.65,24045.85,24000.0,23886.5,6351,152341390.2,24-NOV-2023,2483,INE358A01014,
73,ABCAPITAL,EQ,171.5,172.0,167.2,168.7,167.75,171.0,1708877,290260479.15,24-NOV-2023,17258,INE674K01013,
74,ABFL,N4,974.6,974.6,960.0,974.5,974.6,972.5,19,18383.45,24-NOV-2023,7,INE860H07IP2,
75,ABFL,N5,1005.0,1005.0,1005.0,1005.0,1005.0,1005.0,90,90450.0,24-NOV-2023,1,INE860H07IS6,
76,ABFRL,EQ,227.0,232.8,225.35,228.3,227.7,226.3,6230867,1429153957.3,24-NOV-2023,42005,INE647O01011,
77,ABINFRA,SM,50.5,50.5,48.7,48.7,48.7,48.5,12000,598400.0,24-NOV-2023,3,INE00YB01017,
78,ABMINTLLTD,BE,44.25,46.0,43.0,46.0,46.0,44.25,589,25774.55,24-NOV-2023,15,INE251C01025,
79,ABSLAMC,EQ,452.0,461.0,444.3,457.15,456.25,452.0,102253,46658781.65,24-NOV-2023,4518,INE404A01024,
80,ABSLBANETF,EQ,44.29,44.29,43.91,44.16,44.05,43.94,239287,10533499.65,24-NOV-2023,2680,INF209KB17D5,
81,ABSLLIQUID,EQ,1000.01,1000.01,999.99,1000.01,1000.01,999.99,242,242000.14,24-NOV-2023,6,INF209KB18T9,
82,ABSLNN50ET,EQ,48.4,48.4,48.0,48.1,48.11,47.95,2939,141489.57,24-NOV-2023,71,INF209KB16D7,
83,ACC,EQ,1822.0,1829.0,1813.0,1820.5,1825.0,1819.7,188206,342831124.6,24-NOV-2023,19250,INE012A01025,
84,ACCELYA,EQ,1373.9,1385.9,1373.9,1376.25,1376.2,1373.9,6978,9622366.9,24-NOV-2023,1332,INE793A01012,
85,ACCORD,ST,27.8,27.8,27.8,27.8,27.8,29.25,2000,55600.0,24-NOV-2023,1,INE113X01015,
86,ACCURACY,BE,9.3,9.3,8.6,8.75,8.85,9.0,367984,3263004.1,24-NOV-2023,1270,INE648Z01023,
87,ACE,EQ,823.0,847.05,810.0,813.2,812.75,821.8,263140,217229340.2,24-NOV-2023,21235,INE731H01025,
88,ACEINTEG,EQ,34.95,38.0,31.75,32.3,32.5,34.85,78645,2679661.3,24-NOV-2023,919,INE543V01017,
89,ACI,EQ,539.9,565.2,537.7,559.75,559.2,536.05,1620055,898954664.65,24-NOV-2023,45988,INE128X01021,
90,ACL,EQ,97.85,97.85,94.1,94.4,95.0,95.25,42303,4039941.45,24-NOV-2023,2415,INE666E01020,
91,ACSAL,SM,58.3,58.3,57.0,57.65,57.65,56.95,24000,1377000.0,24-NOV-2023,8,INE0P4T01013,
92,ADANIENSOL,EQ,723.0,740.0,720.15,729.1,733.0,723.05,479763,349475035.1,24-NOV-2023,22518,INE931S01010,
93,ADANIENT,EQ,2179.0,2251.95,2160.9,2225.45,2250.0,2175.25,1946259,4293526664.3,24-NOV-2023,91515,INE423A01024,
94,ADANIGREEN,EQ,936.0,952.8,920.0,937.9,941.0,930.7,738018,691273410.6,24-NOV-2023,32078,INE364U01010,
95,ADANIPORTS,EQ,795.9,802.95,785.0,795.55,801.0,793.1,4421350,3494159507.65,24-NOV-2023,71988,INE742F01042,
96,ADANIPOWER,EQ,382.7,400.8,380.3,397.2,398.7,381.7,9134805,3581065936.9,24-NOV-2023,79972,INE814H01011,
97,ADFFOODS,EQ,213.85,215.4,210.05,212.15,211.85,212.8,103824,22130492.85,24-NOV-2023,5342,INE982B01027,
98,ADL,BE,92.0,92.0,87.4,89.05,87.4,92.0,248,22122.2,24-NOV-2023,17,INE0CHO01012,
99,ADORWELD,EQ,1535.4,1550.0,1499.9,1509.6,1519.7,1520.2,28412,43208334.45,24-NOV-2023,4392,INE045A01017,
100,ADROITINFO,BE,20.7,20.7,20.5,20.5,20.5,20.7,7166,147044.0,24-NOV-2023,31,INE737B01033,
101,ADSL,EQ,122.55,124.35,119.7,121.15,121.6,122.15,218820,26646103.15,24-NOV-2023,2849,INE102I01027,
102,ADVANIHOTR,EQ,105.5,108.75,105.0,106.55,106.9,106.35,109950,11730337.65,24-NOV-2023,1737,INE199C01026,
103,ADVENZYMES,EQ,323.8,337.0,321.6,329.2,329.9,324.7,298256,98446228.85,24-NOV-2023,14444,INE837H01020,
104,AEGISCHEM,EQ,331.0,346.55,331.0,344.8,344.8,326.65,2701064,921406108.35,24-NOV-2023,36682,INE208C01025,
105,AEROFLEX,EQ,156.4,164.45,156.4,162.45,162.4,156.4,1831074,295984993.6,24-NOV-2023,20173,INE024001021,
106,AETHER,EQ,893.75,896.3,883.05,889.1,888.0,891.95,40526,36086082.2,24-NOV-2023,4000,INE0BWX01014,
107,AFFLE,EQ,1108.0,1135.9,1090.2,1096.4,1094.0,1084.6,934122,1041512810.45,24-NOV-2023,46576,INE00WC01027,
108,AGARIND,EQ,926.3,935.4,910.0,931.25,933.5,926.55,26435,24356584.4,24-NOV-2023,4108,INE204E01012,
109,AGARWALFT,SM,58.05,58.9,58.05,58.9,58.9,59.0,6000,350850.0,24-NOV-2023,2,INE0MLA01012,
110,AGI,EQ,998.0,1003.25,969.0,972.45,973.15,990.45,143566,140889714.75,24-NOV-2023,13934,INE415A01038,
111,AGNI,SM,25.0,25.0,22.85,24.0,24.0,24.65,45000,1083750.0,24-NOV-2023,9,INE0LF301013,
112,AGRITECH,EQ,229.95,244.8,225.1,229.3,228.9,223.45,74351,17726055.7,24-NOV-2023,4928,INE449G01018,
113,AGROPHOS,EQ,40.35,40.35,39.75,40.0,39.9,39.8,94214,3780343.15,24-NOV-2023,463,INE740V01019,
114,AGSTRA,EQ,89.5,91.4,87.65,88.65,87.65,89.05,1097303,98543693.6,24-NOV-2023,6244,INE583L01014,
115,AGUL,ST,75.45,75.45,75.45,75.45,75.45,79.4,2000,150900.0,24-NOV-2023,1,INE0O6N01012,
116,AHL,EQ,330.0,350.4,327.2,345.45,343.0,329.8,531056,181946326.6,24-NOV-2023,9248,INE00ZE01026,
117,AHLADA,EQ,122.35,123.5,116.9,117.85,117.9,120.55,40183,4796856.75,24-NOV-2023,625,INE00PV01013,
118,AHLEAST,EQ,131.2,132.2,130.0,131.45,131.5,132.15,7582,997018.45,24-NOV-2023,144,INE926K01017,
119,AHLUCONT,EQ,818.95,823.6,805.0,810.35,808.0,818.8,68172,55516334.3,24-NOV-2023,11466,INE758C01029,
120,AIAENG,EQ,3518.1,3553.4,3489.0,3541.2,3543.0,3499.7,53791,189700963.5,24-NOV-2023,10548,INE212H01026,
121,AIRAN,BE,22.9,22.95,22.0,22.5,22.5,22.35,81002,1807380.2,24-NOV-2023,362,INE645W01026,
122,AIROLAM,EQ,130.05,132.9,127.1,127.85,127.1,129.3,11067,1427434.65,24-NOV-2023,275,INE801L01010,
123,AIRTELPP,E1,580.2,584.95,575.25,577.6,575.75,581.85,168407,97506661.1,24-NOV-2023,1160,IN9397D01014,
124,AISL,SM,60.3,60.3,60.3,60.3,60.3,58.0,1200,72360.0,24-NOV-2023,1,INE635Y01015,
125,AJANTPHARM,EQ,1962.05,1969.8,1946.0,1957.95,1947.0,1962.05,68129,133276762.0,24-NOV-2023,8815,INE031B01049,
126,AJMERA,EQ,444.0,445.75,430.05,432.95,433.0,442.2,121770,53339687.55,24-NOV-2023,8686,INE298G01027,
127,AJOONI,EQ,4.8,4.9,4.75,4.9,4.9,4.75,805631,3903337.85,24-NOV-2023,1246,INE820Y01021,
128,AKASH,EQ,32.55,34.7,31.5,32.15,32.3,32.2,181548,6014161.5,24-NOV-2023,1193,INE737W01013,
129,AKG,EQ,28.35,28.75,25.35,26.05,26.25,28.15,469768,12788094.45,24-NOV-2023,1850,INE00Y801016,
130,AKI,BE,26.25,26.25,26.25,26.25,26.25,25.75,26760,702450.0,24-NOV-2023,32,INE642Z01026,
131,AKSHAR,EQ,7.75,7.85,7.15,7.15,7.15,7.5,10117536,74525650.7,24-NOV-2023,4977,INE256Z01025,
132,AKSHARCHEM,EQ,255.0,255.0,251.0,252.35,252.15,253.25,3154,796370.75,24-NOV-2023,228,INE542B01011,
133,AKSHOPTFBR,BE,10.4,10.4,10.2,10.25,10.3,10.4,156750,1611287.6,24-NOV-2023,294,INE523B01011,
134,AKZOINDIA,EQ,2510.0,2510.0,2471.6,2476.55,2471.6,2497.95,4414,10950795.15,24-NOV-2023,891,INE133A01011,
135,ALANKIT,EQ,15.05,15.4,14.3,14.45,14.85,14.95,2427357,35738260.35,24-NOV-2023,2339,INE914E01040,
136,ALBERTDAVD,EQ,970.0,1040.0,952.0,1013.15,1022.5,954.25,126290,125852055.4,24-NOV-2023,11297,INE155C01010,
137,ALEMBICLTD,EQ,82.9,86.25,82.35,85.0,85.3,82.6,2950832,250090615.2,24-NOV-2023,12072,INE426A01027,
138,ALICON,EQ,847.35,848.9,827.4,834.75,828.9,839.05,9722,8166805.1,24-NOV-2023,3772,INE062D01024,
139,ALKALI,EQ,131.9,133.85,128.75,129.4,129.0,131.75,43749,5724067.7,24-NOV-2023,921,INE773I01017,
140,ALKEM,EQ,4532.25,4593.45,4526.3,4557.8,4560.0,4521.15,198443,905523066.3,24-NOV-2023,36657,INE540L01014,
141,ALKYLAMINE,EQ,2150.0,2164.0,2145.4,2154.5,2157.0,2148.65,16858,36328137.15,24-NOV-2023,3275,INE150B01039,
142,ALLCARGO,EQ,267.15,267.95,262.45,263.4,263.5,265.85,234963,62047693.7,24-NOV-2023,5534,INE418H01029,
143,ALLETEC,SM,260.6,264.25,260.0,260.75,260.0,265.0,20800,5442160.0,24-NOV-2023,24,INE0M2X01012,
144,ALLSEC,EQ,655.35,661.95,649.1,651.95,655.0,653.95,30001,19636224.0,24-NOV-2023,3456,INE835G01018,
145,ALMONDZ,EQ,89.05,91.0,87.45,87.65,87.5,89.05,72121,6374097.05,24-NOV-2023,821,INE326B01027,
146,ALOKINDS,EQ,20.4,20.85,19.95,20.05,20.2,20.3,16837701,342817301.8,24-NOV-2023,12882,INE270A01029,
147,ALPA,EQ,100.4,103.25,96.9,98.05,98.8,100.3,207059,20678004.4,24-NOV-2023,3854,INE385I01010,
148,ALPHAETF,EQ,19.03,19.03,18.4,18.53,18.58,18.58,11459,211992.63,24-NOV-2023,86,INF769K01KU7,
149,ALPHAGEO,EQ,281.8,283.45,279.05,282.1,282.0,280.55,4445,1252327.75,24-NOV-2023,253,INE137C01018,
150,ALPSINDUS,EQ,2.1,2.1,2.0,2.0,2.05,2.05,73483,148996.9,24-NOV-2023,94,INE093B01015,
151,AMBANIORG,SM,126.0,131.4,123.5,127.0,127.0,129.8,9000,1163300.0,24-NOV-2023,6,INE00C501018,
152,AMBER,EQ,3242.25,3328.0,3241.55,3263.9,3260.0,3260.7,62581,205244160.6,24-NOV-2023,8408,INE371P01015,
153,AMBICAAGAR,BE,30.0,30.0,29.95,29.95,29.95,30.0,2417,72504.8,24-NOV-2023,25,INE792B01012,
154,AMBIKCO,EQ,1692.7,1692.7,1655.0,1667.45,1676.0,1670.65,21114,35421170.8,24-NOV-2023,3570,INE540G01014,
155,AMBUJACEM,EQ,415.95,416.0,411.35,414.3,415.2,415.6,1929621,797637878.75,24-NOV-2023,32343,INE079A01024,
156,AMDIND,EQ,79.8,80.85,78.5,79.05,78.6,79.85,44944,3562378.2,24-NOV-2023,512,INE005I01014,
157,AMEYA,SM,52.0,53.75,50.0,53.0,53.0,51.1,60000,3111400.0,24-NOV-2023,28,INE0KT901015,
158,AMIORG,EQ,1100.0,1120.9,1092.1,1109.6,1110.0,1091.9,127553,141686163.45,24-NOV-2023,10744,INE00FF01017,
159,AMJLAND,EQ,40.15,40.15,38.1,38.5,38.5,39.55,77753,3042602.6,24-NOV-2023,733,INE606A01024,
160,AMNPLST,EQ,155.8,156.45,149.0,151.2,150.25,153.5,10988,1670385.85,24-NOV-2023,1023,INE275D01022,
161,AMRUTANJAN,EQ,599.0,613.85,598.95,611.4,610.55,596.0,29514,17982014.2,24-NOV-2023,4026,INE098F01031,
162,ANANDRATHI,EQ,2490.0,2549.0,2472.1,2514.75,2512.0,2507.4,64288,161730838.25,24-NOV-2023,10663,INE463V01026,
163,ANANTRAJ,EQ,252.75,254.5,250.0,250.85,250.6,252.75,337673,85139331.4,24-NOV-2023,5598,INE242C01024,
164,ANDHRAPAP,EQ,569.0,574.0,565.0,566.6,565.0,567.7,40411,22990449.5,24-NOV-2023,4001,INE435A01028,
165,ANDHRSUGAR,EQ,113.5,113.6,110.3,110.6,110.4,112.65,280807,31327415.5,24-NOV-2023,3989,INE715B01021,
166,ANGELONE,EQ,2970.0,3080.0,2970.0,3043.05,3038.0,2952.5,1325755,4033816412.55,24-NOV-2023,71763,INE732I01013,
167,ANIKINDS,EQ,59.7,59.7,57.4,59.7,59.7,56.9,172770,10230607.35,24-NOV-2023,1560,INE087B01017,
168,ANKITMETAL,BE,4.5,4.5,4.45,4.45,4.45,4.55,12667,56656.05,24-NOV-2023,49,INE106I01010,
169,ANLON,SM,262.0,267.0,261.0,267.0,267.0,261.0,3600,948200.0,24-NOV-2023,9,INE0LR101013,
170,ANMOL,EQ,57.3,58.55,57.3,58.15,58.2,57.3,198067,11482375.9,24-NOV-2023,1156,INE02AR01019,
171,ANNAPURNA,SM,328.95,329.85,317.6,319.75,319.55,322.15,56500,18270800.0,24-NOV-2023,91,INE0MGM01017,
172,ANTGRAPHIC,EQ,1.05,1.05,1.05,1.05,1.05,1.0,431583,453162.15,24-NOV-2023,128,INE414B01021,
173,ANUP,EQ,2743.55,2772.35,2699.95,2714.7,2715.7,2743.5,5495,15030916.8,24-NOV-2023,1651,INE294Z01018,
174,ANURAS,EQ,945.9,952.0,940.25,949.95,952.0,943.2,284599,268783682.55,24-NOV-2023,6846,INE930P01018,
175,APARINDS,EQ,5690.0,5690.0,5580.55,5607.6,5620.0,5682.65,73540,413395449.2,24-NOV-2023,13254,INE372A01015,
176,APCL,EQ,213.15,213.15,207.85,208.5,209.0,211.05,23117,4851726.75,24-NOV-2023,1078,INE071F01012,
177,APCOTEXIND,EQ,529.55,537.25,522.1,527.1,526.05,529.4,43751,23175841.05,24-NOV-2023,5240,INE116A01032,
178,APEX,EQ,217.3,217.6,215.0,216.45,216.9,216.45,51167,11080167.25,24-NOV-2023,2084,INE346W01013,
179,APLAPOLLO,EQ,1696.4,1722.3,1685.05,1696.25,1693.0,1683.85,1090186,1855866048.5,24-NOV-2023,43447,INE702C01027,
180,APLLTD,EQ,724.5,739.6,710.25,725.45,726.55,722.45,164798,119318554.35,24-NOV-2023,19285,INE901L01018,
181,APOLLO,BE,138.75,139.8,131.75,131.75,131.75,138.65,1970066,263414020.85,24-NOV-2023,13443,INE713T01028,
182,APOLLOHOSP,EQ,5493.0,5493.0,5395.0,5401.3,5408.7,5493.95,270183,1467149154.3,24-NOV-2023,32571,INE437A01024,
183,APOLLOPIPE,EQ,688.3,690.0,671.4,686.5,690.0,685.85,83626,57022916.7,24-NOV-2023,6844,INE126J01016,
184,APOLLOTYRE,EQ,420.8,421.95,413.95,414.6,415.55,420.95,1137441,473334890.45,24-NOV-2023,15932,INE438A01022,
185,APOLSINHOT,EQ,1668.0,1674.9,1610.0,1615.45,1625.75,1637.35,1253,2058074.65,24-NOV-2023,280,INE451F01024,
186,APTECHT,EQ,253.0,258.9,249.35,254.7,254.5,253.0,781084,198677974.05,24-NOV-2023,16823,INE266F01018,
187,APTUS,EQ,284.0,286.75,281.85,283.45,283.7,283.5,229535,65226948.95,24-NOV-2023,16655,INE852O01025,
188,ARABIAN,SM,102.2,114.8,102.1,114.8,114.8,104.4,378000,42381700.0,24-NOV-2023,177,INE08NJ01024,
189,ARCHIDPLY,BE,83.75,83.75,81.5,81.95,82.0,83.75,11178,916522.6,24-NOV-2023,116,INE877I01016,
190,ARCHIES,EQ,25.5,26.15,24.7,26.15,26.15,24.95,422007,10965194.55,24-NOV-2023,1493,INE731A01020,
191,ARE&M,EQ,670.05,684.85,663.05,678.7,677.0,666.75,1473762,998432032.25,24-NOV-2023,38534,INE885A01032,
192,ARENTERP,BE,37.45,37.45,36.9,37.3,37.3,37.05,1912,71557.7,24-NOV-2023,15,INE610C01014,
193,ARHAM,SM,190.95,197.0,180.0,190.35,190.0,188.2,45000,8599100.0,24-NOV-2023,45,INE0L2Y01011,
194,ARIES,EQ,197.9,200.0,196.7,197.65,197.1,197.25,55405,10984647.85,24-NOV-2023,2298,INE298I01015,
195,ARIHANTACA,SM,119.0,119.0,116.0,116.0,116.0,115.8,1600,188000.0,24-NOV-2023,2,INE0NCC01015,
196,ARIHANTCAP,EQ,73.7,74.95,72.6,73.4,73.85,72.4,405982,29949182.4,24-NOV-2023,3372,INE420B01036,
197,ARIHANTSUP,EQ,250.45,254.0,247.0,249.95,250.0,250.45,50624,12670303.2,24-NOV-2023,784,INE643K01018,
198,ARISTO,SM,77.0,77.0,73.3,75.9,75.9,76.0,9600,722000.0,24-NOV-2023,6,INE082101010,
199,ARMANFIN,EQ,2185.0,2219.95,2160.0,2181.0,2187.95,2200.65,7480,16318359.9,24-NOV-2023,2099,INE109C01017,
200,AROGRANITE,BE,49.0,49.0,47.55,48.45,48.85,48.6,25744,1245931.8,24-NOV-2023,116,INE210C01013,
201,ARROWGREEN,EQ,451.0,454.7,441.0,445.05,445.0,451.0,62583,27971771.95,24-NOV-2023,8230,INE570D01018,
202,ARSHIYA,EQ,4.0,4.05,3.7,3.75,3.75,3.9,7851060,30615244.6,24-NOV-2023,2170,INE968D01022,
203,ARTEMISMED,EQ,168.0,170.35,164.5,164.95,165.0,167.6,96722,16097579.45,24-NOV-2023,2899,INE025R01021,
204,ARTNIRMAN,EQ,47.95,48.4,46.25,48.4,48.4,46.1,5520,266005.85,24-NOV-2023,86,INE738V01013,
205,ARVEE,EQ,120.0,120.0,114.65,117.9,114.65,115.55,2535,301035.05,24-NOV-2023,294,INE006Z01016,
206,ARVIND,EQ,222.9,226.2,216.25,220.95,220.7,221.25,1436910,317201557.5,24-NOV-2023,25588,INE034A01011,
207,ARVINDFASN,EQ,429.2,435.0,420.5,424.1,423.9,425.75,386289,164953978.4,24-NOV-2023,13035,INE955V01021,
208,ARVSMART,EQ,380.9,383.85,373.05,378.7,375.85,379.25,73451,27819651.45,24-NOV-2023,4868,INE034S01021,
209,ASAHIINDIA,EQ,576.0,589.1,564.1,565.6,566.3,575.45,137273,79296688.05,24-NOV-2023,8563,INE439A01020,
210,ASAHISONG,EQ,288.05,293.4,288.05,290.0,290.55,288.05,4799,1391293.3,24-NOV-2023,471,INE228I01012,
211,ASAL,EQ,435.0,469.0,430.85,445.95,445.45,432.4,201618,91717027.95,24-NOV-2023,17898,INE900C01027,
212,ASALCBR,EQ,455.0,459.9,449.1,455.4,455.0,449.65,60999,27827061.3,24-NOV-2023,3256,INE073G01016,
213,ASHAPURMIN,BE,348.0,361.0,348.0,357.55,358.5,344.6,325365,115527052.8,24-NOV-2023,4533,INE348A01023,
214,ASHIANA,EQ,257.9,259.0,248.05,249.65,249.95,256.95,126510,31988650.4,24-NOV-2023,4425,INE365D01021,
215,ASHIMASYN,EQ,16.4,16.75,16.25,16.35,16.3,16.45,188059,3100170.4,24-NOV-2023,566,INE440A01010,
216,ASHOKA,EQ,139.35,141.0,133.5,134.05,134.65,138.75,3327187,452199763.2,24-NOV-2023,28280,INE442H01029,
217,ASHOKAMET,EQ,21.25,21.5,20.25,20.65,20.9,20.6,85998,1793353.3,24-NOV-2023,654,INE760Y01011,
218,ASHOKLEY,EQ,178.3,179.85,175.8,178.15,178.2,177.95,9603238,1710983749.1,24-NOV-2023,59362,INE208A01029,
219,ASIANENE,EQ,172.0,179.75,169.1,179.75,179.75,171.2,61912,10822876.25,24-NOV-2023,974,INE276G01015,
220,ASIANHOTNR,BE,214.8,214.9,203.8,213.25,213.9,204.8,4240,897850.35,24-NOV-2023,73,INE363A01022,
221,ASIANPAINT,EQ,3118.0,3139.8,3111.0,3136.15,3130.2,3122.95,756329,2364699220.4,24-NOV-2023,49189,INE021A01026,
222,ASIANTILES,EQ,77.85,78.4,76.1,76.3,76.5,77.25,561535,43337805.8,24-NOV-2023,3155,INE022I01019,
223,ASKAUTOLTD,EQ,294.65,296.4,293.1,294.5,296.0,293.1,353653,104160206.2,24-NOV-2023,5819,INE491J01022,
224,ASLIND,ST,37.5,37.5,37.5,37.5,37.5,35.75,4000,150000.0,24-NOV-2023,1,INE617I01024,
225,ASMS,BE,18.2,18.3,18.2,18.25,18.25,18.55,111957,2044986.9,24-NOV-2023,117,INE855F01042,
226,ASPINWALL,EQ,238.8,239.95,229.95,231.85,231.5,235.8,3579,839226.65,24-NOV-2023,191,INE991I01015,
227,ASTEC,EQ,1253.0,1269.95,1242.05,1254.65,1265.0,1253.6,5437,6827125.85,24-NOV-2023,1253,INE563J01010,
228,ASTERDM,EQ,338.15,342.9,335.15,337.65,336.85,337.95,115925,39265939.45,24-NOV-2023,5643,INE914M01019,
229,ASTRAL,EQ,1963.95,1963.95,1925.0,1933.7,1933.0,1953.95,184033,356471340.7,24-NOV-2023,25323,INE006I01046,
230,ASTRAMICRO,EQ,557.5,566.55,548.65,551.15,554.0,555.9,307483,171093267.0,24-NOV-2023,15310,INE386C01029,
231,ASTRAZEN,EQ,4653.8,4694.0,4642.55,4682.85,4680.0,4647.4,2636,12314684.7,24-NOV-2023,633,INE203A01020,
232,ASTRON,BE,28.85,29.75,28.85,29.3,29.65,28.95,8581,251782.3,24-NOV-2023,64,INE646X01014,
233,ATALREAL,BE,14.25,14.25,14.25,14.25,14.25,14.5,5184,73872.0,24-NOV-2023,58,INE0ALR01029,
234,ATAM,EQ,167.0,181.1,163.8,181.1,181.1,164.65,195760,34497599.45,24-NOV-2023,2573,INE09KD01013,
235,ATFL,EQ,815.1,830.0,807.1,815.1,819.95,816.25,6985,5720424.05,24-NOV-2023,963,INE209A01019,
236,ATGL,EQ,530.6,543.9,529.0,536.95,539.0,530.6,645918,346648884.4,24-NOV-2023,24036,INE399L01023,
237,ATL,EQ,53.9,54.15,52.05,52.5,52.65,53.4,734206,38989656.85,24-NOV-2023,5474,INE0NN701020,
238,ATLANTA,EQ,21.7,21.7,21.45,21.7,21.7,20.7,49069,1063875.4,24-NOV-2023,118,INE285H01022,
239,ATUL,EQ,6616.0,6648.95,6500.1,6540.7,6535.7,6612.3,56022,368918945.85,24-NOV-2023,5778,INE100A01010,
240,ATULAUTO,EQ,629.9,629.9,615.25,623.15,620.0,624.45,79378,49378675.4,24-NOV-2023,2855,INE951D01028,
241,AUBANK,EQ,720.0,726.1,711.55,722.2,722.3,719.3,1619706,1160065848.7,24-NOV-2023,34031,INE949L01017,
242,AURDIS,SM,316.3,316.3,300.5,304.9,300.8,316.3,28000,8450025.0,24-NOV-2023,53,INE448V01019,
243,AURIONPRO,BE,1790.0,1810.0,1741.0,1804.1,1794.0,1767.75,11076,19627469.0,24-NOV-2023,495,INE132H01018,
244,AUROIMPEX,SM,68.9,70.0,67.4,68.0,67.4,68.9,51200,3547200.0,24-NOV-2023,30,INE0NUL01018,
245,AUROPHARMA,EQ,1033.8,1042.3,1028.95,1032.8,1031.9,1028.75,1332120,1378601475.1,24-NOV-2023,47592,INE406A01037,
246,AURUM,EQ,135.15,135.5,132.25,133.4,133.0,134.6,36153,4858365.35,24-NOV-2023,772,INE898S01029,
247,AURUMPP,E1,69.5,70.2,67.5,69.25,69.95,69.55,9159,636818.65,24-NOV-2023,106,IN9898S01019,
248,AUSOMENT,BE,69.2,69.9,66.2,67.9,69.3,69.2,2691,183563.7,24-NOV-2023,44,INE218C01016,
249,AUTOAXLES,EQ,2354.6,2375.0,2340.0,2344.35,2340.0,2342.85,10556,24864253.75,24-NOV-2023,2068,INE449A01011,
250,AUTOBEES,EQ,173.19,173.27,172.6,172.93,173.0,172.74,29497,5103144.9,24-NOV-2023,840,INF204KC1337,
251,AUTOIND,BE,98.6,100.8,95.8,97.3,98.0,98.6,98322,9589560.1,24-NOV-2023,332,INE718H01014,
252,AVADHSUGAR,EQ,807.9,838.9,807.9,815.05,815.0,835.25,482041,397415594.65,24-NOV-2023,29352,INE349W01017,
253,AVALON,EQ,479.95,486.95,476.0,479.05,479.95,478.6,156023,74873731.4,24-NOV-2023,7491,INE0LCL01028,
254,AVANTIFEED,EQ,395.35,397.65,393.0,396.4,395.5,395.35,86160,34114328.7,24-NOV-2023,4880,INE871C01038,
255,AVG,EQ,313.5,321.2,305.0,307.85,306.4,314.0,43714,13744271.95,24-NOV-2023,2780,INE680Z01018,
256,AVONMORE,EQ,80.2,80.2,75.1,76.35,75.6,78.6,45181,3498110.25,24-NOV-2023,1128,INE323B01016,
257,AVROIND,EQ,107.9,107.9,104.9,106.3,106.4,105.95,17189,1823766.8,24-NOV-2023,508,INE652Z01017,
258,AVTNPL,EQ,88.15,91.2,88.15,89.1,89.4,87.7,413723,37149108.2,24-NOV-2023,3094,INE488D01021,
259,AWHCL,EQ,495.15,499.1,483.1,486.55,488.35,495.15,164067,80167639.3,24-NOV-2023,10748,INE01BK01022,
260,AWL,EQ,315.4,321.0,310.8,316.95,317.4,315.4,2001218,632901651.85,24-NOV-2023,27199,INE699H01024,
261,AXISBANK,EQ,1002.0,1010.75,999.7,1008.5,1009.0,999.05,6956281,7003545304.55,24-NOV-2023,175696,INE238A01034,
262,AXISBNKETF,EQ,442.31,444.99,441.6,444.68,444.81,442.99,708,313721.98,24-NOV-2023,42,INF846K01X63,
263,AXISBPSETF,EQ,11.31,11.32,11.31,11.31,11.32,11.31,85586,968785.63,24-NOV-2023,288,INF846K01Z04,
264,AXISCADES,EQ,565.0,576.0,556.6,561.05,560.0,566.05,58921,33376264.65,24-NOV-2023,3177,INE555B01013,
265,AXISCETF,EQ,89.4,89.68,89.11,89.31,89.41,89.0,244,21845.98,24-NOV-2023,18,INF846K016C7,
266,AXISGOLD,EQ,52.12,52.41,52.12,52.35,52.37,52.27,35676,1864286.36,24-NOV-2023,711,INF846K01W80,
267,AXISHCETF,EQ,102.17,102.76,102.0,102.13,102.19,101.4,672,68793.16,24-NOV-2023,53,INF846K01Z12,
268,AXISILVER,EQ,74.34,74.47,73.91,74.06,74.06,74.27,95906,7102561.0,24-NOV-2023,92,INF846K011K1,
269,AXISNIFTY,EQ,214.49,214.49,211.87,212.17,212.84,212.42,1797,382012.62,24-NOV-2023,85,INF846K01W98,
270,AXISTECETF,EQ,336.11,339.21,332.65,335.49,336.5,339.21,815,274569.58,24-NOV-2023,65,INF846K01Y96,
271,AXITA,EQ,30.05,30.25,29.5,30.0,29.95,29.25,4810150,144514600.0,24-NOV-2023,8942,INE02EZ01022,
272,AXSENSEX,EQ,67.9,67.9,66.36,66.4,66.37,66.64,1671,111234.63,24-NOV-2023,29,INF846K010Q0,
273,AYMSYNTEX,EQ,66.1,66.25,65.05,65.55,65.35,65.6,26719,1757818.5,24-NOV-2023,263,INE193B01039,
274,BABAFP,ST,73.25,76.9,73.25,76.9,76.9,73.25,505600,38452880.0,24-NOV-2023,300,INE0QW501012,
275,BAFNAPH,BE,90.9,90.9,87.0,87.05,87.0,87.45,5488,482567.6,24-NOV-2023,52,INE878I01022,
276,BAGFILMS,BE,6.0,6.05,5.95,5.95,5.95,6.0,45531,272907.55,24-NOV-2023,141,INE116D01028,
277,BAHETI,SM,187.0,187.0,186.0,186.0,186.0,194.0,1500,279750.0,24-NOV-2023,2,INE029Q01017,
278,BAIDFIN,BE,21.8,22.05,21.8,21.95,21.95,21.8,18511,405847.7,24-NOV-2023,108,INE020D01022,
279,BAJAJ-AUTO,EQ,5940.0,5960.0,5900.0,5930.3,5929.3,5925.25,297211,1759051930.2,24-NOV-2023,28146,INE917I01010,
280,BAJAJCON,EQ,222.1,226.0,220.95,223.0,223.1,222.05,259782,57863696.8,24-NOV-2023,8166,INE933K01021,
281,BAJAJELEC,EQ,1007.0,1007.0,990.05,992.25,991.0,1001.35,19736,19656073.55,24-NOV-2023,2531,INE193E01025,
282,BAJAJFINSV,EQ,1624.45,1628.95,1612.0,1617.25,1615.0,1623.95,625345,1011964460.7,24-NOV-2023,42845,INE918I01026,
283,BAJAJHCARE,EQ,384.5,384.5,377.5,378.55,379.9,380.6,64817,24637950.2,24-NOV-2023,3546,INE411U01027,
284,BAJAJHIND,EQ,33.1,33.2,32.35,32.45,32.5,33.0,8684915,282961438.2,24-NOV-2023,13186,INE306A01021,
285,BAJAJHLDNG,EQ,7423.6,7488.8,7399.0,7438.85,7439.1,7423.6,14344,106708381.85,24-NOV-2023,4214,INE118A01012,
286,BAJFINANCE,EQ,7108.0,7116.8,7011.0,7020.8,7035.0,7073.65,726499,5120186625.05,24-NOV-2023,87123,INE296A01024,
287,BALAJITELE,EQ,68.25,68.85,66.8,67.1,67.0,68.15,352639,23864692.65,24-NOV-2023,2735,INE794B01026,
288,BALAMINES,EQ,2020.1,2034.25,2017.0,2019.4,2020.0,2018.85,19732,39910681.65,24-NOV-2023,3851,INE050E01027,
289,BALAXI,EQ,414.0,439.0,410.05,433.5,439.0,418.6,8634,3669083.4,24-NOV-2023,499,INE618N01014,
290,BALKRISHNA,EQ,31.8,32.45,30.7,31.6,31.65,31.45,75422,2365800.15,24-NOV-2023,616,INE875R01011,
291,BALKRISIND,EQ,2572.95,2585.85,2547.2,2570.85,2568.0,2553.1,294957,757485177.65,24-NOV-2023,16223,INE787D01026,
292,BALMLAWRIE,EQ,156.5,157.7,153.6,154.0,154.9,156.05,326454,50669745.05,24-NOV-2023,5817,INE164A01016,
293,BALPHARMA,EQ,106.0,109.8,104.0,105.05,105.45,105.6,76911,8196476.1,24-NOV-2023,1763,INE083D01012,
294,BALRAMCHIN,EQ,471.0,471.0,455.0,460.85,461.0,470.3,3092616,1426287337.05,24-NOV-2023,31133,INE119A01028,
295,BANARBEADS,EQ,92.3,92.8,91.5,91.6,91.5,91.65,3415,313729.55,24-NOV-2023,168,INE655B01011,
296,BANARISUG,EQ,2630.0,2630.0,2550.0,2565.75,2550.0,2606.15,1712,4405742.2,24-NOV-2023,419,INE459A01010,
297,BANCOINDIA,EQ,575.75,582.75,573.3,576.1,577.0,571.75,62733,36291170.7,24-NOV-2023,4286,INE213C01025,
298,BANDHANBNK,EQ,213.0,214.95,212.0,212.35,212.2,212.4,14344145,3059381514.8,24-NOV-2023,60134,INE545U01014,
299,BANG,BE,65.15,69.0,65.15,65.4,65.3,68.4,26985,1784957.55,24-NOV-2023,248,INE863I01016,
300,BANKA,EQ,71.8,72.75,70.6,70.95,70.65,71.6,14898,1062017.5,24-NOV-2023,499,INE862Y01015,
301,BANKBARODA,EQ,194.5,195.5,192.75,193.1,192.95,194.35,5469063,1061214539.8,24-NOV-2023,49033,INE028A01039,
302,BANKBEES,EQ,445.99,446.0,444.16,445.7,445.5,444.23,792259,352651862.29,24-NOV-2023,4109,INF204KB15I9,
303,BANKETF,EQ,436.58,438.23,434.99,438.19,438.23,436.35,1739,759416.79,24-NOV-2023,43,INF769K01KR3,
304,BANKINDIA,EQ,104.45,105.15,103.1,103.55,103.1,104.15,3629578,377963548.75,24-NOV-2023,13732,INE084A01016,
305,BANSWRAS,EQ,151.0,152.0,147.6,148.15,148.0,150.65,59317,8878892.9,24-NOV-2023,1589,INE629D01020,
306,BARBEQUE,EQ,616.0,622.0,615.0,617.9,620.9,615.4,17276,10677968.5,24-NOV-2023,1399,INE382M01027,
307,BASF,EQ,2989.2,3014.15,2951.0,2988.6,2999.0,2981.2,17271,51486159.0,24-NOV-2023,2696,INE373A01013,
308,BASILIC,SM,301.0,304.0,291.15,298.65,298.5,301.0,196800,59252700.0,24-NOV-2023,156,INE0OCC01013,
309,BASML,EQ,53.0,54.8,51.9,53.35,53.2,52.6,454129,24375942.0,24-NOV-2023,2824,INE186H01022,
310,BATAINDIA,EQ,1606.05,1611.35,1590.0,1606.95,1607.0,1606.0,229492,367571537.55,24-NOV-2023,11530,INE176A01028,
311,BAYERCROP,EQ,5272.0,5285.95,5240.7,5262.75,5275.0,5272.3,9583,50512180.1,24-NOV-2023,1705,INE462A01022,
312,BBETF0432,EQ,1095.06,1097.54,1095.06,1097.0,1097.0,1096.87,1119,1227389.8,24-NOV-2023,25,INF754K01OB1,
313,BBL,EQ,3786.95,3797.0,3720.0,3737.25,3740.0,3756.75,14208,53371304.35,24-NOV-2023,3362,INE464A01028,
314,BBOX,BE,260.55,270.0,253.0,255.35,258.0,260.55,151202,39878301.25,24-NOV-2023,914,INE676A01027,
315,BBTC,EQ,1441.0,1484.95,1431.05,1443.2,1446.0,1432.95,82650,119650100.05,24-NOV-2023,7147,INE050A01025,
316,BBTCL,EQ,249.75,251.35,246.6,246.95,246.6,248.2,1707,424171.2,24-NOV-2023,97,INE01EE01011,
317,BCG,EQ,17.0,17.1,16.75,16.8,16.8,16.95,5476159,92370762.3,24-NOV-2023,9713,INE425B01027,
318,BCLIND,EQ,56.85,58.5,56.75,57.2,57.05,56.4,853244,49018205.8,24-NOV-2023,4482,INE412G01024,
319,BCONCEPTS,BE,655.0,656.0,647.0,649.5,649.5,649.95,5493,3581319.9,24-NOV-2023,67,INE977Y01011,
320,BDL,EQ,1109.0,1171.9,1104.6,1159.25,1160.0,1106.6,2552996,2896374098.6,24-NOV-2023,57923,INE171Z01018,
321,BEARDSELL,BE,45.9,48.15,45.35,48.15,48.15,45.9,56403,2699674.2,24-NOV-2023,226,INE520H01022,
322,BECTORFOOD,EQ,1237.85,1264.0,1218.55,1226.35,1220.9,1228.8,162612,201957770.55,24-NOV-2023,16371,INE495P01012,
323,BEDMUTHA,BE,152.25,152.25,152.25,152.25,152.25,155.35,7925,1206581.25,24-NOV-2023,16,INE844K01012,
324,BEL,EQ,139.95,142.15,137.35,140.35,140.4,139.35,19614754,2750246176.45,24-NOV-2023,75047,INE263A01024,
325,BEML,EQ,2401.5,2483.95,2380.0,2393.4,2396.3,2397.65,597616,1460422293.75,24-NOV-2023,45423,INE258A01016,
326,BEPL,EQ,98.5,98.8,96.05,96.5,96.5,97.95,751989,72872905.3,24-NOV-2023,5667,INE922A01025,
327,BERGEPAINT,EQ,575.05,578.5,571.4,573.55,572.15,574.85,304929,174977548.0,24-NOV-2023,14430,INE463A01038,
328,BETA,SM,1118.0,1178.9,1118.0,1167.35,1163.0,1120.75,2800,3231340.0,24-NOV-2023,24,INE351Y01019,
329,BEWLTD,SM,1430.0,1444.9,1385.0,1405.45,1385.0,1432.5,5125,7227581.25,24-NOV-2023,35,INE0HQI01014,
330,BFINVEST,EQ,537.7,555.65,528.6,530.95,534.95,536.55,107522,58142329.95,24-NOV-2023,9817,INE878K01010,
331,BFSI,EQ,20.19,20.19,19.87,19.95,19.98,19.92,97399,1941385.74,24-NOV-2023,405,INF769K01HI8,
332,BFUTILITIE,EQ,674.6,699.7,674.1,678.3,680.0,673.9,220526,151402311.5,24-NOV-2023,4156,INE243D01012,
333,BGRENERGY,EQ,89.7,91.7,87.25,87.85,87.8,89.05,510580,45567935.0,24-NOV-2023,3403,INE661I01014,
334,BHAGCHEM,EQ,1558.9,1573.05,1500.0,1511.6,1511.05,1549.85,23745,36257018.05,24-NOV-2023,1246,INE414D01019,
335,BHAGERIA,EQ,153.2,153.25,150.4,150.75,151.4,151.7,6679,1009053.2,24-NOV-2023,251,INE354C01027,
336,BHAGYANGR,BE,63.5,64.7,63.5,64.7,64.7,63.45,9264,597427.8,24-NOV-2023,39,INE458B01036,
337,BHANDARI,BE,7.0,7.2,6.9,7.0,6.95,7.0,648207,4561496.5,24-NOV-2023,1100,INE474E01029,
338,BHARATFORG,EQ,1096.0,1120.9,1093.5,1115.55,1115.15,1094.35,1312834,1460909542.85,24-NOV-2023,48204,INE465A01025,
339,BHARATGEAR,EQ,115.3,117.6,115.0,115.2,115.5,115.3,37104,4310625.1,24-NOV-2023,894,INE561C01019,
340,BHARATRAS,EQ,9182.0,9249.4,9080.3,9100.4,9124.9,9180.65,400,3648639.0,24-NOV-2023,220,INE838B01013,
341,BHARATWIRE,EQ,293.45,301.9,289.5,292.75,290.15,291.85,673341,199644289.55,24-NOV-2023,8886,INE316L01019,
342,BHARTIARTL,EQ,975.0,977.15,971.0,973.15,971.0,976.65,2322104,2262922858.2,24-NOV-2023,100616,INE397D01024,
343,BHEL,EQ,143.7,155.4,142.25,152.25,151.75,142.75,109749908,16559864287.9,24-NOV-2023,316953,INE257A01026,
344,BIGBLOC,EQ,151.55,159.5,151.55,157.0,156.65,152.85,85488,13385156.4,24-NOV-2023,2106,INE412U01025,
345,BIKAJI,EQ,540.05,551.0,537.1,548.15,548.3,539.65,332479,182204671.05,24-NOV-2023,9933,INE00E101023,
346,BIL,EQ,241.25,249.95,241.15,246.15,246.1,241.25,7191,1760694.2,24-NOV-2023,330,INE828A01016,
347,BINANIIND,BE,16.5,16.6,16.5,16.6,16.6,16.5,6726,111327.6,24-NOV-2023,19,INE071A01013,
348,BIOCON,EQ,235.45,238.95,234.9,235.35,235.5,234.65,2203816,522098285.5,24-NOV-2023,18464,INE376G01013,
349,BIOFILCHEM,EQ,50.35,51.35,49.75,49.9,49.75,50.35,31791,1601410.15,24-NOV-2023,440,INE829A01014,
350,BIRET,RR,239.5,242.36,238.25,239.16,239.3,237.99,43526,10409745.96,24-NOV-2023,1971,INE0FDU25010,
351,BIRLACABLE,EQ,272.0,276.0,270.05,270.9,271.85,271.45,43991,11960078.3,24-NOV-2023,1422,INE800A01015,
352,BIRLACORPN,EQ,1298.1,1322.0,1298.1,1311.55,1311.0,1300.6,46214,60572532.65,24-NOV-2023,6163,INE340A01012,
353,BIRLAMONEY,EQ,113.5,114.9,110.45,111.05,111.45,112.8,368893,41315303.15,24-NOV-2023,3912,INE865C01022,
354,BKMINDST,BZ,1.5,1.5,1.5,1.5,1.5,1.45,183927,275890.5,24-NOV-2023,68,INE831Q01016,
355,BLAL,EQ,159.05,162.7,159.05,160.2,160.05,158.8,79103,12701609.65,24-NOV-2023,1913,INE0N7W01012,
356,BLBLIMITED,EQ,21.9,22.2,21.2,21.5,21.4,21.6,79467,1716765.0,24-NOV-2023,528,INE791A01024,
357,BLISSGVS,EQ,139.0,148.75,138.0,146.35,147.45,137.25,2345494,340611120.2,24-NOV-2023,15749,INE416D01022,
358,BLKASHYAP,EQ,67.35,68.3,65.5,66.35,66.05,67.0,669653,44554349.7,24-NOV-2023,2818,INE350H01032,
359,BLS,EQ,263.15,265.85,260.1,260.6,261.0,263.15,587756,154036715.8,24-NOV-2023,10776,INE153T01027,
360,BLUECHIP,BE,1.35,1.35,1.35,1.35,1.35,1.4,49685,67074.75,24-NOV-2023,89,INE657B01025,
361,BLUEDART,EQ,6690.0,6959.95,6686.5,6933.6,6900.0,6687.95,25536,175548027.2,24-NOV-2023,7160,INE233B01017,
362,BLUEJET,EQ,382.0,384.3,370.05,374.3,372.0,383.7,375797,142004335.7,24-NOV-2023,9089,INE0KBH01020,
363,BLUESTARCO,EQ,984.75,1025.0,983.9,1009.9,1012.9,976.85,349192,351274754.75,24-NOV-2023,32268,INE472A01039,
364,BMETRICS,SM,118.8,121.45,118.8,120.0,120.0,118.65,6400,768320.0,24-NOV-2023,6,INE0I3Y01014,
365,BODALCHEM,EQ,74.5,75.15,73.55,73.9,73.9,74.15,174806,12938450.15,24-NOV-2023,2150,INE338D01028,
366,BOHRAIND,BE,37.8,37.8,37.8,37.8,37.8,39.75,22532,851709.6,24-NOV-2023,143,INE802W01023,
367,BOMDYEING,EQ,165.3,165.8,161.05,164.55,164.8,164.5,2433608,397629156.65,24-NOV-2023,19105,INE032A01023,
368,BOROLTD,EQ,412.4,424.9,405.05,413.5,413.5,411.4,204202,84770171.4,24-NOV-2023,12496,INE02PY01013,
369,BORORENEW,EQ,413.0,419.65,413.0,416.15,416.4,411.95,169407,70505043.9,24-NOV-2023,7978,INE666D01022,
370,BOSCHLTD,EQ,21250.0,21333.0,20999.8,21036.25,21002.0,21207.3,26207,553274075.7,24-NOV-2023,8649,INE323A01026,
371,BPCL,EQ,413.0,413.0,407.0,410.6,409.0,411.3,5487773,2251113162.5,24-NOV-2023,76444,INE029A01011,
372,BPL,BE,87.35,87.35,85.9,85.9,85.9,87.35,43384,3772004.25,24-NOV-2023,165,INE110A01019,
373,BRIGADE,EQ,753.0,753.0,735.0,737.65,735.1,750.25,92490,68714719.6,24-NOV-2023,5796,INE791I01019,
374,BRIGHT,SM,5.25,5.45,5.2,5.3,5.35,5.2,165000,880950.0,24-NOV-2023,47,INE684Z01010,
375,BRITANNIA,EQ,4705.8,4715.0,4640.5,4644.15,4642.0,4705.8,123628,576553096.3,24-NOV-2023,14501,INE216A01030,
376,BRITANNIA,N3,29.3,29.38,29.25,29.3,29.35,29.27,2279,66748.96,24-NOV-2023,72,INE216A08027,
377,BRNL,EQ,41.4,42.9,40.6,42.4,42.6,40.95,209872,8819800.25,24-NOV-2023,1168,INE727S01012,
378,BROOKS,BE,131.0,131.0,128.55,128.55,128.55,131.15,18068,2340476.45,24-NOV-2023,53,INE650L01011,
379,BSE,EQ,2130.4,2186.8,2071.35,2170.7,2180.0,2122.35,1464925,3117360717.6,24-NOV-2023,76784,INE118H01025,
380,BSHSL,EQ,224.1,227.8,220.55,222.0,223.6,224.1,17380,3868060.0,24-NOV-2023,548,INE032Z01020,
381,BSL,EQ,176.2,179.75,174.05,175.55,175.0,177.95,8602,1515101.45,24-NOV-2023,264,INE594B01012,
382,BSLGOLDETF,EQ,54.97,55.36,54.96,55.08,55.08,54.96,12285,676986.29,24-NOV-2023,230,INF209KB18D3,
383,BSLNIFTY,EQ,21.8,22.8,21.8,22.47,22.44,22.49,37245,838359.48,24-NOV-2023,1941,INF209KB19D1,
384,BSLSENETFG,EQ,64.48,64.79,64.41,64.66,64.68,64.67,396,25591.17,24-NOV-2023,34,INF209KB10E8,
385,BSOFT,EQ,624.35,624.45,612.0,613.85,614.75,622.2,872220,537237458.95,24-NOV-2023,22612,INE836A01035,
386,BTML,EQ,158.55,161.5,155.55,158.45,157.8,158.1,88014,13949227.8,24-NOV-2023,1510,INE0EEJ01015,
387,BURNPUR,BE,7.3,7.3,6.95,6.95,6.95,7.3,428983,3016358.7,24-NOV-2023,719,INE817H01014,
388,BUTTERFLY,EQ,1044.4,1057.95,1032.5,1043.35,1044.0,1044.4,7406,7715688.55,24-NOV-2023,1138,INE295F01017,
389,BVCL,BE,45.45,47.7,44.9,47.7,47.7,45.45,33051,1566052.9,24-NOV-2023,201,INE139I01011,
390,BYKE,BE,63.2,63.6,60.7,60.85,61.05,60.95,158627,9814106.3,24-NOV-2023,690,INE319B01014,
391,CADSYS,SM,251.9,251.9,251.9,251.9,251.9,239.95,11000,2770900.0,24-NOV-2023,10,INE090Y01013,
392,CALSOFT,EQ,14.0,14.0,13.65,13.85,13.85,13.8,42796,592693.35,24-NOV-2023,447,INE526B01014,
393,CAMLINFINE,EQ,128.4,129.6,127.4,127.95,128.2,128.4,277270,35656183.7,24-NOV-2023,4019,INE052I01032,
394,CAMPUS,EQ,279.8,282.0,272.0,273.55,274.0,278.2,773876,213889511.95,24-NOV-2023,15327,INE278Y01022,
395,CAMS,EQ,2815.0,2828.5,2775.1,2786.1,2778.0,2791.15,122029,341983129.2,24-NOV-2023,12999,INE596I01012,
396,CANARYS,SM,40.45,44.0,40.0,43.15,42.45,39.45,492000,20875600.0,24-NOV-2023,118,INE0QG301017,
397,CANBK,EQ,394.4,395.8,389.0,389.8,389.7,393.25,2615380,1025277073.0,24-NOV-2023,25616,INE476A01014,
398,CANFINHOME,EQ,765.15,767.0,751.0,753.65,752.55,764.4,197122,149650897.1,24-NOV-2023,7050,INE477A01020,
399,CANTABIL,EQ,202.0,204.5,197.55,200.0,200.95,202.0,138738,28008381.3,24-NOV-2023,3175,INE068L01024,
400,CAPACITE,EQ,256.85,267.5,256.4,257.7,257.6,255.9,1461135,382965816.45,24-NOV-2023,25267,INE264T01014,
401,CAPLIPOINT,EQ,1230.0,1245.95,1210.0,1229.45,1226.0,1229.0,67916,83429599.7,24-NOV-2023,7643,INE475E01026,
402,CAPTRUST,EQ,105.9,105.9,100.25,101.4,100.3,104.05,7955,816096.6,24-NOV-2023,326,INE707C01018,
403,CARBORUNIV,EQ,1135.0,1158.65,1125.1,1134.0,1132.75,1133.05,305792,347760194.2,24-NOV-2023,13854,INE120A01034,
404,CAREERP,EQ,217.65,218.35,211.0,213.25,214.05,215.15,41630,8952531.55,24-NOV-2023,2575,INE521J01018,
405,CARERATING,EQ,905.25,920.95,904.75,918.35,920.35,907.35,34261,31321470.25,24-NOV-2023,3716,INE752H01013,
406,CARTRADE,EQ,792.8,864.5,787.75,841.5,844.0,786.4,784719,661288448.45,24-NOV-2023,46649,INE290S01011,
407,CARYSIL,EQ,839.0,894.8,832.1,874.4,874.0,835.6,268798,234846860.05,24-NOV-2023,23479,INE482D01024,
408,CASTROLIND,EQ,137.6,142.5,136.25,140.5,141.2,136.65,4865918,682813588.55,24-NOV-2023,31044,INE172A01027,
409,CCHHL,BE,10.15,10.35,9.65,9.8,9.75,10.15,288468,2845435.95,24-NOV-2023,288,INE652F01027,
410,CCL,EQ,640.0,641.85,625.2,628.85,629.0,640.3,117804,74459427.8,24-NOV-2023,7243,INE421D01022,
411,CDSL,EQ,1805.0,1818.1,1780.0,1802.0,1810.0,1792.1,903830,1624166053.9,24-NOV-2023,39457,INE736A01011,
412,CEATLTD,EQ,2101.95,2108.9,2093.1,2098.95,2099.35,2092.7,86411,181467213.55,24-NOV-2023,10035,INE482A01020,
413,CELEBRITY,BE,19.3,19.3,18.15,18.25,18.35,18.7,127614,2372711.2,24-NOV-2023,306,INE185H01016,
414,CELLECOR,SM,225.9,228.0,225.15,226.6,226.4,224.2,13200,2986320.0,24-NOV-2023,11,INE0OMO01017,
415,CELLO,EQ,779.85,784.85,775.35,781.1,780.4,775.85,262392,204796830.25,24-NOV-2023,9900,INE0LMW01024,
416,CELLPOINT,SM,42.7,42.9,41.4,42.5,42.75,42.8,24000,1017840.0,24-NOV-2023,20,INE0O0001013,
417,CENTENKA,EQ,423.65,426.2,419.0,421.45,419.1,420.25,37376,15793179.15,24-NOV-2023,2168,INE485A01015,
418,CENTEXT,BE,18.4,18.5,17.7,17.95,18.05,18.3,186086,3356316.05,24-NOV-2023,911,INE281A01026,
419,CENTRALBK,EQ,44.25,44.7,44.0,44.1,44.0,44.35,4680316,207214914.75,24-NOV-2023,10979,INE483A01010,
420,CENTRUM,EQ,30.2,30.65,28.8,29.45,29.5,30.5,929737,27543244.1,24-NOV-2023,2393,INE660C01027,
421,CENTUM,BE,1483.7,1483.7,1451.0,1461.75,1463.9,1463.7,4819,7055010.45,24-NOV-2023,508,INE320B01020,
422,CENTURYPLY,EQ,641.05,644.85,635.0,641.15,635.05,639.85,37529,24038637.35,24-NOV-2023,3489,INE348B01021,
423,CENTURYTEX,EQ,1204.0,1204.3,1178.0,1181.45,1181.0,1195.75,86950,103207693.85,24-NOV-2023,6332,INE055A01016,
424,CERA,EQ,8460.0,8625.0,8361.0,8449.0,8495.0,8469.05,20964,176984025.55,24-NOV-2023,8519,INE739E01017,
425,CEREBRAINT,BE,7.0,7.0,6.85,6.9,6.95,7.0,93599,646979.5,24-NOV-2023,229,INE345B01019,
426,CESC,EQ,99.15,99.65,97.7,98.0,98.0,99.05,4618347,455196158.2,24-NOV-2023,16331,INE486A01021,
427,CGCL,EQ,753.85,753.85,744.05,745.95,745.8,750.5,120652,90461323.65,24-NOV-2023,2074,INE180C01026,
428,CGPOWER,EQ,467.25,471.15,427.3,429.15,428.5,460.3,6433058,2847205534.65,24-NOV-2023,150018,INE067A01029,
429,CHALET,EQ,585.15,590.0,581.05,587.9,584.0,585.0,39276,22992216.2,24-NOV-2023,5647,INE427F01016,
430,CHAMBLFERT,EQ,311.8,312.5,307.0,308.65,309.0,310.95,1498689,464132040.4,24-NOV-2023,14840,INE085A01013,
431,CHAVDA,SM,99.5,102.0,99.5,100.45,100.0,100.0,90000,9072900.0,24-NOV-2023,44,INE0PT101017,
432,CHEMBOND,EQ,518.8,527.0,506.0,509.45,508.0,515.8,83456,43207411.7,24-NOV-2023,9980,INE995D01025,
433,CHEMCON,EQ,266.65,266.7,262.75,264.0,264.0,264.1,32066,8477129.95,24-NOV-2023,1679,INE03YM01018,
434,CHEMFAB,EQ,377.25,377.25,369.0,370.6,370.0,373.55,16373,6076136.8,24-NOV-2023,763,INE783X01023,
435,CHEMPLASTS,EQ,452.4,455.0,442.0,444.6,445.95,449.6,56719,25315167.4,24-NOV-2023,5065,INE488A01050,
436,CHENNPETRO,EQ,600.8,614.8,594.0,599.85,600.0,600.8,1217696,735199464.55,24-NOV-2023,32536,INE178A01016,
437,CHEVIOT,EQ,1237.3,1242.55,1225.0,1230.3,1234.8,1231.3,1924,2369524.25,24-NOV-2023,445,INE974B01016,
438,CHOICEIN,EQ,439.9,441.05,436.0,437.15,439.25,438.5,343043,150431184.7,24-NOV-2023,6184,INE102B01014,
439,CHOLAFIN,EQ,1117.0,1124.15,1091.3,1094.5,1095.7,1115.0,1350899,1486839110.1,24-NOV-2023,81649,INE121A01024,
440,CHOLAHLDNG,EQ,1060.0,1060.0,1020.75,1037.55,1032.0,1049.9,130187,134269538.8,24-NOV-2023,15863,INE149A01033,
441,CIEINDIA,EQ,478.0,480.3,472.65,474.75,475.0,477.95,276589,131552186.2,24-NOV-2023,12645,INE536H01010,
442,CIGNITITEC,EQ,1165.0,1188.0,1148.85,1178.75,1185.0,1148.75,568761,663792922.6,24-NOV-2023,22284,INE675C01017,
443,CINELINE,BE,120.8,120.8,118.6,120.8,120.8,118.5,7635,918624.0,24-NOV-2023,29,INE704H01022,
444,CINEVISTA,BE,18.55,18.65,17.65,17.8,17.95,18.55,53485,957456.0,24-NOV-2023,159,INE039B01026,
445,CIPLA,EQ,1190.05,1205.0,1178.0,1198.65,1196.25,1170.65,5331201,6374138842.65,24-NOV-2023,150404,INE059A01026,
446,CLEAN,EQ,1351.95,1360.9,1342.0,1344.25,1349.0,1349.6,60537,81656017.7,24-NOV-2023,5132,INE227W01023,
447,CLEDUCATE,EQ,87.45,87.45,84.0,85.2,85.0,86.7,113872,9773375.8,24-NOV-2023,1950,INE201M01029,
448,CLOUD,SM,127.0,128.75,119.0,125.9,126.85,123.8,618000,76847300.0,24-NOV-2023,581,INE0JOO01021,
449,CLOUDPP,E1,61.7,61.8,59.9,60.65,60.85,58.9,54000,3298440.0,24-NOV-2023,43,IN90JOO01011,
450,CLSEL,EQ,227.25,228.95,225.0,226.65,227.0,227.25,56420,12817722.6,24-NOV-2023,2461,INE419D01026,
451,CLSL,SM,43.9,43.9,42.1,42.45,42.1,42.25,62000,2673600.0,24-NOV-2023,28,INE00NH01017,
452,CMMIPL,ST,5.0,5.0,5.0,5.0,5.0,4.8,120000,600000.0,24-NOV-2023,10,INE289S01013,
453,CMNL,SM,64.2,64.2,61.4,61.55,61.8,63.4,100500,6266250.0,24-NOV-2023,66,INE06PV01010,
454,CMSINFO,EQ,389.95,397.45,387.4,395.05,394.7,386.8,438490,172164726.1,24-NOV-2023,16323,INE925R01014,
455,COALINDIA,EQ,335.35,337.45,332.1,332.8,332.85,334.45,7054445,2360379790.4,24-NOV-2023,82434,INE522F01014,
456,COASTCORP,EQ,247.85,247.85,243.8,245.55,244.2,244.3,10384,2551189.1,24-NOV-2023,500,INE377E01016,
457,COCHINSHIP,EQ,1113.7,1138.8,1111.0,1121.7,1119.0,1107.2,2957819,3329194004.95,24-NOV-2023,69006,INE704P01017,
458,COFFEEDAY,EQ,46.6,48.65,46.55,47.15,47.3,46.55,4784887,228137583.15,24-NOV-2023,13911,INE335K01011,
459,COFORGE,EQ,5637.65,5653.2,5550.0,5618.55,5603.6,5619.65,144526,809063347.85,24-NOV-2023,22491,INE591G01017,
460,COLPAL,EQ,2187.0,2203.95,2185.2,2195.1,2185.2,2187.15,270160,593221539.75,24-NOV-2023,16163,INE259A01022,
461,COMMITTED,SM,63.9,64.5,63.5,63.5,63.5,63.6,12800,818880.0,24-NOV-2023,8,INE597Z01014,
462,COMPINFO,BZ,8.45,8.7,8.25,8.65,8.7,8.35,52131,441711.75,24-NOV-2023,156,INE070C01037,
463,COMPUSOFT,EQ,30.8,36.05,30.5,36.05,36.05,30.05,4835055,166405133.5,24-NOV-2023,15543,INE453B01029,
464,CONCOR,EQ,754.7,754.7,742.0,748.6,746.4,751.55,749709,561726003.4,24-NOV-2023,27730,INE111A01025,
465,CONCORDBIO,EQ,1284.8,1312.5,1251.8,1257.85,1261.5,1276.65,113735,145614284.7,24-NOV-2023,17528,INE338H01029,
466,CONFIPET,EQ,93.0,94.2,89.4,91.2,90.75,91.95,4284599,395112551.3,24-NOV-2023,16077,INE552D01024,
467,CONSOFINVT,EQ,201.8,217.05,199.8,214.8,214.6,199.8,145716,30614299.65,24-NOV-2023,8882,INE025A01027,
468,CONSUMBEES,EQ,97.36,97.36,96.01,96.39,96.6,96.6,22606,2181839.24,24-NOV-2023,383,INF204KA1LD7,
469,CONTI,SM,29.25,29.25,28.9,28.9,28.9,29.0,6666,193813.95,24-NOV-2023,2,INE340Z01019,
470,CONTROLPR,EQ,865.35,884.25,854.1,863.5,868.0,862.25,19656,17019687.1,24-NOV-2023,3955,INE663B01015,
471,COOLCAPS,SM,486.6,499.75,480.7,499.75,499.75,484.5,4500,2230175.0,24-NOV-2023,11,INE0HS001010,
472,CORALFINAC,EQ,53.6,53.65,50.4,51.05,50.65,53.1,509736,26459732.4,24-NOV-2023,5449,INE558D01021,
473,CORDSCABLE,EQ,114.1,117.0,112.8,113.7,113.25,114.55,99535,11401956.55,24-NOV-2023,2049,INE792I01017,
474,COROMANDEL,EQ,1130.85,1143.0,1127.6,1135.05,1130.4,1129.85,275457,313044915.2,24-NOV-2023,10547,INE169A01031,
475,COSMOFIRST,EQ,614.0,619.95,614.0,618.1,619.8,614.35,19080,11776870.8,24-NOV-2023,2463,INE757A01017,
476,COUNCODOS,EQ,4.6,4.8,4.55,4.75,4.75,4.6,154627,727538.2,24-NOV-2023,205,INE695B01025,
477,CPS,SM,425.0,425.0,410.0,410.2,410.0,426.9,4200,1731720.0,24-NOV-2023,4,INE0QBU01012,
478,CPSEETF,EQ,57.64,58.0,57.0,57.42,57.0,57.04,1335295,76496932.22,24-NOV-2023,3197,INF457M01133,
479,CRAFTSMAN,EQ,5194.15,5230.0,5099.0,5123.2,5149.0,5186.7,25547,130991426.75,24-NOV-2023,7751,INE00LO01017,
480,CRAYONS,SM,168.95,169.05,163.0,163.95,163.0,164.3,115000,19149900.0,24-NOV-2023,79,INE0OFK01019,
481,CREATIVE,EQ,802.0,817.95,771.0,777.15,780.0,793.2,15318,12099675.65,24-NOV-2023,603,INE985W01018,
482,CREATIVEYE,EQ,3.9,3.9,3.9,3.9,3.9,3.9,200,780.0,24-NOV-2023,5,INE230B01021,
483,CREDITACC,EQ,1663.95,1727.95,1655.2,1682.4,1675.0,1650.6,386567,654123012.95,24-NOV-2023,21344,INE741K01010,
484,CREDITACC,N3,1003.0,1006.0,1001.3,1001.3,1001.3,1001.2,210,210617.72,24-NOV-2023,6,INE741K07470,
485,CREDITACC,N7,997.76,997.76,972.81,973.0,973.0,995.74,21,20686.88,24-NOV-2023,9,INE741K07520,
486,CREDITACC,N9,991.0,991.0,991.0,991.0,991.0,990.25,5,4955.0,24-NOV-2023,1,INE741K07595,
487,CREDITACC,ND,1001.5,1001.5,1000.0,1000.0,1000.0,1000.0,1006,1006009.25,24-NOV-2023,9,INE741K07579,
488,CREST,EQ,308.2,314.5,299.1,300.05,299.45,308.2,53015,16176147.9,24-NOV-2023,3222,INE559D01011,
489,CRISIL,EQ,4339.0,4366.0,4285.0,4305.9,4285.05,4321.3,15936,68856105.6,24-NOV-2023,3903,INE007A01025,
490,CROMPTON,EQ,288.9,290.05,282.95,283.8,283.0,288.25,1043715,299144191.65,24-NOV-2023,33893,INE299U01018,
491,CROWN,BE,90.5,95.0,90.5,95.0,95.0,90.5,59849,5658760.35,24-NOV-2023,218,INE491V01019,
492,CSBBANK,EQ,380.0,382.15,371.7,379.55,376.6,377.0,588534,222887218.4,24-NOV-2023,16489,INE679A01013,
493,CSLFINANCE,EQ,379.85,421.0,379.85,417.35,420.0,379.4,257189,104552032.95,24-NOV-2023,14990,INE718F01018,
494,CTE,EQ,73.2,74.8,71.0,71.5,71.5,73.1,103418,7541541.75,24-NOV-2023,1466,INE627H01017,
495,CUB,EQ,146.85,147.7,145.4,145.8,145.65,146.1,1601643,235054833.55,24-NOV-2023,14086,INE491A01021,
496,CUBEXTUB,BE,64.15,66.85,62.9,63.3,63.15,64.2,15953,1012002.15,24-NOV-2023,168,INE144D01012,
497,CUMMINSIND,EQ,1875.0,1878.55,1850.8,1871.75,1864.9,1874.25,167850,313202073.55,24-NOV-2023,22684,INE298A01020,
498,CUPID,EQ,887.05,900.0,881.95,886.4,886.0,886.3,57284,51028188.45,24-NOV-2023,4427,INE509F01011,
499,CYBERMEDIA,BE,18.0,18.0,17.65,17.9,18.0,18.1,13577,243173.0,24-NOV-2023,82,INE278G01037,
500,CYBERTECH,EQ,167.5,168.85,164.25,166.05,165.2,166.25,188796,31426752.9,24-NOV-2023,5966,INE214A01019,
501,CYIENT,EQ,1832.8,1865.0,1832.8,1857.55,1861.1,1832.8,484781,897341163.5,24-NOV-2023,55216,INE136B01020,
502,CYIENTDLM,EQ,652.3,666.0,640.05,644.95,653.95,648.3,213878,139083003.8,24-NOV-2023,9444,INE055S01018,
503,DABUR,EQ,542.0,542.1,536.0,537.35,536.5,540.35,440877,237198002.5,24-NOV-2023,11801,INE016A01026,
504,DALBHARAT,EQ,2190.0,2260.45,2164.05,2231.1,2224.0,2185.0,464733,1035046807.45,24-NOV-2023,32163,INE00R701025,
505,DALMIASUG,EQ,477.95,477.95,458.0,460.2,461.0,478.55,241002,112422672.85,24-NOV-2023,14478,INE495A01022,
506,DAMODARIND,EQ,51.55,52.4,49.85,50.2,50.25,51.5,91873,4695176.15,24-NOV-2023,2035,INE497D01022,
507,DANGEE,BE,11.8,12.6,11.65,11.95,12.0,12.25,384433,4587520.85,24-NOV-2023,686,INE688Y01022,
508,DATAMATICS,EQ,610.9,612.7,600.0,601.95,603.5,609.85,62690,38039338.9,24-NOV-2023,5350,INE365B01017,
509,DATAPATTNS,EQ,1859.9,1990.0,1855.35,1979.65,1986.5,1852.4,651391,1269792130.45,24-NOV-2023,48722,INE0IX101010,
510,DBCORP,EQ,295.9,302.0,286.9,288.5,286.9,294.15,146859,43208720.65,24-NOV-2023,5427,INE950I01011,
511,DBL,EQ,427.0,430.45,420.15,422.1,420.8,426.65,546000,231435282.1,24-NOV-2023,12777,INE917M01012,
512,DBOL,EQ,165.5,166.5,161.95,164.9,165.2,164.25,205955,33834932.7,24-NOV-2023,4638,INE0I3401014,
513,DBREALTY,EQ,216.2,216.2,201.45,204.4,203.0,214.35,2548303,528442902.55,24-NOV-2023,16133,INE879I01012,
514,DBSTOCKBRO,BE,37.05,37.05,37.05,37.05,37.05,37.8,16851,624329.55,24-NOV-2023,41,INE921B01025,
515,DCAL,EQ,170.95,174.0,168.1,169.25,168.1,169.6,438117,74931422.45,24-NOV-2023,9571,INE385W01011,
516,DCBBANK,EQ,113.15,113.65,111.85,112.05,112.25,113.0,1016091,114272416.0,24-NOV-2023,5427,INE503A01015,
517,DCI,BE,220.35,220.5,220.35,220.5,220.5,224.85,3936,867877.2,24-NOV-2023,67,INE0A1101019,
518,DCM,EQ,79.0,79.65,77.5,78.55,78.2,77.35,86746,6822957.2,24-NOV-2023,1332,INE498A01018,
519,DCMFINSERV,BE,4.65,4.65,4.65,4.65,4.65,4.65,7060,32829.0,24-NOV-2023,9,INE891B01012,
520,DCMNVL,EQ,207.4,214.85,199.5,202.2,206.2,203.6,338061,70397185.3,24-NOV-2023,15799,INE08KP01019,
521,DCMSHRIRAM,EQ,910.0,965.0,902.85,938.55,935.8,901.5,523544,497548638.55,24-NOV-2023,30456,INE499A01024,
522,DCMSRIND,EQ,160.45,166.05,157.2,164.35,165.45,157.4,1828809,295921061.35,24-NOV-2023,12677,INE843D01027,
523,DCW,EQ,52.05,52.75,51.65,51.85,52.1,51.85,1298143,67597037.25,24-NOV-2023,4660,INE500A01029,
524,DCXINDIA,EQ,363.45,382.0,362.65,369.25,367.85,362.5,1783225,666598062.85,24-NOV-2023,18379,INE0KL801015,
525,DECCANCE,EQ,496.45,497.0,490.0,494.85,495.8,493.65,5857,2891196.55,24-NOV-2023,1351,INE583C01021,
526,DEEPAKFERT,EQ,606.2,612.25,600.0,600.95,601.95,606.2,214830,129778453.65,24-NOV-2023,8042,INE501A01019,
527,DEEPAKNTR,EQ,2223.5,2239.8,2190.0,2195.2,2194.05,2206.2,483262,1072854204.5,24-NOV-2023,32450,INE288B01029,
528,DEEPENR,EQ,161.05,171.2,161.05,169.45,171.1,163.05,24268,4055130.7,24-NOV-2023,474,INE677H01012,
529,DEEPINDS,EQ,264.0,265.5,262.3,263.55,265.0,263.3,71096,18743991.8,24-NOV-2023,2997,INE0FHS01024,
530,DELHIVERY,EQ,385.0,392.3,379.95,383.1,383.85,383.35,1167793,452751281.85,24-NOV-2023,31457,INE148O01028,
531,DELPHIFX,EQ,361.0,405.0,361.0,397.7,405.0,372.9,10045,3928358.7,24-NOV-2023,842,INE726L01019,
532,DELTACORP,EQ,136.5,140.0,135.5,136.85,136.5,136.45,2460677,339436072.2,24-NOV-2023,14379,INE124G01033,
533,DELTAMAGNT,BE,81.5,83.0,81.5,81.55,81.5,81.1,1524,124565.0,24-NOV-2023,25,INE393A01011,
534,DEN,EQ,55.45,57.25,53.55,54.25,54.05,55.45,2247763,124107440.45,24-NOV-2023,7456,INE947J01015,
535,DENEERS,SM,238.0,246.0,237.0,243.3,242.95,240.45,21600,5186010.0,24-NOV-2023,22,INE0JWV01011,
536,DENORA,EQ,1709.95,1735.0,1694.1,1699.5,1704.0,1701.45,22513,38436709.05,24-NOV-2023,3522,INE244A01016,
537,DENTALKART,SM,598.0,600.0,592.0,595.0,595.0,598.95,7500,4471625.0,24-NOV-2023,25,INE0N5801013,
538,DESTINY,SM,40.0,40.0,40.0,40.0,40.0,39.0,6000,240000.0,24-NOV-2023,2,INE0IGO01011,
539,DEVIT,EQ,131.3,131.3,126.1,126.8,126.15,129.05,36780,4697094.8,24-NOV-2023,648,INE060X01026,
540,DEVYANI,EQ,181.15,182.85,181.05,182.2,182.45,181.0,723721,131827974.05,24-NOV-2023,11859,INE872J01023,
541,DGCONTENT,EQ,20.9,20.9,20.0,20.05,20.3,20.55,13994,282762.1,24-NOV-2023,120,INE03JI01017,
542,DHAMPURSUG,EQ,276.95,276.95,268.65,269.95,270.25,275.25,710793,193000650.0,24-NOV-2023,19107,INE041A01016,
543,DHANBANK,EQ,28.5,28.8,28.0,28.15,28.3,28.45,1580593,44786524.8,24-NOV-2023,3666,INE680A01011,
544,DHANI,EQ,39.95,40.4,39.35,39.6,39.55,39.6,478273,19019219.9,24-NOV-2023,2150,INE274G01010,
545,DHANILOANS,N7,1041.2,1041.2,1041.2,1041.2,1041.2,1052.0,36,37483.2,24-NOV-2023,2,INE614X07084,
546,DHANILOANS,N8,1561.92,1561.92,1561.92,1561.92,1561.92,1561.92,10,15619.2,24-NOV-2023,1,INE614X07092,
547,DHANILOANS,NF,995.0,995.0,995.0,995.0,995.0,995.0,2,1990.0,24-NOV-2023,1,INE614X07183,
548,DHANILOANS,NO,970.0,970.0,970.0,970.0,970.0,975.0,114,110580.0,24-NOV-2023,1,INE614X07274,
549,DHANILOANS,NX,1000.0,1000.0,1000.0,1000.0,1000.0,975.0,13,13000.0,24-NOV-2023,1,INE614X07381,
550,DHANUKA,EQ,890.0,912.95,887.6,903.8,904.0,889.9,51061,46022858.3,24-NOV-2023,6095,INE435G01025,
551,DHARMAJ,EQ,246.55,249.7,242.55,246.05,246.7,246.2,100575,24680334.1,24-NOV-2023,4119,INE00OQ01016,
552,DHRUV,EQ,59.85,62.85,59.4,60.15,60.1,58.9,102505,6287011.35,24-NOV-2023,946,INE506Z01015,
553,DHUNINV,EQ,1290.4,1339.9,1276.95,1281.45,1280.0,1314.75,9816,12700655.35,24-NOV-2023,976,INE320L01011,
554,DIACABS,BE,102.1,102.1,102.1,102.1,102.1,100.1,142,14498.2,24-NOV-2023,12,INE989C01020,
555,DIAMINESQ,EQ,533.95,534.35,524.0,530.1,524.5,522.35,22578,11962849.3,24-NOV-2023,2682,INE591D01014,
556,DIAMONDYD,EQ,1053.55,1053.6,965.95,989.55,995.0,1053.25,190056,187846005.9,24-NOV-2023,9190,INE393P01035,
557,DICIND,EQ,429.9,431.95,424.05,427.35,426.0,428.5,1776,758260.9,24-NOV-2023,128,INE303A01010,
558,DIGIKORE,SM,330.1,344.75,325.0,330.1,330.1,329.6,27200,9072280.0,24-NOV-2023,33,INE0QJ901011,
559,DIGISPICE,EQ,30.15,31.3,29.5,29.75,29.9,30.15,398520,12039415.45,24-NOV-2023,1467,INE927C01020,
560,DIGJAMLMTD,BE,79.85,79.85,77.0,78.95,79.2,76.8,968,75996.95,24-NOV-2023,23,INE731U01028,
561,DIL,BE,8.9,8.95,8.4,8.55,8.6,8.85,975502,8412197.15,24-NOV-2023,1095,INE411Y01011,
562,DISHTV,EQ,20.6,20.6,19.6,20.0,19.95,20.4,43141378,864851975.25,24-NOV-2023,18872,INE836F01026,
563,DIVGIITTS,EQ,1088.0,1088.0,1062.05,1079.0,1079.4,1074.05,13003,13940955.35,24-NOV-2023,3317,INE753U01022,
564,DIVISLAB,EQ,3688.5,3778.95,3686.95,3764.8,3760.0,3688.5,829615,3118715611.7,24-NOV-2023,80104,INE361B01024,
565,DIVOPPBEES,EQ,61.6,61.7,60.22,60.73,60.75,60.96,17435,1061280.07,24-NOV-2023,505,INF204KA1MS3,
566,DIXON,EQ,5365.0,5369.9,5265.0,5277.85,5270.0,5345.35,227249,1204171545.6,24-NOV-2023,24401,INE935N01020,
567,DJML,EQ,153.0,154.7,150.25,152.75,154.5,153.0,1190,180719.5,24-NOV-2023,104,INE0B1K01014,
568,DLF,EQ,637.2,641.1,628.35,629.35,630.75,636.15,3963603,2509892401.75,24-NOV-2023,42402,INE271C01023,
569,DLINKINDIA,EQ,309.0,314.75,306.55,308.55,308.75,308.95,95706,29730801.3,24-NOV-2023,4638,INE250K01012,
570,DMART,EQ,3820.0,3869.0,3799.0,3842.9,3845.2,3844.4,96391,369952658.05,24-NOV-2023,16404,INE192R01011,
571,DMCC,EQ,299.55,299.55,290.1,292.1,291.35,295.15,14578,4265434.9,24-NOV-2023,1404,INE505A01010,
572,DNAMEDIA,BE,4.25,4.25,4.2,4.2,4.2,4.25,25781,109493.7,24-NOV-2023,58,INE016M01021,
573,DODLA,EQ,810.4,823.75,774.3,783.4,785.6,806.85,117947,94113252.8,24-NOV-2023,13882,INE021O01019,
574,DOLATALGO,EQ,67.2,68.3,66.45,66.6,66.95,66.85,245675,16524503.95,24-NOV-2023,2101,INE966A01022,
575,DOLLAR,EQ,439.55,455.6,435.15,440.8,440.7,439.55,146820,65147561.5,24-NOV-2023,10328,INE325C01035,
576,DOLLEX,SM,42.25,45.6,41.5,45.25,45.55,42.6,120000,5335400.0,24-NOV-2023,29,INE0JHH01011,
577,DOLPHIN,BE,813.45,813.45,813.45,813.45,813.45,797.5,72,58568.4,24-NOV-2023,11,INE920A01029,
578,DONEAR,EQ,105.0,111.8,103.95,107.35,106.65,104.25,901825,97644894.7,24-NOV-2023,8160,INE668D01028,
579,DPABHUSHAN,EQ,588.4,588.4,560.2,568.35,568.0,579.5,10041,5725246.75,24-NOV-2023,472,INE266Y01019,
580,DPSCLTD,EQ,23.1,23.75,21.5,22.85,21.85,22.65,1457284,33851847.15,24-NOV-2023,3761,INE360C01024,
581,DPWIRES,EQ,606.95,654.65,603.2,639.55,640.0,603.6,169974,108124393.2,24-NOV-2023,15348,INE864X01013,
582,DRCSYSTEMS,EQ,56.25,59.0,53.6,55.35,56.0,56.15,440696,25164703.95,24-NOV-2023,3143,INE03RS01027,
583,DREAMFOLKS,EQ,556.3,560.0,545.25,546.8,546.0,553.8,168191,92723389.75,24-NOV-2023,9091,INE0JS101016,
584,DREDGECORP,EQ,523.95,535.0,520.85,525.35,523.7,520.1,435772,230202369.2,24-NOV-2023,18812,INE506A01018,
585,DRL,SM,9.0,9.0,9.0,9.0,9.0,9.1,6000,54000.0,24-NOV-2023,1,INE704V01015,
586,DRONE,SM,170.25,174.9,167.0,167.85,167.0,172.05,90000,15317050.0,24-NOV-2023,86,INE0P7201019,
587,DRREDDY,EQ,5649.95,5756.85,5615.0,5646.15,5625.0,5644.65,461081,2630978579.3,24-NOV-2023,43944,INE089A01023,
588,DSPBANKETF,EQ,44.83,44.83,43.51,43.99,43.93,43.95,7391,325057.13,24-NOV-2023,73,INF740KA1RX3,
589,DSPGOLDETF,EQ,61.2,61.2,60.85,61.1,61.15,61.15,14339,876599.15,24-NOV-2023,55,INF740KA1SW3,
590,DSPITETF,EQ,32.65,33.29,32.17,32.65,32.18,32.6,161378,5229172.25,24-NOV-2023,104,INF740KA1SX1,
591,DSPN50ETF,EQ,202.0,202.0,202.0,202.0,202.0,201.88,90,18180.0,24-NOV-2023,3,INF740KA1CL0,
592,DSPNEWETF,EQ,247.4,247.96,246.36,246.52,247.0,247.13,19688,4867085.88,24-NOV-2023,77,INF740KA1QK2,
593,DSPPSBKETF,EQ,50.0,50.0,49.55,49.78,49.77,49.96,56,2790.84,24-NOV-2023,14,INF740KA1SY9,
594,DSPPVBKETF,EQ,22.84,22.9,22.75,22.89,22.89,22.75,1395,31855.46,24-NOV-2023,47,INF740KA1TA7,
595,DSPQ50ETF,EQ,196.1,196.47,195.2,195.51,195.3,195.58,5069,991172.85,24-NOV-2023,70,INF740KA1QL0,
596,DSPSENXETF,EQ,66.0,66.37,65.95,66.33,66.35,66.39,35,2319.34,24-NOV-2023,10,INF740KA1SZ6,
597,DSPSILVETF,EQ,72.23,72.28,71.9,72.27,72.28,72.24,403378,29155123.27,24-NOV-2023,94,INF740KA1RE3,
598,DSSL,EQ,659.75,670.0,646.0,663.65,662.9,644.85,16223,10684530.7,24-NOV-2023,2312,INE417B01040,
599,DTIL,EQ,231.15,234.8,223.15,225.3,224.2,231.05,9509,2172518.3,24-NOV-2023,658,INE341R01014,
600,DUCOL,SM,129.15,133.0,127.2,128.9,127.2,128.35,11200,1465200.0,24-NOV-2023,14,INE0LZO01015,
601,DUCON,BE,7.8,8.25,7.5,8.25,8.25,7.9,1833328,13960302.85,24-NOV-2023,1387,INE741L01018,
602,DUGLOBAL,SM,40.0,40.0,39.0,39.05,39.05,40.75,12500,490375.0,24-NOV-2023,5,INE0HPK01020,
603,DVL,EQ,361.0,362.5,351.0,353.85,351.5,358.45,105342,37603371.9,24-NOV-2023,6154,INE477B01010,
604,DWARKESH,EQ,93.4,93.4,91.15,91.35,91.5,93.15,1082997,99629629.95,24-NOV-2023,7116,INE366A01041,
605,DYCL,EQ,403.0,409.35,396.9,400.4,400.2,402.55,26018,10424918.2,24-NOV-2023,1808,INE600Y01019,
606,DYNAMATECH,EQ,4029.0,4116.4,3959.25,4014.4,4100.0,4009.75,8989,36364963.1,24-NOV-2023,2499,INE221B01012,
607,DYNAMIC,SM,127.95,128.0,125.35,126.45,126.0,127.95,15000,1900950.0,24-NOV-2023,15,INE0DZ701010,
608,DYNPRO,EQ,272.2,276.15,270.4,272.35,273.0,272.15,8899,2425352.25,24-NOV-2023,639,INE256H01015,
609,E2E,BE,687.5,687.5,687.5,687.5,687.5,674.05,2362,1623875.0,24-NOV-2023,66,INE255Z01019,
610,EASEMYTRIP,EQ,38.7,38.95,38.5,38.75,38.85,38.5,13746261,531632258.95,24-NOV-2023,16762,INE07O001026,
611,EASTSILK,BE,2.5,2.7,2.5,2.55,2.55,2.6,33713,87065.25,24-NOV-2023,44,INE962C01027,
612,EBBETF0425,EQ,1201.05,1201.05,1164.52,1165.06,1165.06,1166.05,2355,2748838.41,24-NOV-2023,55,INF754K01LD3,
613,EBBETF0430,EQ,1309.5,1311.0,1309.11,1309.6,1310.2,1309.7,5161,6759069.98,24-NOV-2023,142,INF754K01KO2,
614,EBBETF0431,EQ,1166.16,1169.99,1166.1,1166.1,1166.1,1165.38,1452,1693519.3,24-NOV-2023,28,INF754K01LE1,
615,EBBETF0433,EQ,1065.0,1066.79,1064.01,1066.78,1066.79,1064.27,1778,1895768.69,24-NOV-2023,28,INF754K01QX0,
616,ECLERX,EQ,2641.2,2660.95,2552.0,2589.25,2576.8,2650.35,225207,584485292.25,24-NOV-2023,20831,INE738I01010,
617,ECLFINANCE,NJ,975.0,975.0,970.0,970.0,970.0,974.99,47,45595.0,24-NOV-2023,2,INE804I078Y8,
618,ECLFINANCE,NK,1038.0,1038.0,1038.0,1038.0,1038.0,980.69,100,103800.0,24-NOV-2023,1,INE804I079Y6,
619,ECLFINANCE,NO,972.0,991.0,972.0,990.22,990.0,992.0,260,255584.1,24-NOV-2023,6,INE804I077Z7,
620,ECLFINANCE,NP,1080.1,1083.5,1080.0,1083.5,1083.5,1082.0,106,114512.75,24-NOV-2023,7,INE804I078Z5,
621,ECLFINANCE,NQ,1598.19,1598.19,1595.77,1596.83,1596.8,1596.0,284,453533.14,24-NOV-2023,11,INE804I079Z3,
622,ECLFINANCE,NR,1007.9,1007.9,1007.0,1007.0,1007.0,1007.9,151,152147.0,24-NOV-2023,3,INE804IA7014,
623,EDELWEISS,EQ,63.4,72.0,63.25,70.95,70.8,62.85,78058098,5440680287.55,24-NOV-2023,170443,INE532F01054,
624,EDUCOMP,BZ,2.8,2.8,2.8,2.8,2.8,2.7,32590,91252.0,24-NOV-2023,57,INE216H01027,
625,EFACTOR,SM,170.7,199.05,167.0,199.05,199.05,165.9,382400,72403920.0,24-NOV-2023,218,INE0KFF01017,
626,EGOLD,EQ,64.35,64.35,62.8,62.8,62.8,63.2,18688,1188390.6,24-NOV-2023,173,INF754K01SE6,
627,EICHERMOT,EQ,3895.7,3920.0,3842.05,3849.05,3846.0,3883.8,266314,1028903592.75,24-NOV-2023,31201,INE066A01021,
628,EIDPARRY,EQ,537.0,543.05,522.6,537.15,536.0,532.1,3080080,1641123015.8,24-NOV-2023,56364,INE126A01031,
629,EIFFL,EQ,139.1,139.15,137.6,138.05,138.4,138.85,15300,2111492.1,24-NOV-2023,99,INE546V01010,
630,EIHAHOTELS,EQ,434.85,439.65,430.65,433.7,432.25,432.75,26537,11506123.9,24-NOV-2023,1461,INE276C01014,
631,EIHOTEL,EQ,239.5,241.0,233.6,234.6,235.9,238.2,412207,97305952.95,24-NOV-2023,9636,INE230A01023,
632,EIMCOELECO,EQ,1490.0,1593.25,1471.55,1593.25,1593.25,1448.45,16725,26258820.25,24-NOV-2023,964,INE158B01016,
633,EKC,EQ,141.8,143.65,140.4,141.2,141.0,141.3,551614,78280794.2,24-NOV-2023,5917,INE184H01027,
634,ELDEHSG,EQ,716.85,725.95,708.0,718.35,719.35,710.6,1317,944394.3,24-NOV-2023,210,INE668G01021,
635,ELECON,EQ,890.0,987.7,886.0,956.25,967.0,883.15,3137133,3016970923.65,24-NOV-2023,120675,INE205B01023,
636,ELECTCAST,EQ,108.95,113.7,107.1,112.0,112.7,108.3,5569743,617870246.2,24-NOV-2023,23918,INE086A01029,
637,ELECTHERM,BE,192.9,192.95,192.9,192.95,192.95,183.8,8360,1613052.25,24-NOV-2023,86,INE822G01016,
638,ELGIEQUIP,EQ,529.3,530.2,516.05,522.85,519.75,524.1,190808,100184264.0,24-NOV-2023,16821,INE285A01027,
639,ELGIRUBCO,BE,58.6,58.6,56.55,56.95,56.65,57.55,35237,2037697.8,24-NOV-2023,249,INE819L01012,
640,ELIN,EQ,151.7,153.9,151.5,152.4,152.85,152.25,132682,20255298.8,24-NOV-2023,4400,INE050401020,
641,EMAMILTD,EQ,496.4,510.9,495.0,503.7,504.0,495.0,666729,336041774.55,24-NOV-2023,18220,INE548C01032,
642,EMAMIPAP,EQ,129.8,131.15,129.05,130.1,129.5,129.45,6375,829723.55,24-NOV-2023,223,INE830C01026,
643,EMAMIREAL,EQ,111.7,114.3,107.7,110.35,110.6,110.9,431104,47791969.2,24-NOV-2023,6163,INE778K01012,
644,EMBASSY,RR,316.03,321.0,316.03,319.82,319.05,317.61,131083,41893545.56,24-NOV-2023,2135,INE041025011,
645,EMIL,EQ,209.0,213.4,208.95,212.8,213.0,208.1,308123,65455951.1,24-NOV-2023,8965,INE02YR01019,
646,EMKAY,EQ,116.0,120.35,114.1,116.05,116.15,116.15,185549,21704022.15,24-NOV-2023,3109,INE296H01011,
647,EMKAYTOOLS,SM,635.0,635.0,635.0,635.0,635.0,620.0,300,190500.0,24-NOV-2023,1,INE332S01011,
648,EMMBI,EQ,108.0,109.45,103.05,104.55,104.9,106.3,88334,9352757.55,24-NOV-2023,1676,INE753K01015,
649,EMSLIMITED,EQ,459.9,467.0,439.0,441.4,443.0,456.95,505970,229018364.9,24-NOV-2023,9589,INE0OV601013,
650,EMUDHRA,EQ,460.0,465.4,453.6,454.6,457.0,459.95,65387,29917876.2,24-NOV-2023,4567,INE01QM01018,
651,ENDURANCE,EQ,1586.65,1642.3,1586.65,1619.45,1619.9,1582.75,65659,106380850.65,24-NOV-2023,10722,INE913H01037,
652,ENERGYDEV,EQ,19.3,19.6,19.05,19.2,19.4,19.15,68820,1325111.6,24-NOV-2023,361,INE306C01019,
653,ENGINERSIN,EQ,147.4,147.5,145.05,145.35,145.1,146.9,1962193,286499172.4,24-NOV-2023,10969,INE510A01028,
654,ENIL,EQ,192.3,197.9,191.35,192.7,192.0,189.45,133603,26024759.55,24-NOV-2023,4908,INE265F01028,
655,EPIGRAL,EQ,922.75,936.55,910.0,917.25,917.1,913.6,48446,44608710.25,24-NOV-2023,7179,INE071N01016,
656,EPL,EQ,199.25,202.6,197.25,198.75,198.05,199.2,537860,107565947.1,24-NOV-2023,11423,INE255A01020,
657,EQUIPPP,BE,26.0,26.45,24.6,26.1,26.1,25.4,2730,71201.2,24-NOV-2023,46,INE217G01035,
658,EQUITASBNK,EQ,95.3,96.65,94.2,94.35,94.4,95.1,7997852,756526516.55,24-NOV-2023,11395,INE063P01018,
659,ERFLNCDI,N5,905.0,905.0,905.0,905.0,905.0,905.0,93,84165.0,24-NOV-2023,5,INE528S07110,
660,ERIS,EQ,946.0,950.75,920.15,926.3,924.0,946.0,57333,53603458.05,24-NOV-2023,7828,INE406M01024,
661,EROSMEDIA,EQ,22.15,22.95,20.0,21.35,21.4,21.85,4611197,102096679.15,24-NOV-2023,9203,INE416L01017,
662,ESABINDIA,EQ,6170.3,6170.3,6080.05,6099.8,6086.0,6154.75,3819,23368721.45,24-NOV-2023,1551,INE284A01012,
663,ESAFSFB,EQ,68.5,69.0,68.0,68.15,68.25,68.3,825248,56474831.0,24-NOV-2023,6990,INE818W01011,
664,ESCORTS,EQ,3222.35,3252.4,3211.05,3229.45,3218.0,3222.35,177694,574742799.55,24-NOV-2023,17176,INE042A01014,
665,ESFL,SM,190.0,197.9,190.0,193.7,193.15,190.6,100800,19656060.0,24-NOV-2023,84,INE0ITO01014,
666,ESG,EQ,32.64,32.66,32.47,32.49,32.49,32.57,57007,1852422.93,24-NOV-2023,102,INF769K01GS9,
667,ESILVER,EQ,76.0,80.97,75.0,75.0,75.0,75.23,205339,15404062.15,24-NOV-2023,87,INF754K01SF3,
668,ESSARSHPNG,BE,16.7,16.75,16.05,16.3,16.15,16.8,286322,4672274.4,24-NOV-2023,539,INE122M01019,
669,ESSENTIA,EQ,7.35,7.5,6.95,7.0,7.1,7.3,19751162,141155668.15,24-NOV-2023,8121,INE418N01035,
670,ESTER,EQ,82.25,83.3,82.1,82.25,82.3,82.2,86330,7137457.5,24-NOV-2023,1119,INE778B01029,
671,ETHOSLTD,EQ,2029.95,2044.95,1998.95,2015.55,2014.95,2021.35,20012,40555570.85,24-NOV-2023,4645,INE04TZ01018,
672,EUROBOND,SM,192.0,198.3,192.0,196.45,197.0,186.2,82000,16001350.0,24-NOV-2023,76,INE505V01016,
673,EUROTEXIND,BE,11.1,11.1,11.1,11.1,11.1,10.9,128,1420.8,24-NOV-2023,4,INE022C01012,
674,EVEREADY,EQ,343.9,346.55,341.0,343.8,342.05,342.7,75351,25838319.25,24-NOV-2023,5087,INE128A01029,
675,EVERESTIND,EQ,1200.0,1215.95,1193.15,1199.6,1196.4,1201.85,9841,11864567.95,24-NOV-2023,1618,INE295A01018,
676,EXCEL,BE,0.35,0.35,0.35,0.35,0.35,0.35,763659,267280.65,24-NOV-2023,328,INE688J01023,
677,EXCELINDUS,EQ,838.15,839.0,830.05,834.7,837.8,833.95,6783,5665721.95,24-NOV-2023,925,INE369A01029,
678,EXIDEIND,EQ,286.05,286.45,280.85,281.5,281.5,283.6,1253846,354834646.55,24-NOV-2023,17473,INE302A01020,
679,EXPLEOSOL,EQ,1304.65,1318.3,1300.0,1311.1,1314.0,1304.15,11638,15243487.1,24-NOV-2023,1720,INE201K01015,
680,EXXARO,EQ,119.65,119.65,114.0,115.05,115.4,118.9,471735,54832897.8,24-NOV-2023,6475,INE0GFE01018,
681,FACT,EQ,708.0,711.0,698.0,700.9,701.5,705.6,306396,215646574.1,24-NOV-2023,8172,INE188A01015,
682,FAIRCHEMOR,EQ,1182.1,1207.0,1171.8,1179.65,1179.0,1182.1,19437,23123710.1,24-NOV-2023,4053,INE0DNW01011,
683,FAZE3Q,EQ,473.9,492.2,468.55,482.45,480.0,472.65,57899,27947504.65,24-NOV-2023,7920,INE963C01033,
684,FCL,EQ,326.95,368.25,324.0,359.65,358.95,326.25,5178405,1841933541.45,24-NOV-2023,79895,INE045J01026,
685,FCONSUMER,BE,0.85,0.85,0.8,0.8,0.8,0.85,2550461,2101691.6,24-NOV-2023,1212,INE220J01025,
686,FCSSOFT,EQ,2.85,2.9,2.8,2.8,2.85,2.8,8039035,22932507.65,24-NOV-2023,3162,INE512B01022,
687,FDC,EQ,409.35,414.15,403.5,405.75,405.8,407.15,197299,80378900.1,24-NOV-2023,8223,INE258B01022,
688,FEDERALBNK,EQ,147.55,148.05,146.35,147.4,147.1,147.15,6129389,902384523.1,24-NOV-2023,28343,INE171A01029,
689,FELIX,SM,102.75,102.75,102.0,102.0,102.0,102.65,2000,204750.0,24-NOV-2023,2,INE901X01013,
690,FIBERWEB,EQ,33.45,33.45,32.5,33.1,33.05,33.1,43966,1444859.75,24-NOV-2023,619,INE296C01020,
691,FIDEL,SM,117.1,117.1,117.0,117.0,117.0,117.1,2000,234100.0,24-NOV-2023,2,INE0LQQ01019,
692,FIEMIND,EQ,2034.9,2169.0,2021.35,2038.3,2030.0,2021.25,367922,773089337.95,24-NOV-2023,39205,INE737H01014,
693,FILATEX,EQ,50.9,52.4,50.5,50.85,50.8,50.75,627383,32266718.65,24-NOV-2023,3329,INE816B01035,
694,FINCABLES,EQ,916.0,928.45,914.0,924.5,921.0,915.2,232280,214451100.75,24-NOV-2023,11249,INE235A01022,
695,FINEORG,EQ,4279.35,4285.0,4225.0,4231.3,4232.15,4255.5,18238,77311535.35,24-NOV-2023,6404,INE686Y01026,
696,FINOPB,EQ,271.2,280.9,269.25,275.7,276.1,271.2,138516,38002973.5,24-NOV-2023,7255,INE02NC01014,
697,FINPIPE,EQ,200.2,204.0,199.1,199.9,200.0,199.2,647078,130088473.1,24-NOV-2023,12617,INE183A01024,
698,FIVESTAR,EQ,810.0,811.0,782.85,786.25,791.85,803.5,147991,117799703.85,24-NOV-2023,13212,INE128S01021,
699,FLEXITUFF,BE,46.0,46.0,44.0,44.05,44.0,45.55,19792,874238.45,24-NOV-2023,40,INE060J01017,
700,FLFL,BZ,3.3,3.35,3.1,3.1,3.1,3.25,232794,728279.0,24-NOV-2023,205,INE452O01016,
701,FLUOROCHEM,EQ,2775.0,2887.85,2771.35,2867.45,2885.0,2781.4,134041,379336248.25,24-NOV-2023,9851,INE09N301011,
702,FMGOETZE,EQ,359.0,364.85,358.4,362.65,364.2,358.55,82331,29762775.95,24-NOV-2023,5170,INE529A01010,
703,FMNL,BE,5.65,5.85,5.6,5.65,5.65,5.65,24269,138256.55,24-NOV-2023,63,INE360L01017,
704,FOCE,SM,844.5,844.5,844.5,844.5,844.5,822.15,1000,844500.0,24-NOV-2023,1,INE0I7D01019,
705,FOCUS,EQ,181.35,189.35,181.35,186.1,186.5,181.3,214136,39940596.55,24-NOV-2023,2918,INE593W01028,
706,FOODSIN,EQ,172.8,175.0,169.5,171.4,171.0,171.8,288753,49546962.9,24-NOV-2023,6136,INE976E01023,
707,FORTIS,EQ,366.0,373.65,363.1,366.5,365.0,365.2,1410775,520559973.35,24-NOV-2023,26687,INE061F01013,
708,FOSECOIND,EQ,3447.3,3517.25,3390.1,3474.25,3479.0,3433.55,7768,26971818.1,24-NOV-2023,1066,INE519A01011,
709,FRETAIL,BZ,3.0,3.05,2.9,2.95,3.0,3.0,525156,1557313.2,24-NOV-2023,597,INE752P01024,
710,FROG,SM,202.5,204.2,192.0,193.2,194.5,199.2,30000,5902560.0,24-NOV-2023,75,INE385O01018,
711,FSC,BZ,11.7,12.3,11.35,11.95,11.55,11.75,5296,61426.95,24-NOV-2023,53,INE935Q01015,
712,FSL,EQ,171.0,173.0,168.95,170.35,170.2,170.05,1547524,263641312.4,24-NOV-2023,13107,INE684F01012,
713,FUSION,EQ,584.0,590.7,579.0,580.75,580.0,584.0,64972,37904096.75,24-NOV-2023,5554,INE139R01012,
714,GABRIEL,EQ,398.05,412.0,397.6,409.9,411.0,395.95,407640,166113096.4,24-NOV-2023,19083,INE524A01029,
715,GAEL,EQ,362.6,366.8,356.35,360.35,359.5,362.1,186122,67524471.5,24-NOV-2023,11732,INE036B01030,
716,GAIL,EQ,125.1,125.7,123.9,124.5,124.3,124.95,7037545,879451345.25,24-NOV-2023,28736,INE129A01019,
717,GALAXYSURF,EQ,2800.0,2847.0,2800.0,2816.05,2839.5,2796.0,57147,160991698.9,24-NOV-2023,2489,INE600K01018,
718,GALLANTT,EQ,97.2,99.5,96.0,96.95,96.6,97.65,210080,20504643.2,24-NOV-2023,1821,INE297H01019,
719,GANDHITUBE,EQ,678.15,683.9,673.1,675.4,677.0,676.2,4505,3058980.1,24-NOV-2023,541,INE524B01027,
720,GANECOS,EQ,985.0,1024.9,985.0,999.15,1005.0,976.2,240064,241956589.8,24-NOV-2023,16078,INE845D01014,
721,GANESHBE,EQ,156.4,157.55,154.45,156.15,156.05,155.3,107512,16797998.15,24-NOV-2023,2720,INE388A01029,
722,GANESHHOUC,EQ,386.5,387.9,380.0,380.5,382.05,383.6,16391,6262014.0,24-NOV-2023,1064,INE460C01014,
723,GANGAFORGE,BE,6.35,6.35,6.35,6.35,6.35,6.45,48809,309937.15,24-NOV-2023,152,INE691Z01023,
724,GANGESSECU,EQ,137.95,141.8,132.8,133.5,133.0,135.25,89470,12326207.3,24-NOV-2023,1478,INE335W01016,
725,GARFIBRES,EQ,3224.85,3368.15,3190.0,3332.15,3350.0,3227.85,24442,80363819.55,24-NOV-2023,5580,INE276A01018,
726,GATECHDVR,BE,10.4,10.4,10.4,10.4,10.4,10.6,10536,109574.4,24-NOV-2023,13,INE224E01036,
727,GATEWAY,EQ,109.05,110.3,107.15,107.9,107.85,108.3,772609,83704357.15,24-NOV-2023,11137,INE079J01017,
728,GATI,EQ,132.6,138.85,132.25,137.1,136.5,132.8,1838787,251238756.05,24-NOV-2023,14274,INE152B01027,
729,GAYAPROJ,BZ,6.4,6.5,6.25,6.5,6.45,6.2,195825,1259814.3,24-NOV-2023,257,INE336H01023,
730,GEECEE,EQ,210.0,211.8,202.35,205.2,205.55,208.8,26706,5524406.75,24-NOV-2023,2071,INE916G01016,
731,GEEKAYWIRE,BE,81.9,81.9,79.55,79.55,79.55,80.3,42404,3449313.35,24-NOV-2023,315,INE669X01024,
732,GENCON,BE,36.35,39.65,35.95,39.65,39.65,37.8,354121,13266445.05,24-NOV-2023,437,INE854S01022,
733,GENESYS,EQ,354.7,372.65,350.0,355.9,354.0,358.3,429662,154574632.65,24-NOV-2023,15232,INE727B01026,
734,GENSOL,BE,777.85,777.85,743.9,760.1,770.0,768.35,44144,33511875.55,24-NOV-2023,1511,INE06H201014,
735,GENUSPAPER,EQ,20.95,21.2,20.1,20.4,20.5,21.0,1058619,21813941.45,24-NOV-2023,2525,INE949P01018,
736,GENUSPOWER,EQ,248.4,248.4,240.5,242.55,243.45,246.65,853032,208130010.75,24-NOV-2023,6097,INE955D01029,
737,GEOJITFSL,EQ,68.75,69.2,67.1,67.6,67.85,68.45,924674,62714587.3,24-NOV-2023,4232,INE007B01023,
738,GEPIL,EQ,227.7,234.9,222.0,223.05,224.75,225.9,628574,143620572.25,24-NOV-2023,7820,INE878A01011,
739,GESHIP,EQ,823.0,836.6,815.7,827.0,826.0,819.0,350724,290716425.3,24-NOV-2023,19946,INE017A01032,
740,GET&D,BE,408.0,416.95,401.0,415.05,416.0,408.0,33701,13904887.15,24-NOV-2023,1023,INE200A01026,
741,GFLLIMITED,EQ,99.15,100.3,97.5,97.65,97.8,99.15,95869,9471602.55,24-NOV-2023,1266,INE538A01037,
742,GHCL,EQ,545.0,545.0,535.0,538.25,536.4,544.95,168698,90999942.6,24-NOV-2023,7410,INE539A01019,
743,GHCLTEXTIL,EQ,74.0,74.95,72.9,74.1,74.2,74.0,286994,21222623.2,24-NOV-2023,2322,INE0PA801013,
744,GICHSGFIN,EQ,188.8,206.95,188.4,201.05,201.5,188.3,3812701,770174194.25,24-NOV-2023,51524,INE289B01019,
745,GICL,SM,39.0,39.3,38.2,39.0,39.0,38.2,189000,7306800.0,24-NOV-2023,36,INE947T01014,
746,GICRE,EQ,263.7,316.0,263.7,307.1,304.45,263.7,24375853,7296905811.0,24-NOV-2023,201589,INE481Y01014,
747,GILLANDERS,EQ,110.95,113.5,105.85,107.1,109.45,108.6,117424,12916608.8,24-NOV-2023,2047,INE047B01011,
748,GILLETTE,EQ,6366.45,6393.8,6324.6,6365.6,6350.05,6366.45,9095,57801030.6,24-NOV-2023,2378,INE322A01010,
749,GILT5YBEES,EQ,53.5,53.58,53.5,53.55,53.57,53.56,110618,5924931.58,24-NOV-2023,377,INF204KC1030,
750,GINNIFILA,EQ,31.9,34.65,31.9,32.5,32.8,31.5,2109793,71486355.6,24-NOV-2023,6089,INE424C01010,
751,GIPCL,EQ,162.0,162.8,156.15,156.95,156.9,161.3,1268333,201667447.25,24-NOV-2023,15861,INE162A01010,
752,GIRIRAJ,ST,508.55,508.55,508.55,508.55,508.55,535.3,500,254275.0,24-NOV-2023,1,INE614Z01017,
753,GKWLIMITED,BE,1579.5,1625.9,1579.5,1621.85,1625.9,1548.5,1522,2463624.9,24-NOV-2023,110,INE528A01020,
754,GLAND,EQ,1714.7,1817.7,1710.0,1756.5,1757.0,1707.8,1523081,2700359460.0,24-NOV-2023,71041,INE068V01023,
755,GLAXO,EQ,1688.0,1706.0,1622.5,1644.75,1639.0,1684.2,158716,265694805.2,24-NOV-2023,9245,INE159A01016,
756,GLENMARK,EQ,777.25,799.8,777.2,786.9,786.5,775.35,1799088,1423628519.05,24-NOV-2023,41963,INE935A01035,
757,GLFL,EQ,3.95,3.95,3.75,3.75,3.75,3.95,3226,12642.7,24-NOV-2023,13,INE540A01017,
758,GLOBAL,EQ,259.8,261.5,253.15,254.85,255.0,257.25,65106,16763861.0,24-NOV-2023,3495,INE291W01029,
759,GLOBALPET,SM,101.05,102.0,99.0,99.95,99.95,101.05,18000,1801200.0,24-NOV-2023,12,INE0PS501019,
760,GLOBALVECT,EQ,99.15,107.0,99.1,102.1,102.4,98.95,395941,41222296.75,24-NOV-2023,4785,INE792H01019,
761,GLOBE,BE,3.95,4.1,3.95,4.05,4.05,3.95,412541,1672277.7,24-NOV-2023,501,INE581X01021,
762,GLOBUSSPR,EQ,846.8,853.5,840.6,842.85,843.5,844.1,38495,32591829.95,24-NOV-2023,3950,INE615I01010,
763,GLS,EQ,623.3,642.0,620.2,634.8,636.05,623.25,239390,150830540.5,24-NOV-2023,6038,INE03Q201024,
764,GMBREW,EQ,666.3,666.3,654.0,656.05,655.0,659.7,24073,15843269.35,24-NOV-2023,1904,INE075D01018,
765,GMDCLTD,EQ,414.2,418.95,385.2,387.9,389.6,412.55,7962694,3203191138.4,24-NOV-2023,67365,INE131A01031,
766,GMMPFAUDLR,EQ,1553.0,1568.5,1531.2,1536.15,1539.0,1551.45,137921,212747274.75,24-NOV-2023,16042,INE541A01023,
767,GMRINFRA,EQ,57.25,60.9,57.05,60.35,60.35,57.1,22678150,1351441960.95,24-NOV-2023,39095,INE776C01039,
768,GMRP&UI,EQ,45.0,46.05,42.3,42.75,43.0,43.9,8254958,369721290.05,24-NOV-2023,15303,INE0CU601026,
769,GNA,EQ,416.7,431.6,416.7,421.25,421.2,419.25,84162,35637386.7,24-NOV-2023,7070,INE934S01014,
770,GNFC,EQ,700.0,706.95,691.1,693.15,693.7,706.05,454943,317913937.15,24-NOV-2023,13321,INE113A01013,
771,GOACARBON,EQ,543.0,543.9,529.5,531.35,531.1,537.7,21478,11484105.05,24-NOV-2023,2067,INE426D01013,
772,GOCLCORP,EQ,545.0,545.0,527.65,528.9,530.0,539.65,67691,36182955.35,24-NOV-2023,4375,INE077F01035,
773,GOCOLORS,EQ,1258.5,1284.75,1254.35,1273.25,1265.0,1252.65,59112,75378802.2,24-NOV-2023,9575,INE0BJS01011,
774,GODFRYPHLP,EQ,2072.0,2082.4,2025.05,2033.25,2032.8,2065.55,64956,132533015.8,24-NOV-2023,7525,INE260B01028,
775,GODHA,BE,0.6,0.6,0.55,0.6,0.6,0.6,2257385,1333834.15,24-NOV-2023,405,INE925Y01036,
776,GODREJAGRO,EQ,504.65,507.35,494.2,496.55,495.7,503.35,208744,104305269.9,24-NOV-2023,12655,INE850D01014,
777,GODREJCP,EQ,1010.85,1015.7,1003.2,1009.5,1009.85,1010.85,720428,728055021.05,24-NOV-2023,27323,INE102D01028,
778,GODREJIND,EQ,666.9,669.7,656.0,660.0,658.6,663.6,213495,140953433.05,24-NOV-2023,10512,INE233A01035,
779,GODREJPROP,EQ,1860.1,1864.45,1832.2,1841.05,1838.0,1852.35,255929,472517723.2,24-NOV-2023,16511,INE484J01027,
780,GOKEX,EQ,941.0,966.4,940.5,951.5,955.0,935.1,294950,280968759.75,24-NOV-2023,24167,INE887G01027,
781,GOKUL,EQ,43.65,45.9,42.85,43.85,43.6,43.4,650679,28819548.35,24-NOV-2023,3897,INE020J01029,
782,GOKULAGRO,EQ,125.9,129.0,125.5,126.3,125.9,125.1,300085,38217894.05,24-NOV-2023,5329,INE314T01025,
783,GOLDBEES,EQ,52.9,52.9,51.78,52.15,52.15,52.02,5370475,279998099.64,24-NOV-2023,13397,INF204KB17I5,
784,GOLDENTOBC,BZ,52.55,52.55,50.85,51.05,50.9,50.05,915,46899.8,24-NOV-2023,19,INE973A01010,
785,GOLDETF,EQ,61.99,61.99,61.0,61.47,61.5,61.44,49794,3060658.92,24-NOV-2023,241,INF769K01JP9,
786,GOLDIAM,EQ,171.9,175.55,170.5,172.65,172.5,171.4,669795,116080802.15,24-NOV-2023,5642,INE025B01025,
787,GOLDSHARE,EQ,52.25,52.4,52.15,52.3,52.3,52.25,46055,2406383.95,24-NOV-2023,333,INF789F1AUX7,
788,GOLDSTAR,ST,17.35,17.85,16.45,17.85,17.85,17.3,585000,9824625.0,24-NOV-2023,51,INE405Y01021,
789,GOLDTECH,BE,114.95,117.2,114.95,117.1,117.1,114.95,19850,2322208.5,24-NOV-2023,84,INE805A01014,
790,GOODLUCK,EQ,897.35,903.95,884.0,886.25,892.2,897.35,58278,51898273.05,24-NOV-2023,5788,INE127I01024,
791,GOYALALUM,BE,9.05,9.1,8.6,9.0,9.0,9.05,262306,2321285.6,24-NOV-2023,641,INE705X01026,
792,GOYALSALT,SM,165.0,165.0,165.0,165.0,165.0,165.05,3000,495000.0,24-NOV-2023,1,INE0QFE01017,
793,GPIL,EQ,662.4,668.5,655.3,657.35,656.2,659.1,140178,92614557.95,24-NOV-2023,7328,INE177H01021,
794,GPPL,EQ,134.95,140.7,134.9,136.75,136.8,134.9,2251213,311621983.2,24-NOV-2023,16890,INE517F01014,
795,GPTINFRA,BE,134.7,134.7,134.7,134.7,134.7,133.1,48091,6477857.7,24-NOV-2023,90,INE390G01014,
796,GRANULES,EQ,372.0,389.95,371.1,387.2,386.0,370.1,7834685,3007565513.35,24-NOV-2023,80322,INE101D01020,
797,GRAPHITE,EQ,481.9,483.15,474.0,474.85,474.2,480.75,286119,136579343.35,24-NOV-2023,7611,INE371A01025,
798,GRASIM,EQ,1963.9,1969.45,1945.45,1949.4,1945.95,1956.9,168018,328468164.9,24-NOV-2023,16421,INE047A01021,
799,GRAVITA,EQ,1072.4,1128.0,1072.4,1120.25,1128.0,1072.4,71602,79028161.3,24-NOV-2023,7711,INE024L01027,
800,GREAVESCOT,EQ,132.75,137.0,132.75,134.8,134.75,132.75,1806644,244198758.7,24-NOV-2023,13780,INE224A01026,
801,GREENCHEF,SM,104.0,115.0,103.5,108.0,108.0,104.0,135200,14824800.0,24-NOV-2023,154,INE0O7P01015,
802,GREENLAM,EQ,601.9,615.0,593.55,599.7,601.0,597.2,64473,38874522.25,24-NOV-2023,8074,INE544R01021,
803,GREENPANEL,EQ,339.95,342.9,337.1,340.45,341.45,337.55,193564,65875437.6,24-NOV-2023,9083,INE08ZM01014,
804,GREENPLY,EQ,205.95,206.0,200.3,201.25,202.3,204.9,128945,26144810.2,24-NOV-2023,4033,INE461C01038,
805,GREENPOWER,EQ,22.9,22.9,22.3,22.9,22.9,21.85,12020724,275055384.9,24-NOV-2023,6485,INE999K01014,
806,GRINDWELL,EQ,2090.75,2118.0,2088.55,2110.35,2110.0,2093.65,29552,62321259.5,24-NOV-2023,4862,INE536A01023,
807,GRINFRA,EQ,1060.4,1069.95,1056.0,1058.8,1056.5,1057.8,18804,19975393.45,24-NOV-2023,5307,INE201P01022,
808,GRMOVER,EQ,191.0,193.05,188.5,189.75,190.0,191.8,52297,9927961.4,24-NOV-2023,1532,INE192H01020,
809,GROBTEA,EQ,909.15,914.8,890.25,905.4,891.2,904.8,377,342069.25,24-NOV-2023,135,INE646C01018,
810,GRPLTD,EQ,4595.25,4632.2,4432.0,4432.0,4432.0,4665.25,453,2038149.65,24-NOV-2023,146,INE137I01015,
811,GRSE,EQ,837.7,844.95,829.5,834.0,833.0,833.8,1128392,944649133.95,24-NOV-2023,26322,INE382Z01011,
812,GRWRHITECH,EQ,1427.0,1427.0,1353.8,1392.85,1399.0,1409.7,20281,28219634.15,24-NOV-2023,3450,INE291A01017,
813,GSEC10YEAR,EQ,24.7,25.12,24.6,25.11,25.12,24.6,1737,42914.31,24-NOV-2023,12,INF769K01KF8,
814,GSFC,EQ,183.4,183.85,181.25,182.3,182.4,182.65,1374957,250733816.05,24-NOV-2023,9798,INE026A01025,
815,GSLSU,EQ,210.0,211.7,207.8,209.05,208.6,208.8,59085,12378087.3,24-NOV-2023,3095,INE0JSX01015,
816,GSPL,EQ,277.45,280.25,274.8,277.95,278.05,276.05,542986,150529526.05,24-NOV-2023,9862,INE246F01010,
817,GSS,EQ,191.9,194.5,189.0,190.0,190.5,191.4,26866,5171845.45,24-NOV-2023,899,INE871H01011,
818,GSTL,SM,63.1,63.1,63.1,63.1,63.1,64.0,1000,63100.0,24-NOV-2023,1,INE00WS01056,
819,GTECJAINX,BE,86.8,93.6,84.75,93.6,93.6,89.2,381,32557.7,24-NOV-2023,16,INE586X01012,
820,GTL,BE,8.15,8.15,8.15,8.15,8.15,8.3,61228,499008.2,24-NOV-2023,204,INE043A01012,
821,GTLINFRA,EQ,1.05,1.1,1.05,1.1,1.1,1.05,13136382,14126787.05,24-NOV-2023,9303,INE221H01019,
822,GTPL,EQ,178.9,181.0,175.4,176.55,177.8,178.05,39659,7058118.15,24-NOV-2023,1831,INE869I01013,
823,GUFICBIO,EQ,302.6,305.15,295.0,298.75,298.5,300.75,114670,34355887.75,24-NOV-2023,7296,INE742B01025,
824,GUJALKALI,EQ,723.5,736.0,711.0,718.3,718.1,719.9,92836,67537056.1,24-NOV-2023,6735,INE186A01019,
825,GUJAPOLLO,EQ,222.45,231.8,221.45,228.7,228.75,222.45,20233,4628360.65,24-NOV-2023,509,INE826C01016,
826,GUJGASLTD,EQ,429.25,430.8,425.0,425.55,425.0,428.35,379765,162661682.9,24-NOV-2023,7463,INE844O01030,
827,GUJRAFFIA,BE,32.05,33.1,32.05,32.55,33.1,32.4,888,29052.55,24-NOV-2023,19,INE610B01024,
828,GULFOILLUB,EQ,633.0,641.9,632.15,634.15,633.5,633.6,91122,57952177.95,24-NOV-2023,7092,INE635Q01029,
829,GULFPETRO,BE,53.1,53.3,52.5,52.8,52.9,53.05,14232,752139.7,24-NOV-2023,174,INE586G01017,
830,GULPOLY,EQ,205.8,207.75,205.0,205.7,205.0,205.8,21533,4435427.6,24-NOV-2023,1670,INE255D01024,
831,GVKPIL,BE,10.5,10.5,10.05,10.5,10.5,10.0,5986681,62520353.85,24-NOV-2023,6358,INE251H01024,
832,GVPTECH,BE,10.3,10.65,10.3,10.4,10.5,10.5,48963,506707.5,24-NOV-2023,380,INE382T01030,
833,HAL,EQ,2154.9,2251.0,2145.75,2240.3,2249.7,2146.25,2909879,6443393369.75,24-NOV-2023,119006,INE066F01020,
834,HAPPSTMNDS,EQ,839.4,842.85,830.3,832.35,834.0,836.75,129506,108161184.05,24-NOV-2023,11562,INE419U01012,
835,HARDWYN,EQ,39.2,42.5,38.95,41.75,42.5,38.85,3524110,139717964.4,24-NOV-2023,3580,INE626Z01029,
836,HARIOMPIPE,EQ,661.0,687.1,655.95,679.85,681.95,658.2,143017,96320975.35,24-NOV-2023,11228,INE00EV01017,
837,HARRMALAYA,EQ,147.0,148.7,145.5,145.8,146.0,146.5,15066,2215133.1,24-NOV-2023,430,INE544A01019,
838,HARSHA,EQ,391.2,398.0,391.2,396.3,396.0,392.25,47576,18776766.45,24-NOV-2023,4460,INE0JUS01029,
839,HATHWAY,EQ,20.45,20.45,20.05,20.15,20.15,20.15,6890127,139240404.65,24-NOV-2023,5782,INE982F01036,
840,HATSUN,EQ,1094.45,1096.9,1082.0,1091.55,1090.0,1089.0,11083,12069266.25,24-NOV-2023,2232,INE473B01035,
841,HAVELLS,EQ,1304.95,1305.1,1285.7,1294.3,1291.1,1301.45,471600,610649021.2,24-NOV-2023,22808,INE176B01034,
842,HAVISHA,BE,1.75,1.8,1.7,1.75,1.75,1.75,33258,58048.25,24-NOV-2023,71,INE293B01029,
843,HBLPOWER,EQ,338.6,344.35,335.2,343.35,343.5,338.0,1011874,343887389.25,24-NOV-2023,22974,INE292B01021,
844,HBSL,BE,80.05,85.0,78.05,80.1,79.5,82.15,21034,1685225.05,24-NOV-2023,354,INE550B01022,
845,HCC,EQ,30.35,31.4,30.05,30.15,30.15,30.45,31026786,947525203.9,24-NOV-2023,17912,INE549A01026,
846,HCG,EQ,361.35,367.0,360.6,365.6,366.95,359.8,43044,15652715.95,24-NOV-2023,3989,INE075I01017,
847,HCL-INSYS,EQ,17.35,17.55,16.9,16.95,17.0,17.25,1292852,22224810.15,24-NOV-2023,2853,INE236A01020,
848,HCLTECH,EQ,1328.9,1332.65,1305.65,1309.15,1308.4,1329.0,1795933,2357272781.35,24-NOV-2023,81099,INE860A01027,
849,HDFCAMC,EQ,2854.8,2895.0,2832.7,2841.55,2850.0,2853.75,246146,705262589.35,24-NOV-2023,18720,INE127D01025,
850,HDFCBANK,EQ,1521.2,1533.15,1519.85,1532.1,1531.4,1521.3,8234596,12590757692.8,24-NOV-2023,191494,INE040A01034,
851,HDFCBSE500,EQ,28.24,28.24,27.72,28.03,28.07,28.07,14710,411571.79,24-NOV-2023,147,INF179KC1EZ4,
852,HDFCGOLD,EQ,53.55,53.7,53.42,53.67,53.68,53.54,632048,33901738.04,24-NOV-2023,1106,INF179KC1981,
853,HDFCGROWTH,EQ,101.72,102.19,101.09,101.48,101.49,100.8,2789,283452.42,24-NOV-2023,65,INF179KC1DJ0,
854,HDFCLIFE,EQ,666.05,672.25,663.05,668.0,668.0,665.0,1511079,1008860875.1,24-NOV-2023,71667,INE795G01014,
855,HDFCLIQUID,EQ,999.99,1000.01,999.99,1000.01,1000.01,1000.0,2928,2927982.48,24-NOV-2023,9,INF179KC1HE2,
856,HDFCLOWVOL,EQ,15.67,15.79,15.64,15.65,15.65,15.67,3940,61808.25,24-NOV-2023,74,INF179KC1HU8,
857,HDFCMID150,EQ,15.98,15.98,15.66,15.77,15.79,15.7,39602,623889.83,24-NOV-2023,583,INF179KC1HT0,
858,HDFCMOMENT,EQ,24.49,24.59,24.32,24.49,24.49,24.49,17556,429743.26,24-NOV-2023,126,INF179KC1HV6,
859,HDFCNEXT50,EQ,47.0,47.4,46.83,46.97,46.98,47.02,8665,407170.41,24-NOV-2023,49,INF179KC1HS2,
860,HDFCNIF100,EQ,20.0,20.18,20.0,20.03,20.04,19.96,19725,396436.54,24-NOV-2023,127,INF179KC1HR4,
861,HDFCNIFBAN,EQ,440.78,443.78,440.78,443.47,443.78,440.78,4993,2203687.99,24-NOV-2023,53,INF179KC1AN8,
862,HDFCNIFIT,EQ,327.66,329.5,325.11,326.6,327.0,329.17,3428,1122128.4,24-NOV-2023,64,INF179KC1DX1,
863,HDFCNIFTY,EQ,216.16,217.49,216.01,216.31,216.48,216.21,14876,3220503.39,24-NOV-2023,329,INF179KC1965,
864,HDFCPVTBAN,EQ,228.8,229.89,227.95,229.0,228.87,229.07,898,205063.39,24-NOV-2023,30,INF179KC1DW3,
865,HDFCQUAL,EQ,46.3,46.49,46.2,46.39,46.39,46.26,2203,102053.6,24-NOV-2023,43,INF179KC1DL6,
866,HDFCSENSEX,EQ,726.31,728.59,723.0,726.83,725.27,728.18,13338,9680496.66,24-NOV-2023,114,INF179KC1973,
867,HDFCSILVER,EQ,71.81,72.19,71.65,71.83,71.93,71.8,49557,3557886.13,24-NOV-2023,284,INF179KC1DI2,
868,HDFCSML250,EQ,133.7,133.7,130.3,130.47,130.55,131.25,106692,13948648.13,24-NOV-2023,1706,INF179KC1FB2,
869,HDFCVALUE,EQ,108.51,108.52,107.07,107.63,107.7,108.42,717,77488.36,24-NOV-2023,37,INF179KC1DK8,
870,HEADSUP,EQ,13.45,14.7,12.85,13.0,13.2,13.2,355692,4710432.7,24-NOV-2023,2059,INE759V01019,
871,HEALTHY,EQ,10.17,10.35,10.17,10.22,10.2,10.17,112951,1157363.36,24-NOV-2023,612,INF209KB10C2,
872,HECPROJECT,EQ,50.0,53.1,50.0,53.1,53.1,50.6,19948,1035840.5,24-NOV-2023,441,INE558R01013,
873,HEG,EQ,1587.7,1595.95,1554.0,1559.85,1554.4,1583.15,92965,146153300.75,24-NOV-2023,7947,INE545A01016,
874,HEIDELBERG,EQ,192.6,194.1,190.15,191.0,190.15,193.55,146518,28222201.5,24-NOV-2023,3368,INE578A01017,
875,HEMIPROP,EQ,139.95,141.3,138.05,138.4,138.25,138.95,485933,67713836.9,24-NOV-2023,4567,INE0AJG01018,
876,HERANBA,EQ,357.0,359.55,351.9,352.8,352.0,355.65,53861,19095825.2,24-NOV-2023,3248,INE694N01015,
877,HERCULES,EQ,362.2,378.5,353.35,357.95,357.85,361.45,465697,171434777.0,24-NOV-2023,18204,INE688E01024,
878,HERITGFOOD,EQ,245.05,245.15,239.0,240.2,239.95,244.2,166941,40311361.45,24-NOV-2023,6293,INE978A01027,
879,HEROMOTOCO,EQ,3568.0,3579.8,3532.75,3548.6,3545.0,3568.0,514405,1826567133.6,24-NOV-2023,38575,INE158A01026,
880,HESTERBIO,EQ,1538.6,1546.8,1531.45,1536.25,1534.0,1538.0,1821,2800494.8,24-NOV-2023,426,INE782E01017,
881,HEUBACHIND,EQ,519.9,537.7,516.0,525.85,524.1,516.65,132870,70216202.6,24-NOV-2023,12427,INE492A01029,
882,HEXATRADEX,EQ,145.0,147.45,144.45,147.05,145.2,146.85,6828,993199.6,24-NOV-2023,176,INE750M01017,
883,HFCL,EQ,67.1,68.2,66.55,66.75,66.75,66.95,4559743,307120015.5,24-NOV-2023,14232,INE548A01028,
884,HGINFRA,EQ,875.6,879.6,856.0,864.2,865.0,871.2,70006,60546510.95,24-NOV-2023,8255,INE926X01010,
885,HGS,EQ,942.65,945.0,936.95,939.35,940.8,942.65,8937,8400461.9,24-NOV-2023,1298,INE170I01016,
886,HIGREEN,SM,148.95,156.85,148.65,154.45,154.7,147.35,132800,20331280.0,24-NOV-2023,83,INE0PIC01017,
887,HIKAL,EQ,269.5,275.65,268.3,273.9,274.2,269.05,223600,61128369.55,24-NOV-2023,7917,INE475B01022,
888,HIL,EQ,2726.05,2784.1,2721.0,2766.35,2768.0,2731.9,16725,46092264.4,24-NOV-2023,3021,INE557A01011,
889,HILTON,EQ,144.5,151.8,140.5,148.95,148.0,141.1,182419,26834883.15,24-NOV-2023,2180,INE788H01017,
890,HIMATSEIDE,EQ,171.6,183.95,171.45,175.2,175.5,170.5,3175382,569614559.65,24-NOV-2023,34771,INE049A01027,
891,HINDALCO,EQ,504.85,512.75,502.55,507.8,509.0,501.95,5973059,3036159473.75,24-NOV-2023,78912,INE038A01020,
892,HINDCOMPOS,EQ,479.05,490.45,456.1,463.7,464.0,478.6,37233,17638159.2,24-NOV-2023,4136,INE310C01029,
893,HINDCON,EQ,35.15,38.8,34.65,38.0,37.75,34.9,700968,26040100.35,24-NOV-2023,2194,INE642Y01029,
894,HINDCOPPER,EQ,163.4,167.4,162.45,163.95,164.15,162.15,13106168,2165973180.1,24-NOV-2023,54056,INE531E01026,
895,HINDMOTORS,EQ,18.1,18.25,17.8,17.95,17.9,17.95,357996,6428842.75,24-NOV-2023,1616,INE253A01025,
896,HINDOILEXP,EQ,162.35,163.7,161.5,162.55,163.0,161.5,488818,79499102.8,24-NOV-2023,7304,INE345A01011,
897,HINDPETRO,EQ,325.85,326.0,314.55,320.2,320.05,326.7,10281163,3282183514.8,24-NOV-2023,90023,INE094A01015,
898,HINDUNILVR,EQ,2515.1,2519.8,2507.45,2515.2,2515.45,2519.9,735137,1848542856.8,24-NOV-2023,49055,INE030A01027,
899,HINDWAREAP,EQ,532.25,548.2,521.1,523.9,523.0,531.95,187005,99746886.05,24-NOV-2023,7637,INE05AN01011,
900,HINDZINC,EQ,303.9,303.9,299.9,301.0,301.2,301.35,132414,39945583.05,24-NOV-2023,8282,INE267A01025,
901,HIRECT,EQ,660.35,679.95,628.8,640.85,642.15,660.25,23813,15424065.35,24-NOV-2023,1344,INE835D01023,
902,HISARMETAL,EQ,200.15,200.3,195.0,196.1,197.7,197.35,5399,1063770.0,24-NOV-2023,229,INE598C01011,
903,HITECH,EQ,110.8,115.75,110.4,111.95,111.65,110.4,1504568,170457479.6,24-NOV-2023,8133,INE106T01025,
904,HITECHCORP,EQ,286.0,295.3,285.5,288.75,286.0,284.55,36103,10464192.25,24-NOV-2023,1325,INE120D01012,
905,HITECHGEAR,EQ,473.65,492.1,470.2,484.1,485.0,469.0,89964,43512895.3,24-NOV-2023,7162,INE127B01011,
906,HLEGLAS,EQ,519.05,521.8,512.45,516.4,518.9,518.0,29844,15413898.4,24-NOV-2023,4897,INE461D01028,
907,HLVLTD,EQ,22.2,22.6,22.0,22.15,22.2,22.2,532127,11836329.65,24-NOV-2023,2250,INE102A01024,
908,HMAAGRO,EQ,666.0,676.15,658.1,666.15,665.0,662.3,48377,32161762.2,24-NOV-2023,2706,INE0ECP01016,
909,HMT,BZ,45.9,47.7,45.9,47.7,47.7,46.8,24994,1166815.4,24-NOV-2023,98,INE262A01018,
910,HMVL,EQ,78.6,79.8,78.1,78.45,78.1,78.35,38037,2997299.0,24-NOV-2023,548,INE871K01015,
911,HNDFDS,EQ,535.0,550.0,532.05,541.35,541.0,531.9,85390,46301982.55,24-NOV-2023,9422,INE254N01026,
912,HNGSNGBEES,EQ,262.73,263.84,261.42,263.16,263.15,263.22,21695,5700224.06,24-NOV-2023,556,INF204KB19I1,
913,HOLMARC,SM,119.5,122.0,116.4,119.45,120.0,117.25,42000,5016150.0,24-NOV-2023,14,INE0LXA01019,
914,HOMEFIRST,EQ,880.5,897.2,876.1,886.25,884.9,877.2,245966,218455114.9,24-NOV-2023,13427,INE481N01025,
915,HOMESFY,SM,390.0,390.0,381.0,383.5,381.0,413.0,2100,807300.0,24-NOV-2023,5,INE0N7F01017,
916,HONASA,EQ,456.0,486.15,442.85,475.1,477.1,423.75,22452906,10526495519.9,24-NOV-2023,330583,INE0J5401028,
917,HONAUT,EQ,36800.0,37045.8,36460.0,36762.9,36780.3,36758.5,2511,92140744.15,24-NOV-2023,1496,INE671A01010,
918,HONDAPOWER,EQ,2510.0,2560.0,2500.15,2530.6,2536.8,2498.7,8185,20758733.15,24-NOV-2023,2199,INE634A01018,
919,HOVS,EQ,56.6,60.9,56.5,58.35,58.8,56.2,186755,10997729.0,24-NOV-2023,3048,INE596H01014,
920,HPAL,EQ,97.8,97.8,95.6,96.25,96.0,96.8,211852,20404816.75,24-NOV-2023,3706,INE0GSL01024,
921,HPIL,BE,105.0,106.15,100.05,101.0,104.65,105.0,2502,255428.1,24-NOV-2023,52,INE05X901010,
922,HPL,EQ,211.0,218.9,210.15,211.55,211.3,210.35,258791,55547732.7,24-NOV-2023,4435,INE495S01016,
923,HSCL,EQ,261.5,265.6,258.2,264.4,264.7,260.35,1361055,358329308.1,24-NOV-2023,12956,INE019C01026,
924,HTMEDIA,EQ,23.95,24.1,23.65,23.9,23.8,23.8,172236,4107737.5,24-NOV-2023,913,INE501G01024,
925,HUBTOWN,EQ,76.95,77.55,72.4,73.1,73.5,76.2,420110,30929215.6,24-NOV-2023,2363,INE703H01016,
926,HUDCO,EQ,82.45,82.6,81.5,81.7,81.55,82.25,3864295,316761705.2,24-NOV-2023,10335,INE031A01017,
927,HUDCO,N2,1145.5,1150.0,1145.0,1150.0,1150.0,1159.0,1030,1181358.0,24-NOV-2023,19,INE031A07840,
928,HUDCO,N5,1135.0,1135.0,1125.0,1131.81,1125.0,1133.3,580,656450.0,24-NOV-2023,22,INE031A07865,
929,HUDCO,N8,1185.0,1185.0,1185.0,1185.0,1185.0,1188.0,111,131535.0,24-NOV-2023,1,INE031A07AO5,
930,HUDCO,ND,1143.0,1143.0,1140.0,1140.94,1140.25,1141.8,839,957471.8,24-NOV-2023,41,INE031A07949,
931,HUDCO,NE,1372.0,1372.0,1364.4,1365.0,1365.0,1365.0,147,201226.5,24-NOV-2023,19,INE031A07AB2,
932,HUHTAMAKI,EQ,314.05,316.95,310.9,311.2,310.95,311.5,117546,36844304.95,24-NOV-2023,4652,INE275B01026,
933,HYBRIDFIN,BE,9.4,9.4,9.4,9.4,9.4,9.6,502,4718.8,24-NOV-2023,7,INE965B01022,
934,IBREALEST,EQ,83.5,83.9,81.55,81.9,82.15,84.25,10658950,881815296.1,24-NOV-2023,25173,INE069I01010,
935,IBUCCREDIT,NZ,1010.0,1010.0,1010.0,1010.0,1010.0,1010.0,13,13130.0,24-NOV-2023,3,INE244L07523,
936,IBULHSG,N5,970.0,970.0,970.0,970.0,970.0,970.0,83,80510.0,24-NOV-2023,2,INE148I07PA7,
937,IBULHSG,NP,820.0,820.0,820.0,820.0,820.0,1000.0,80,65600.0,24-NOV-2023,1,INE148I07QO6,
938,IBULHSG,NX,978.0,978.0,978.0,978.0,978.0,976.0,10,9780.0,24-NOV-2023,1,INE148I07QZ2,
939,IBULHSGFIN,AP,975.0,975.0,975.0,975.0,975.0,975.0,20,19500.0,24-NOV-2023,5,INE148I07OM5,
940,IBULHSGFIN,AR,935.1,975.0,935.1,950.63,950.63,1110.0,25,24112.27,24-NOV-2023,10,INE148I07OL7,
941,IBULHSGFIN,AT,980.0,980.0,980.0,980.0,0.0,980.0,242,237160.0,24-NOV-2023,5,INE148I07OO1,
942,IBULHSGFIN,AX,955.0,955.46,931.58,954.23,954.83,955.0,156,148951.04,24-NOV-2023,9,INE148I07OP8,
943,IBULHSGFIN,BF,965.25,965.25,965.25,965.25,965.25,990.0,3,2895.75,24-NOV-2023,1,INE148I07PD1,
944,IBULHSGFIN,EQ,185.8,186.45,182.0,183.25,183.2,185.65,4067154,748527441.75,24-NOV-2023,19367,INE148I01020,
945,IBULHSGFIN,,952.0,968.0,952.0,968.0,968.0,969.97,54,51472.0,24-NOV-2023,2,INE148I07GL3,
946,IBULHSGFIN,NF,1662.0,1662.0,1662.0,1662.0,1662.0,1650.0,50,83100.0,24-NOV-2023,1,INE148I08272,
947,IBULHSGFIN,NQ,979.8,979.8,979.8,979.8,979.8,977.9,11,10777.8,24-NOV-2023,1,INE148I07KL5,
948,IBULHSGFIN,YT,960.0,960.0,960.0,960.0,0.0,960.0,89,85440.0,24-NOV-2023,3,INE148I07LV2,
949,IBULHSGFIN,Z3,1058.0,1058.0,1058.0,1058.0,1058.0,1058.0,15,15870.0,24-NOV-2023,1,INE148I07MF3,
950,IBULHSGFIN,ZP,1065.0,1065.0,1065.0,1065.0,1065.0,1012.2,1,1065.0,24-NOV-2023,1,INE148I07NC8,
951,IBULHSGFIN,ZS,1030.0,1030.0,1030.0,1030.0,1030.0,1029.0,1,1030.0,24-NOV-2023,1,INE148I07NK1,
952,IBULHSGFIN,ZX,1002.0,1002.0,1002.0,1002.0,1002.0,1002.0,50,50100.0,24-NOV-2023,1,INE148I07NL9,
953,IBULHSGFIN,ZY,1031.7,1031.7,1031.7,1031.7,1031.7,1031.0,5,5158.5,24-NOV-2023,1,INE148I07NG9,
954,ICDSLTD,BE,28.6,30.0,28.0,29.95,30.0,28.6,1817,54041.8,24-NOV-2023,39,INE613B01010,
955,ICEMAKE,EQ,584.0,609.0,584.0,586.2,585.1,585.6,20405,12076269.35,24-NOV-2023,1263,INE520Y01019,
956,ICICI10GS,EQ,219.9,219.9,219.4,219.9,219.9,219.35,13,2858.2,24-NOV-2023,3,INF109KC18O0,
957,ICICI500,EQ,29.74,29.84,29.51,29.58,29.6,29.55,41138,1218692.0,24-NOV-2023,524,INF109KC1V59,
958,ICICI5GSEC,EQ,54.5,54.5,53.5,53.8,53.8,53.96,326,17662.45,24-NOV-2023,16,INF109KC14A8,
959,ICICIALPLV,EQ,215.01,215.01,214.55,214.95,215.0,215.01,12485,2682544.9,24-NOV-2023,262,INF109KC1N59,
960,ICICIAUTO,EQ,173.01,173.45,172.57,173.29,173.23,173.01,4779,826456.5,24-NOV-2023,139,INF109KC1Y49,
961,ICICIB22,EQ,79.0,79.0,78.0,78.18,78.03,78.04,300994,23562874.42,24-NOV-2023,2342,INF109KB15Y7,
962,ICICIBANK,EQ,921.5,930.4,920.2,929.4,929.0,923.0,7452002,6893360153.95,24-NOV-2023,164564,INE090A01021,
963,ICICIBANKN,EQ,44.01,44.19,43.96,44.17,44.15,43.95,231816,10219402.82,24-NOV-2023,2490,INF109KC15I8,
964,ICICIBANKP,EQ,226.34,227.9,226.34,227.62,227.9,226.26,10002,2272888.4,24-NOV-2023,119,INF109KC1E35,
965,ICICICOMMO,EQ,66.89,67.09,66.8,66.86,66.92,66.87,11220,751269.58,24-NOV-2023,108,INF109KC19O8,
966,ICICICONSU,EQ,89.51,89.8,89.28,89.29,89.29,89.58,1680,150407.08,24-NOV-2023,40,INF109KC1V42,
967,ICICIFIN,EQ,21.65,21.65,21.15,21.24,21.25,21.23,91377,1941438.17,24-NOV-2023,205,INF109KC17L8,
968,ICICIFMCG,EQ,545.31,548.0,543.42,543.96,544.38,545.31,3037,1653675.01,24-NOV-2023,216,INF109KC1R48,
969,ICICIGI,EQ,1434.4,1450.0,1426.6,1438.5,1434.0,1439.0,701500,1009114411.0,24-NOV-2023,22382,INE765G01017,
970,ICICIGOLD,EQ,53.67,53.68,53.5,53.61,53.63,53.59,131366,7038362.01,24-NOV-2023,2909,INF109KC1NT3,
971,ICICIINFRA,EQ,66.0,66.08,65.71,65.87,65.88,65.84,78566,5181247.69,24-NOV-2023,128,INF109KC16E5,
972,ICICILIQ,EQ,999.99,1000.01,999.99,999.99,1000.0,999.99,493760,493759895.94,24-NOV-2023,603,INF109KC1KT9,
973,ICICILOVOL,EQ,170.24,170.24,168.54,168.75,169.0,169.47,70980,11999764.37,24-NOV-2023,455,INF109KB10T8,
974,ICICIM150,EQ,160.04,160.7,160.01,160.06,160.39,160.04,22302,3578599.74,24-NOV-2023,525,INF109KC1G82,
975,ICICIMCAP,EQ,129.99,129.99,128.56,128.67,128.73,128.9,5073,654032.98,24-NOV-2023,143,INF109KB1XT3,
976,ICICIMOM30,EQ,24.76,24.81,24.67,24.7,24.7,24.75,72863,1798785.05,24-NOV-2023,146,INF109KC17C7,
977,ICICINF100,EQ,217.67,218.49,216.9,217.3,217.05,217.52,6378,1387671.2,24-NOV-2023,311,INF109KA1962,
978,ICICINIFTY,EQ,223.9,223.9,217.05,217.35,217.45,217.4,139687,30379377.85,24-NOV-2023,3294,INF109K012R6,
979,ICICINV20,EQ,118.5,118.5,116.5,116.67,116.88,117.35,23753,2778802.88,24-NOV-2023,747,INF109KB1WY5,
980,ICICINXT50,EQ,49.1,49.1,47.91,48.19,48.2,48.24,128755,6210233.7,24-NOV-2023,674,INF109KC1NS5,
981,ICICIPHARM,EQ,102.35,102.8,102.19,102.38,102.43,101.88,4608,472727.67,24-NOV-2023,184,INF109KC1Q72,
982,ICICIPRULI,EQ,555.95,563.5,554.55,555.45,554.75,555.95,1548879,865205448.75,24-NOV-2023,22720,INE726G01019,
983,ICICIQTY30,EQ,170.39,170.39,169.32,169.46,169.32,170.6,79,13448.18,24-NOV-2023,18,INF109KC15T5,
984,ICICISENSX,EQ,737.6,737.6,734.0,735.78,734.0,737.18,801,589212.11,24-NOV-2023,56,INF346A01034,
985,ICICISILVE,EQ,74.94,75.3,73.3,74.39,74.36,74.61,122010,9086865.41,24-NOV-2023,559,INF109KC1Y56,
986,ICICITECH,EQ,34.15,34.32,33.8,33.83,33.89,34.12,114872,3897962.14,24-NOV-2023,778,INF109KC16I6,
987,ICIL,EQ,291.1,312.7,291.1,304.4,304.9,290.05,3567196,1092389710.6,24-NOV-2023,52010,INE483B01026,
988,ICRA,EQ,5540.0,5649.0,5526.1,5571.95,5547.45,5535.3,4448,24838862.45,24-NOV-2023,682,INE725G01011,
989,IDBI,EQ,60.65,61.25,60.55,60.65,60.7,60.65,3387344,206084481.2,24-NOV-2023,10817,INE008A01015,
990,IDEA,EQ,13.65,13.75,13.3,13.35,13.3,13.6,128887582,1739001590.15,24-NOV-2023,54132,INE669E01016,
991,IDEAFORGE,EQ,774.4,779.7,768.7,773.2,773.8,773.7,77050,59482284.05,24-NOV-2023,5575,INE349Y01013,
992,IDFC,EQ,116.95,117.95,116.2,116.35,116.5,116.95,2338371,273415337.1,24-NOV-2023,13702,INE043D01016,
993,IDFCFIRSTB,EQ,84.25,85.35,84.0,84.3,84.1,84.15,17622717,1491424346.55,24-NOV-2023,59853,INE092T01019,
994,IDFNIFTYET,EQ,212.5,215.0,209.5,211.87,211.87,213.3,694,146867.86,24-NOV-2023,35,INF194KA1U07,
995,IEL,BE,11.35,11.5,11.0,11.35,11.45,11.15,119719,1354611.8,24-NOV-2023,323,INE059901020,
996,IEX,EQ,145.7,145.7,141.2,142.05,142.25,145.1,10550802,1508181526.7,24-NOV-2023,51526,INE022Q01020,
997,IFBAGRO,EQ,458.8,465.9,458.8,460.8,460.1,463.55,4622,2133779.1,24-NOV-2023,951,INE076C01018,
998,IFBIND,EQ,1010.0,1024.0,1006.1,1009.35,1010.0,1006.1,30120,30503593.2,24-NOV-2023,3848,INE559A01017,
999,IFCI,EQ,24.3,25.25,24.05,24.45,24.55,24.2,27159611,667552669.75,24-NOV-2023,19690,INE039A01010,
1000,IFCI,NH,1003.95,1003.95,1003.95,1003.95,1003.95,1001.0,18,18071.1,24-NOV-2023,1,INE039A07801,
1001,IFGLEXPOR,EQ,869.6,890.15,840.0,842.85,840.05,869.6,76134,65546100.6,24-NOV-2023,7832,INE133Y01011,
1002,IGARASHI,EQ,519.95,529.0,508.45,515.8,513.95,519.4,49736,25903708.95,24-NOV-2023,4099,INE188B01013,
1003,IGL,EQ,391.0,394.25,390.5,392.0,392.2,390.3,1359246,533331380.55,24-NOV-2023,12096,INE203G01027,
1004,IGPL,EQ,448.55,448.8,440.0,441.95,442.0,444.9,19357,8583046.1,24-NOV-2023,2492,INE204A01010,
1005,IIFCL,N4,1326.06,1339.0,1326.06,1339.0,1339.0,1342.6,525,696505.0,24-NOV-2023,2,INE787H07370,
1006,IIFL,EQ,605.0,609.75,596.95,603.75,600.0,603.3,205890,124398484.6,24-NOV-2023,16266,INE530B01024,
1007,IIFL,N6,1002.0,1010.9,1000.0,1010.9,1010.9,1008.0,245,245506.7,24-NOV-2023,16,INE866I08279,
1008,IIFL,N7,1221.0,1221.0,1221.0,1221.0,1221.0,1031.05,55,67155.0,24-NOV-2023,1,INE866I08295,
1009,IIFL,ND,1445.0,1445.0,1445.0,1445.0,1445.0,1476.0,350,505750.0,24-NOV-2023,1,INE866I08311,
1010,IIFL,NE,1023.85,1059.0,1023.85,1056.93,1059.0,1012.0,510,539037.0,24-NOV-2023,4,INE530B08094,
1011,IIFL,NF,974.7,974.95,971.5,972.5,972.5,974.95,561,545423.96,24-NOV-2023,23,INE530B08102,
1012,IIFL,NG,1173.9,1173.9,1173.9,1173.9,1173.9,1174.0,1,1173.9,24-NOV-2023,1,INE530B08110,
1013,IIFL,NJ,963.35,1003.5,963.35,1003.5,1003.5,1004.0,18,17812.4,24-NOV-2023,3,INE530B07146,
1014,IIFL,NL,943.9,950.0,943.9,949.99,950.0,942.98,21763,20673618.75,24-NOV-2023,8,INE530B07161,
1015,IIFL,NM,998.0,998.0,998.0,998.0,998.0,998.99,20,19960.0,24-NOV-2023,1,INE530B07179,
1016,IIFL,NS,935.0,944.0,934.99,935.93,934.99,931.5,448,419181.97,24-NOV-2023,12,INE530B07310,
1017,IIFL,NU,940.0,959.9,940.0,955.0,955.0,930.7,120,113174.5,24-NOV-2023,5,INE530B07278,
1018,IIFL,NW,980.0,980.0,980.0,980.0,980.0,967.01,1,980.0,24-NOV-2023,1,INE530B07393,
1019,IIFL,NZ,924.99,924.99,924.99,924.99,924.99,910.06,22,20349.78,24-NOV-2023,3,INE530B07385,
1020,IIFL,Y0,935.0,935.0,935.0,935.0,935.0,935.0,1,935.0,24-NOV-2023,1,INE530B07377,
1021,IIFLSEC,EQ,117.0,119.4,115.5,116.15,115.65,116.7,728700,85614857.55,24-NOV-2023,7166,INE489L01022,
1022,IIHFL,N4,985.0,995.0,960.0,990.0,990.0,980.0,776,766131.0,24-NOV-2023,20,INE477L08147,
1023,IIHFL,N5,974.0,974.8,970.25,970.5,970.5,974.85,1006,977643.72,24-NOV-2023,41,INE477L08154,
1024,IIHFL,N7,1025.01,1025.01,1025.01,1025.01,1025.01,1025.0,5,5125.05,24-NOV-2023,1,INE477L07AL3,
1025,IIHFL,N9,932.0,932.0,927.0,927.0,927.0,930.0,220,204600.0,24-NOV-2023,5,INE477L07AN9,
1026,IIHFL,NC,929.0,936.0,929.0,934.2,935.0,930.0,1273,1187625.55,24-NOV-2023,12,INE477L07AQ2,
1027,IITL,BE,180.25,180.25,174.2,174.45,174.2,181.0,4928,870681.55,24-NOV-2023,123,INE886A01014,
1028,IKIO,EQ,344.7,347.8,340.0,342.4,343.5,343.85,172534,59243052.25,24-NOV-2023,9172,INE0LOJ01019,
1029,IL&FSENGG,BZ,27.55,27.55,27.55,27.55,27.55,28.1,6758,186182.9,24-NOV-2023,26,INE369I01014,
1030,IL&FSTRANS,BZ,5.05,5.05,4.9,4.9,4.9,5.0,15771,78111.65,24-NOV-2023,42,INE975G01012,
1031,IMAGICAA,EQ,55.2,55.5,52.6,52.9,52.9,54.55,1922967,103333821.45,24-NOV-2023,6902,INE172N01012,
1032,IMC1,N3,254.0,254.0,254.0,254.0,254.0,254.0,197,50038.0,24-NOV-2023,1,INE00QS24035,
1033,IMFA,EQ,488.9,519.9,486.05,508.4,508.8,486.05,370689,187703644.95,24-NOV-2023,20067,INE919H01018,
1034,IMPAL,EQ,914.0,954.0,911.9,940.9,954.0,903.9,31210,29102284.95,24-NOV-2023,2948,INE547E01014,
1035,IMPEXFERRO,BE,2.95,3.05,2.95,3.05,3.05,3.0,17159,51430.1,24-NOV-2023,30,INE691G01015,
1036,INCREDFIN,N2,1055.0,1055.0,1055.0,1055.0,1055.0,1058.0,10,10550.0,24-NOV-2023,1,INE945W07399,
1037,INCREDFIN,N4,982.0,982.0,982.0,982.0,982.0,981.0,55,54010.0,24-NOV-2023,3,INE321N07301,
1038,INCREDFIN,N6,975.0,975.0,975.0,975.0,975.0,975.0,5,4875.0,24-NOV-2023,1,INE321N07277,
1039,INCREDFIN,N7,990.0,990.0,990.0,990.0,990.0,990.0,75,74250.0,24-NOV-2023,2,INE321N07293,
1040,INCREDIBLE,BE,35.25,35.25,35.25,35.25,35.25,35.95,628,22137.0,24-NOV-2023,8,INE452L01012,
1041,INDBANK,BE,32.35,32.9,31.9,32.15,32.45,32.35,61530,1983083.2,24-NOV-2023,231,INE841B01017,
1042,INDHOTEL,EQ,419.0,422.35,417.5,420.5,419.5,420.1,2440352,1024480127.25,24-NOV-2023,34822,INE053A01029,
1043,INDIACEM,EQ,217.6,221.8,216.7,220.0,220.25,217.3,2354903,517589348.95,24-NOV-2023,13191,INE383A01012,
1044,INDIAGLYCO,EQ,726.0,737.95,721.85,725.25,725.45,724.95,98149,71581427.7,24-NOV-2023,6218,INE560A01015,
1045,INDIAMART,EQ,2599.95,2614.35,2591.15,2599.1,2601.0,2593.85,100564,261629325.15,24-NOV-2023,8366,INE933S01016,
1046,INDIANB,EQ,414.85,416.5,407.0,408.2,408.75,412.75,635756,262046873.85,24-NOV-2023,15681,INE562A01011,
1047,INDIANCARD,EQ,258.55,267.5,255.25,264.95,265.0,252.95,62083,16226746.95,24-NOV-2023,1774,INE061A01014,
1048,INDIANHUME,EQ,250.25,253.95,242.65,246.5,246.0,249.45,50343,12486586.3,24-NOV-2023,2136,INE323C01030,
1049,INDIGO,EQ,2596.0,2619.95,2562.3,2568.35,2568.45,2606.05,423377,1094140869.9,24-NOV-2023,33307,INE646L01027,
1050,INDIGOPNTS,EQ,1474.35,1488.0,1468.1,1482.5,1482.0,1472.25,26578,39262638.85,24-NOV-2023,4454,INE09VQ01012,
1051,INDIGRID,IV,130.0,130.04,128.8,129.11,129.29,129.33,230943,29828290.06,24-NOV-2023,1198,INE219X23014,
1052,INDIGRID,NJ,1044.0,1044.0,1036.15,1044.0,1044.0,1049.0,53,54938.45,24-NOV-2023,8,INE219X07264,
1053,INDIGRID,NL,990.0,994.99,990.0,994.99,994.99,985.08,20,19894.81,24-NOV-2023,2,INE219X07280,
1054,INDLMETER,BZ,5.3,5.8,5.3,5.8,5.8,5.55,6325,36355.0,24-NOV-2023,16,INE065B01013,
1055,INDNIPPON,EQ,495.0,511.0,491.3,498.4,499.5,497.65,52768,26512779.6,24-NOV-2023,3912,INE092B01025,
1056,INDOAMIN,EQ,116.0,116.3,113.7,114.15,113.9,115.1,51366,5895172.35,24-NOV-2023,961,INE760F01028,
1057,INDOBORAX,EQ,168.05,170.5,163.2,164.25,165.0,168.65,39931,6637971.1,24-NOV-2023,973,INE803D01021,
1058,INDOCO,EQ,348.4,357.0,348.4,353.1,352.85,350.2,132972,46821669.35,24-NOV-2023,6347,INE873D01024,
1059,INDORAMA,EQ,54.85,55.45,52.9,53.05,53.25,54.6,463625,24970738.9,24-NOV-2023,2084,INE156A01020,
1060,INDOSTAR,BE,163.3,171.5,161.15,168.7,171.0,163.35,67344,11358182.8,24-NOV-2023,468,INE896L01010,
1061,INDOTECH,BE,573.3,573.3,573.3,573.3,573.3,585.0,4732,2712855.6,24-NOV-2023,38,INE332H01014,
1062,INDOTHAI,EQ,219.05,220.8,211.0,215.5,214.5,220.15,7188,1552449.65,24-NOV-2023,264,INE337M01013,
1063,INDOWIND,BE,16.75,16.75,16.7,16.7,16.7,17.0,65590,1096204.5,24-NOV-2023,126,INE227G01018,
1064,INDRAMEDCO,BE,227.95,229.8,222.6,224.75,225.6,225.7,75503,17035946.8,24-NOV-2023,797,INE681B01017,
1065,INDSWFTLAB,EQ,93.6,96.5,92.45,92.8,93.8,93.4,175745,16573656.4,24-NOV-2023,2565,INE915B01019,
1066,INDSWFTLTD,BE,16.95,17.25,16.95,17.25,17.25,17.3,20415,347834.25,24-NOV-2023,43,INE788B01028,
1067,INDTERRAIN,EQ,61.0,64.4,60.05,63.5,63.65,59.65,980831,61643003.1,24-NOV-2023,6844,INE611L01021,
1068,INDUSINDBK,EQ,1491.45,1491.9,1474.0,1476.2,1476.0,1486.1,2813844,4169239622.0,24-NOV-2023,136187,INE095A01012,
1069,INDUSTOWER,EQ,187.35,187.35,184.3,185.6,185.2,185.85,2422201,449977725.3,24-NOV-2023,28070,INE121J01017,
1070,INFIBEAM,EQ,21.25,21.3,20.7,20.8,20.85,21.15,16929504,353772428.65,24-NOV-2023,16001,INE483S01020,
1071,INFINIUM,SM,244.0,244.0,243.0,243.65,243.0,245.0,1500,365500.0,24-NOV-2023,2,INE0MRE01011,
1072,INFOBEAN,EQ,411.05,415.8,407.5,409.8,412.0,412.35,19544,8004195.0,24-NOV-2023,1889,INE344S01016,
1073,INFOLLION,SM,274.0,280.0,270.05,273.15,272.5,270.4,32000,8788440.0,24-NOV-2023,27,INE0NNZ01013,
1074,INFOMEDIA,EQ,6.1,6.2,6.0,6.15,6.2,5.95,38114,234705.95,24-NOV-2023,98,INE669A01022,
1075,INFRABEES,EQ,676.59,690.0,667.83,669.6,669.58,671.21,3634,2434906.62,24-NOV-2023,234,INF732E01268,
1076,INFY,EQ,1445.55,1452.65,1433.85,1437.4,1437.0,1449.25,2973195,4281944525.2,24-NOV-2023,92376,INE009A01021,
1077,INGERRAND,EQ,2968.3,2978.4,2935.0,2951.1,2941.1,2931.5,19113,56433398.65,24-NOV-2023,3226,INE177A01018,
1078,INNOVANA,SM,601.4,601.4,601.4,601.4,601.4,621.0,200,120280.0,24-NOV-2023,1,INE403Y01018,
1079,INNOVATIVE,SM,5.4,5.6,5.2,5.2,5.2,5.35,75000,409200.0,24-NOV-2023,17,INE070Y01015,
1080,INOXGREEN,EQ,69.3,70.5,68.1,69.75,69.65,68.95,1705140,118486457.9,24-NOV-2023,6659,INE510W01014,
1081,INOXWIND,EQ,272.0,272.95,265.5,266.55,266.6,271.7,1471669,394607979.75,24-NOV-2023,18810,INE066P01011,
1082,INSECTICID,EQ,605.0,612.9,601.05,609.2,605.1,602.85,81464,49426652.1,24-NOV-2023,4369,INE070I01018,
1083,INSPIRE,SM,66.0,66.0,65.5,65.5,65.5,66.75,8000,525400.0,24-NOV-2023,4,INE0NDX01019,
1084,INSPIRISYS,BE,80.0,84.4,78.5,81.55,82.95,80.6,25703,2075330.95,24-NOV-2023,101,INE020G01017,
1085,INTELLECT,EQ,699.0,716.85,698.9,710.2,709.0,696.1,321698,228492908.8,24-NOV-2023,18285,INE306R01017,
1086,INTENTECH,EQ,123.15,129.25,116.3,117.3,117.0,122.85,1104980,134401617.25,24-NOV-2023,13254,INE781A01025,
1087,INTLCONV,EQ,99.2,100.0,94.3,95.9,95.9,98.55,598224,58505010.75,24-NOV-2023,6265,INE575C01027,
1088,INVENTURE,EQ,2.4,2.5,2.3,2.35,2.4,2.4,4739383,11328714.75,24-NOV-2023,1829,INE878H01024,
1089,IOB,EQ,39.4,39.7,39.2,39.35,39.3,39.35,6295256,247994378.35,24-NOV-2023,10571,INE565A01014,
1090,IOC,EQ,104.1,105.3,103.0,103.45,103.55,103.8,26009963,2707564434.65,24-NOV-2023,75946,INE242A01010,
1091,IOLCP,EQ,448.5,459.5,447.85,452.35,452.0,446.3,292480,132741346.05,24-NOV-2023,13788,INE485C01011,
1092,IONEXCHANG,EQ,585.8,587.8,570.25,579.45,581.0,583.75,281396,162778541.9,24-NOV-2023,11714,INE570A01022,
1093,IPCALAB,EQ,1066.35,1097.15,1063.05,1091.8,1085.1,1066.35,241174,261908562.75,24-NOV-2023,12431,INE571A01038,
1094,IPL,EQ,288.0,290.3,283.2,286.55,285.3,286.05,1117194,319204130.0,24-NOV-2023,10102,INE0D6701023,
1095,IPSL,SM,174.0,175.0,174.0,175.0,175.0,174.0,2000,349000.0,24-NOV-2023,2,INE02EE01019,
1096,IRB,EQ,37.8,39.5,37.35,39.05,38.95,37.75,69360517,2688956348.95,24-NOV-2023,67037,INE821I01022,
1097,IRBINVIT,IV,69.87,70.25,69.4,69.48,69.5,69.87,360404,25109534.61,24-NOV-2023,1243,INE183W23014,
1098,IRCON,EQ,166.0,168.6,164.15,166.0,165.6,165.5,9842059,1637695654.75,24-NOV-2023,50537,INE962Y01021,
1099,IRCTC,EQ,703.0,704.4,691.6,692.8,692.7,700.0,896138,623194185.8,24-NOV-2023,27232,INE335Y01020,
1100,IREDA,N7,1187.74,1187.74,1187.74,1187.74,1187.74,1187.78,11,13065.14,24-NOV-2023,1,INE202E07229,
1101,IRFC,EQ,76.85,77.5,75.9,76.1,76.05,76.5,21604709,1653905398.3,24-NOV-2023,56978,INE053F01010,
1102,IRFC,N2,1089.0,1089.0,1089.0,1089.0,1089.0,1092.0,149,162261.0,24-NOV-2023,5,INE053F07538,
1103,IRFC,N4,1087.57,1087.57,1051.11,1051.22,1087.0,1087.0,315,331572.99,24-NOV-2023,6,INE053F07579,
1104,IRFC,N7,1054.5,1054.5,1054.5,1054.5,1054.5,1053.0,2,2109.0,24-NOV-2023,1,INE053F07652,
1105,IRFC,N9,1058.01,1058.77,1050.0,1058.0,1058.64,1059.0,2030,2142660.7,24-NOV-2023,20,INE053F07678,
1106,IRFC,,1187.0,1187.0,1187.0,1187.0,1187.0,1199.28,1,1187.0,24-NOV-2023,1,INE053F07686,
1107,IRFC,NE,1220.0,1220.0,1220.0,1220.0,1220.0,1220.0,20,24400.0,24-NOV-2023,1,INE053F07744,
1108,IRFC,NH,1200.0,1200.0,1200.0,1200.0,1200.0,1015.95,50,60000.0,24-NOV-2023,2,INE053F07819,
1109,IRFC,NJ,1120.0,1125.0,1113.0,1122.51,1122.51,1132.56,869,973993.26,24-NOV-2023,18,INE053F07835,
1110,IRFC,NK,1192.0,1199.0,1192.0,1199.0,1199.0,1190.0,65,77585.0,24-NOV-2023,2,INE053F07843,
1111,IRFC,NO,1137.0,1137.0,1136.99,1136.99,1136.99,1137.0,493,560540.07,24-NOV-2023,4,INE053F07900,
1112,IRIS,EQ,142.95,142.95,136.35,140.3,140.1,136.15,111497,15808925.05,24-NOV-2023,1202,INE864K01010,
1113,IRISDOREME,EQ,80.0,81.25,77.5,79.35,80.0,79.7,118798,9393917.7,24-NOV-2023,1443,INE01GN01025,
1114,IRMENERGY,EQ,469.0,472.5,464.1,468.65,469.0,465.4,203530,95417213.25,24-NOV-2023,7356,INE07U701015,
1115,ISEC,EQ,675.0,678.05,663.9,668.7,669.55,675.05,77289,51849374.85,24-NOV-2023,4608,INE763G01038,
1116,ISFT,EQ,124.65,126.4,123.55,124.5,125.1,124.65,38091,4750424.7,24-NOV-2023,455,INE566K01011,
1117,ISGEC,EQ,902.0,937.65,900.65,907.1,909.35,896.55,261724,239748349.0,24-NOV-2023,16761,INE858B01029,
1118,ISHAN,ST,80.75,80.75,80.75,80.75,80.75,76.95,137600,11111200.0,24-NOV-2023,50,INE0LCW01017,
1119,ISMTLTD,EQ,98.6,100.05,95.55,96.05,96.0,98.6,741284,72184869.15,24-NOV-2023,5709,INE732F01019,
1120,ITBEES,EQ,34.35,34.6,33.86,33.91,33.92,34.19,2053249,69812892.43,24-NOV-2023,11257,INF204KB15V2,
1121,ITC,EQ,441.0,442.25,436.85,437.8,437.9,440.35,6821878,2994784740.4,24-NOV-2023,116779,INE154A01025,
1122,ITDC,EQ,413.9,416.55,406.25,407.7,408.0,412.05,35426,14584750.85,24-NOV-2023,2473,INE353K01014,
1123,ITDCEM,EQ,275.35,275.5,266.7,268.45,270.0,274.55,753545,204233293.65,24-NOV-2023,13025,INE686A01026,
1124,ITETF,EQ,32.5,33.0,32.32,32.62,32.7,32.53,14605,473861.18,24-NOV-2023,72,INF769K01KV5,
1125,ITI,EQ,280.0,292.3,278.25,282.55,281.3,278.1,5659998,1623966221.0,24-NOV-2023,50324,INE248A01017,
1126,IVC,EQ,9.6,9.7,9.4,9.55,9.45,9.5,600849,5743273.15,24-NOV-2023,1027,INE050B01023,
1127,IVP,EQ,211.9,214.85,206.7,209.45,211.2,209.3,28685,6052910.5,24-NOV-2023,853,INE043C01018,
1128,IVZINGOLD,EQ,5432.65,5451.7,5423.1,5432.5,5430.0,5430.3,499,2709757.4,24-NOV-2023,65,INF205K01361,
1129,IVZINNIFTY,EQ,2208.24,2208.24,2197.55,2197.55,2197.55,2195.3,6,13195.99,24-NOV-2023,2,INF205K01DA9,
1130,IWEL,EQ,3394.1,3548.5,3350.7,3489.15,3495.0,3374.1,14911,51253080.25,24-NOV-2023,2433,INE0FLR01028,
1131,IZMO,BE,253.95,253.95,253.95,253.95,253.95,249.0,14813,3761761.35,24-NOV-2023,72,INE848A01014,
1132,J&KBANK,EQ,110.1,112.7,109.25,110.35,110.35,109.5,3765323,418655263.55,24-NOV-2023,16585,INE168A01041,
1133,JAGRAN,EQ,98.45,99.7,96.55,97.1,96.9,98.55,379240,36949200.1,24-NOV-2023,3307,INE199G01027,
1134,JAGSNPHARM,EQ,390.0,392.2,383.55,388.35,385.95,386.1,41142,15917909.8,24-NOV-2023,1663,INE048B01027,
1135,JAIBALAJI,BE,602.0,611.9,585.05,601.25,593.0,605.4,54404,32871502.25,24-NOV-2023,3902,INE091G01018,
1136,JAICORPLTD,EQ,313.75,314.05,306.15,307.25,307.35,311.25,424035,131470178.5,24-NOV-2023,6925,INE070D01027,
1137,JAIPURKURT,EQ,78.2,81.0,76.35,78.6,79.45,78.1,182975,14234258.95,24-NOV-2023,906,INE696V01013,
1138,JALAN,SM,4.45,4.5,4.45,4.5,4.5,4.3,12000,53850.0,24-NOV-2023,4,INE349X01015,
1139,JAMNAAUTO,EQ,115.75,116.3,113.8,113.95,114.0,115.1,1482274,170006717.4,24-NOV-2023,14534,INE039C01032,
1140,JASH,EQ,1326.05,1326.05,1311.0,1313.85,1322.5,1316.2,1643,2165980.65,24-NOV-2023,306,INE039O01011,
1141,JAYAGROGN,EQ,264.85,267.7,258.0,262.65,264.7,264.85,50989,13410178.5,24-NOV-2023,3679,INE785A01026,
1142,JAYBARMARU,EQ,105.3,105.65,104.0,104.3,104.5,105.3,47707,5007175.45,24-NOV-2023,669,INE571B01036,
1143,JAYNECOIND,EQ,50.4,51.95,47.55,48.55,47.7,49.5,1587589,80811583.95,24-NOV-2023,3518,INE854B01010,
1144,JAYSREETEA,EQ,101.0,101.95,98.0,98.75,98.6,101.1,66328,6595808.7,24-NOV-2023,1472,INE364A01020,
1145,JBCHEPHARM,EQ,1450.0,1464.0,1417.0,1420.2,1419.0,1438.95,116226,166335655.6,24-NOV-2023,16278,INE572A01036,
1146,JBMA,BE,1262.0,1289.0,1250.0,1266.4,1267.0,1264.15,17336,21917673.8,24-NOV-2023,1737,INE927D01044,
1147,JCHAC,EQ,1170.05,1220.05,1170.05,1197.0,1200.0,1177.15,32815,39325787.0,24-NOV-2023,4966,INE782A01015,
1148,JETAIRWAYS,BZ,55.6,55.6,54.0,55.0,55.1,54.5,38375,2104421.75,24-NOV-2023,334,INE802G01018,
1149,JETFREIGHT,EQ,11.7,12.25,11.7,12.0,12.05,11.9,106313,1273737.7,24-NOV-2023,401,INE982V01025,
1150,JFLLIFE,SM,45.0,45.0,44.0,44.0,44.0,44.0,6000,266100.0,24-NOV-2023,3,INE0LA901015,
1151,JHS,EQ,26.95,26.95,25.65,25.75,25.9,26.6,211605,5540184.4,24-NOV-2023,1506,INE544H01014,
1152,JINDALPHOT,EQ,695.9,701.0,682.0,687.55,690.1,690.2,25587,17668552.95,24-NOV-2023,1406,INE796G01012,
1153,JINDALPOLY,EQ,625.0,628.0,618.2,624.6,625.0,623.35,12556,7835695.75,24-NOV-2023,1379,INE197D01010,
1154,JINDALSAW,EQ,458.0,461.2,443.8,445.45,444.0,457.25,881110,397253352.85,24-NOV-2023,19173,INE324A01024,
1155,JINDALSTEL,EQ,654.0,661.4,652.25,660.3,660.0,651.7,1526716,1004369453.25,24-NOV-2023,28000,INE749A01030,
1156,JINDRILL,EQ,769.05,774.65,747.9,759.45,760.2,770.25,98678,74918390.0,24-NOV-2023,7176,INE742C01031,
1157,JINDWORLD,EQ,330.25,336.1,325.3,333.75,330.0,331.65,45836,15224097.75,24-NOV-2023,2838,INE247D01039,
1158,JIOFIN,EQ,221.9,227.85,220.5,226.5,226.85,221.25,31420610,7064182654.05,24-NOV-2023,143074,INE758E01017,
1159,JISLDVREQS,EQ,37.4,37.8,36.5,37.4,37.5,36.8,119452,4439145.4,24-NOV-2023,995,IN9175A01010,
1160,JISLJALEQS,EQ,69.9,72.7,69.4,71.2,71.1,69.5,10085381,718783218.75,24-NOV-2023,29589,INE175A01038,
1161,JITFINFRA,EQ,581.15,594.95,568.35,582.0,583.0,580.75,42990,24890203.4,24-NOV-2023,876,INE863T01013,
1162,JIWANRAM,SM,17.0,17.0,16.0,16.55,16.55,17.0,192000,3125100.0,24-NOV-2023,30,INE0N5H01017,
1163,JKCEMENT,EQ,3535.35,3558.55,3500.05,3528.05,3502.0,3529.0,56182,198427866.15,24-NOV-2023,5272,INE823G01014,
1164,JKIL,EQ,426.95,428.8,412.65,416.35,415.3,426.1,294962,123812014.85,24-NOV-2023,17517,INE576I01022,
1165,JKLAKSHMI,EQ,793.85,795.0,780.0,789.65,783.0,787.45,83362,65714012.9,24-NOV-2023,5411,INE786A01032,
1166,JKPAPER,EQ,373.0,377.8,372.85,373.5,373.5,372.8,223654,83846793.35,24-NOV-2023,7256,INE789E01012,
1167,JKTYRE,EQ,336.85,343.0,335.2,339.9,341.0,334.15,1014315,343889807.8,24-NOV-2023,19069,INE573A01042,
1168,JLHL,EQ,1076.7,1076.7,1048.65,1055.1,1059.0,1064.7,44040,46710927.2,24-NOV-2023,6175,INE682M01012,
1169,JMA,EQ,77.35,80.5,77.35,79.7,79.85,78.55,59064,4699662.65,24-NOV-2023,747,INE412C01023,
1170,JMFINANCIL,EQ,84.0,85.0,83.15,83.35,83.35,83.15,2237680,187724545.15,24-NOV-2023,8270,INE780C01023,
1171,JOCIL,EQ,218.65,221.5,216.1,219.8,217.8,218.55,24258,5315070.1,24-NOV-2023,1064,INE839G01010,
1172,JPASSOCIAT,EQ,19.05,19.3,18.3,18.9,18.85,19.05,22397357,422410766.95,24-NOV-2023,13590,INE455F01025,
1173,JPOLYINVST,EQ,696.5,703.0,685.5,689.25,691.2,696.5,14393,9971568.0,24-NOV-2023,2878,INE147P01019,
1174,JPPOWER,EQ,13.75,14.1,13.25,13.9,13.9,13.7,110541909,1512877262.05,24-NOV-2023,48260,INE351F01018,
1175,JSL,EQ,523.0,547.65,514.4,542.55,538.4,523.7,2021962,1083027946.45,24-NOV-2023,49965,INE220G01021,
1176,JSLL,ST,673.65,685.0,665.0,675.25,678.0,673.65,3960,2681595.0,24-NOV-2023,19,INE0J5801011,
1177,JSWENERGY,EQ,416.0,429.0,415.9,420.95,419.9,413.45,6556226,2779267233.6,24-NOV-2023,71681,INE121E01018,
1178,JSWHL,EQ,5090.95,5173.55,5000.05,5036.2,5045.0,5090.95,5807,29557291.4,24-NOV-2023,1898,INE824G01012,
1179,JSWINFRA,EQ,205.8,207.9,202.55,206.0,205.35,205.9,3374870,692053489.75,24-NOV-2023,25704,INE880J01026,
1180,JSWSTEEL,EQ,779.0,786.25,776.4,782.05,779.85,775.55,2069730,1619297072.4,24-NOV-2023,77215,INE019A01038,
1181,JTEKTINDIA,EQ,138.95,141.15,137.85,139.1,138.65,138.2,196400,27355066.15,24-NOV-2023,2244,INE643A01035,
1182,JTLIND,EQ,209.0,217.65,208.7,215.65,216.0,207.55,612167,131727049.0,24-NOV-2023,13214,INE391J01024,
1183,JUBLFOOD,EQ,537.95,546.95,536.4,544.85,544.55,537.55,2629176,1428698808.05,24-NOV-2023,49100,INE797F01020,
1184,JUBLINDS,EQ,682.35,687.95,678.55,681.45,683.0,682.35,17073,11649205.35,24-NOV-2023,1859,INE645L01011,
1185,JUBLINGREA,EQ,433.75,439.7,427.0,431.15,429.1,431.3,302608,131684180.45,24-NOV-2023,13931,INE0BY001018,
1186,JUBLPHARMA,EQ,419.9,425.9,415.05,417.8,417.0,419.9,198340,83363394.2,24-NOV-2023,7068,INE700A01033,
1187,JUNIORBEES,EQ,502.15,502.15,481.6,495.88,496.6,496.52,54461,27031102.2,24-NOV-2023,3340,INF732E01045,
1188,JUSTDIAL,EQ,711.5,719.9,710.0,712.65,714.8,710.8,60282,43048922.3,24-NOV-2023,3980,INE599M01018,
1189,JWL,EQ,330.95,342.95,330.95,339.2,339.0,326.65,1304247,444216999.05,24-NOV-2023,16739,INE209L01016,
1190,JYOTHYLAB,EQ,434.9,446.4,434.2,439.65,439.0,433.2,650877,286665721.55,24-NOV-2023,27267,INE668F01031,
1191,JYOTISTRUC,BE,16.4,16.4,16.4,16.4,16.4,16.1,99100,1625240.0,24-NOV-2023,111,INE197A01024,
1192,KABRAEXTRU,EQ,424.4,428.15,421.0,423.85,424.7,422.0,25145,10649352.15,24-NOV-2023,1600,INE900B01029,
1193,KAJARIACER,EQ,1300.0,1318.9,1290.0,1313.1,1310.0,1294.7,222996,291584216.4,24-NOV-2023,17329,INE217B01036,
1194,KAKATCEM,EQ,222.45,223.65,220.8,222.05,222.05,222.15,4004,889109.55,24-NOV-2023,276,INE437B01014,
1195,KALAMANDIR,EQ,285.25,303.0,284.15,298.75,301.0,282.95,1409023,415605757.65,24-NOV-2023,22670,INE438K01021,
1196,KALYANIFRG,BE,416.95,417.0,416.95,417.0,417.0,425.45,722,301068.35,24-NOV-2023,22,INE314G01014,
1197,KALYANKJIL,EQ,329.25,334.85,328.05,329.2,329.2,328.9,1035428,342767991.95,24-NOV-2023,20966,INE303R01014,
1198,KAMATHOTEL,EQ,197.25,203.45,192.0,195.25,195.5,196.05,107151,21022867.45,24-NOV-2023,2482,INE967C01018,
1199,KAMDHENU,EQ,291.55,297.0,285.5,288.05,287.0,290.95,135078,39336202.65,24-NOV-2023,7310,INE390H01012,
1200,KAMOPAINTS,EQ,156.0,164.95,156.0,160.0,159.8,160.2,740169,119230035.75,24-NOV-2023,2051,INE0BTI01029,
1201,KANANIIND,EQ,7.55,7.65,7.45,7.55,7.5,7.55,500328,3777261.1,24-NOV-2023,921,INE879E01037,
1202,KANORICHEM,EQ,128.15,128.15,124.5,124.85,124.65,127.5,35313,4440946.4,24-NOV-2023,604,INE138C01024,
1203,KANPRPLA,EQ,121.5,122.15,119.0,119.8,119.8,120.4,9552,1148292.85,24-NOV-2023,418,INE694E01014,
1204,KANSAINER,EQ,320.0,322.55,318.5,320.35,320.3,320.4,94731,30347043.0,24-NOV-2023,3983,INE531A01024,
1205,KAPSTON,BE,239.0,239.0,231.8,235.7,232.3,232.3,3078,726808.9,24-NOV-2023,72,INE542Z01010,
1206,KARMAENG,EQ,67.0,67.6,64.45,67.6,67.6,64.4,32549,2196409.3,24-NOV-2023,96,INE725L01011,
1207,KARNIKA,SM,229.9,230.6,222.0,229.85,230.6,219.65,108800,25003040.0,24-NOV-2023,54,INE0MGA01012,
1208,KARURVYSYA,EQ,151.1,153.35,151.1,152.25,152.2,151.1,640066,97444623.0,24-NOV-2023,6737,INE036D01028,
1209,KAUSHALYA,BE,6.9,7.0,6.9,7.0,7.0,7.05,30000,207103.5,24-NOV-2023,65,INE234I01010,
1210,KAVVERITEL,EQ,13.9,14.0,13.5,14.0,14.0,13.35,151754,2105269.0,24-NOV-2023,437,INE641C01019,
1211,KAYA,EQ,346.4,346.4,341.0,343.8,343.0,341.4,7154,2465337.2,24-NOV-2023,370,INE587G01015,
1212,KAYNES,EQ,2449.65,2490.0,2441.85,2450.15,2450.0,2440.9,46704,115034364.85,24-NOV-2023,11046,INE918Z01012,
1213,KBCGLOBAL,EQ,2.15,2.2,2.05,2.1,2.1,2.15,17335839,36177733.0,24-NOV-2023,3904,INE278R01034,
1214,KCK,SM,25.0,25.85,24.55,25.25,25.85,24.55,24000,606600.0,24-NOV-2023,4,INE0J1E01019,
1215,KCP,EQ,145.9,148.45,144.05,144.5,144.65,145.35,464905,67821367.7,24-NOV-2023,6144,INE805C01028,
1216,KCPSUGIND,BE,37.9,37.9,37.9,37.9,37.9,37.2,113248,4292099.2,24-NOV-2023,244,INE790B01024,
1217,KDDL,EQ,2936.05,2985.0,2741.0,2813.8,2811.0,2931.85,29351,83569504.0,24-NOV-2023,6747,INE291D01011,
1218,KDL,SM,400.0,400.0,384.5,385.0,385.0,398.0,5600,2175200.0,24-NOV-2023,14,INE0O4R01018,
1219,KEC,EQ,587.3,587.3,575.55,577.6,579.3,585.25,295974,172092379.0,24-NOV-2023,14490,INE389H01022,
1220,KECL,EQ,122.8,124.5,122.0,122.55,122.95,122.8,213253,26210538.1,24-NOV-2023,3506,INE134B01017,
1221,KEEPLEARN,BE,5.6,5.6,5.1,5.1,5.1,5.35,171103,919790.35,24-NOV-2023,226,INE055C01020,
1222,KEI,EQ,2824.0,2883.15,2800.0,2808.0,2802.2,2802.75,174816,494073179.85,24-NOV-2023,17207,INE878B01027,
1223,KEL,SM,124.0,127.0,122.1,125.15,127.0,123.8,48000,5950680.0,24-NOV-2023,36,INE0OWX01025,
1224,KELLTONTEC,EQ,89.2,92.9,88.8,90.05,90.0,88.3,3004123,273522864.75,24-NOV-2023,16141,INE164B01022,
1225,KERNEX,BE,630.0,630.0,605.5,615.9,623.95,626.75,8816,5439640.35,24-NOV-2023,195,INE202H01019,
1226,KESORAMIND,EQ,128.0,129.4,118.65,120.55,120.4,123.8,7681563,953628157.25,24-NOV-2023,17604,INE087A01019,
1227,KEYFINSERV,BE,122.6,122.6,116.5,119.1,120.0,120.0,3136,374996.95,24-NOV-2023,50,INE681C01015,
1228,KFINTECH,EQ,517.0,535.45,512.85,525.2,529.8,513.0,603348,318505188.55,24-NOV-2023,21223,INE138Y01010,
1229,KHADIM,BE,392.9,395.0,380.0,382.8,382.0,388.1,23588,9157657.6,24-NOV-2023,426,INE834I01025,
1230,KHAICHEM,EQ,66.5,66.5,64.95,65.2,66.0,66.15,167392,10949920.5,24-NOV-2023,4650,INE745B01028,
1231,KHAITANLTD,EQ,56.3,57.45,55.05,56.1,56.3,56.0,3057,172345.1,24-NOV-2023,223,INE731C01018,
1232,KHANDSE,EQ,22.6,23.85,22.6,22.9,22.65,23.05,27177,625927.55,24-NOV-2023,390,INE060B01014,
1233,KHFM,SM,50.0,50.95,50.0,50.95,50.95,50.45,15500,779805.0,24-NOV-2023,5,INE00UG01014,
1234,KICL,EQ,3285.0,3420.0,3285.0,3395.35,3392.8,3283.05,12285,41470054.8,24-NOV-2023,3268,INE029L01018,
1235,KILITCH,BE,320.15,323.0,320.1,322.0,322.0,321.0,2617,842517.5,24-NOV-2023,31,INE729D01010,
1236,KIMS,EQ,1946.35,1948.45,1916.15,1926.45,1916.8,1930.7,126643,244447075.55,24-NOV-2023,5607,INE967H01017,
1237,KINGFA,EQ,2264.55,2272.0,2229.1,2247.35,2235.0,2253.25,6320,14218607.0,24-NOV-2023,1123,INE473D01015,
1238,KIOCL,EQ,309.9,311.0,307.05,308.45,308.55,308.7,82291,25433690.3,24-NOV-2023,1835,INE880L01014,
1239,KIRIINDUS,EQ,288.0,297.0,284.5,293.1,292.0,288.6,391905,113772727.9,24-NOV-2023,13350,INE415I01015,
1240,KIRLOSBROS,EQ,952.4,967.55,942.05,957.3,963.55,952.4,73231,69970311.6,24-NOV-2023,10391,INE732A01036,
1241,KIRLOSENG,EQ,541.8,554.7,535.5,539.55,545.0,541.75,188380,102963743.2,24-NOV-2023,15606,INE146L01010,
1242,KIRLOSIND,EQ,3370.0,3548.0,3324.05,3470.15,3440.0,3298.55,46010,159832861.35,24-NOV-2023,6339,INE250A01039,
1243,KIRLPNU,EQ,577.85,586.85,571.35,577.75,578.0,580.3,26646,15421972.25,24-NOV-2023,4158,INE811A01020,
1244,KITEX,EQ,212.0,213.8,211.0,212.05,211.9,211.75,104889,22280117.45,24-NOV-2023,3405,INE602G01020,
1245,KKCL,EQ,805.0,805.0,785.0,790.9,785.0,798.55,20702,16443577.2,24-NOV-2023,2052,INE401H01017,
1246,KMSUGAR,EQ,33.7,33.85,33.0,33.3,33.25,33.35,538495,17936680.85,24-NOV-2023,2369,INE157H01023,
1247,KNAGRI,SM,147.9,153.0,140.5,149.0,148.5,146.7,105600,15535040.0,24-NOV-2023,113,INE0KNW01016,
1248,KNRCON,EQ,291.5,292.6,286.5,288.25,288.5,291.2,623010,179695179.1,24-NOV-2023,12750,INE634I01029,
1249,KODYTECH,SM,330.4,342.0,330.4,336.4,336.05,343.0,6400,2148840.0,24-NOV-2023,8,INE0Q7P01013,
1250,KOHINOOR,EQ,40.75,42.7,39.5,41.9,41.55,40.25,729085,30364221.9,24-NOV-2023,3899,INE080B01012,
1251,KOKUYOCMLN,EQ,156.0,160.85,154.5,160.85,160.85,153.2,208873,33358275.7,24-NOV-2023,1549,INE760A01029,
1252,KOLTEPATIL,EQ,523.95,528.0,510.05,517.95,519.95,522.45,163418,84843075.15,24-NOV-2023,10260,INE094I01018,
1253,KONTOR,SM,78.6,78.85,78.6,78.85,78.85,79.0,7200,566280.0,24-NOV-2023,6,INE0KZ301010,
1254,KOPRAN,EQ,265.45,269.9,255.35,258.4,260.4,264.35,564646,148580601.2,24-NOV-2023,11361,INE082A01010,
1255,KORE,SM,415.45,430.0,413.0,420.0,420.0,414.8,29500,12445850.0,24-NOV-2023,56,INE0J6801010,
1256,KOTAKALPHA,EQ,36.91,37.19,36.91,37.03,37.1,36.86,135647,5029731.32,24-NOV-2023,482,INF174KA1IA5,
1257,KOTAKBANK,EQ,1739.5,1749.5,1733.7,1744.0,1746.9,1739.3,2561979,4460943032.2,24-NOV-2023,99695,INE237A01028,
1258,KOTAKBKETF,EQ,444.77,446.78,444.51,446.4,444.62,444.76,19298,8588189.79,24-NOV-2023,295,INF174K01F59,
1259,KOTAKCONS,EQ,88.82,88.82,88.66,88.66,88.66,88.56,258,22893.49,24-NOV-2023,6,INF174KA1JE5,
1260,KOTAKGOLD,EQ,52.31,52.4,52.25,52.39,52.4,52.31,105001,5491766.29,24-NOV-2023,772,INF174KA1HJ8,
1261,KOTAKIT,EQ,34.0,34.01,33.72,33.74,33.73,34.02,56418,1908757.58,24-NOV-2023,318,INF174KA1GC5,
1262,KOTAKLIQ,EQ,1000.0,1000.0,1000.0,1000.0,1000.0,1000.0,3,3000.0,24-NOV-2023,1,INF174KA1LV5,
1263,KOTAKLOVOL,EQ,16.0,16.02,15.88,15.89,15.97,15.96,6149,97996.52,24-NOV-2023,99,INF174KA1IY5,
1264,KOTAKMID50,EQ,121.98,121.98,120.5,120.75,120.8,121.2,9299,1126539.9,24-NOV-2023,156,INF174KA1IB3,
1265,KOTAKMNC,EQ,22.59,22.69,22.56,22.61,22.61,22.57,2427,54848.04,24-NOV-2023,37,INF174KA1JF2,
1266,KOTAKNIFTY,EQ,212.74,213.53,212.31,212.87,212.99,212.81,52681,11199492.41,24-NOV-2023,285,INF174K014P6,
1267,KOTAKNV20,EQ,119.82,120.2,118.99,119.25,119.29,119.82,9604,1147535.33,24-NOV-2023,241,INF174K01Z71,
1268,KOTAKPSUBK,EQ,499.59,500.95,496.0,496.96,497.0,498.43,17113,8510617.33,24-NOV-2023,804,INF373I01023,
1269,KOTAKSILVE,EQ,72.8,72.8,72.1,72.3,72.3,72.74,3901,282177.6,24-NOV-2023,58,INF174KA1KU9,
1270,KOTARISUG,BE,57.4,58.5,57.05,57.3,57.5,56.8,155850,8960773.3,24-NOV-2023,924,INE419A01022,
1271,KOTHARIPET,EQ,163.1,165.65,157.15,157.85,158.5,161.95,289312,46716015.05,24-NOV-2023,7645,INE720A01015,
1272,KOTHARIPRO,EQ,132.15,132.15,126.95,127.8,128.0,129.65,15814,2033164.85,24-NOV-2023,461,INE823A01017,
1273,KOTYARK,SM,782.5,785.0,772.05,774.55,773.0,782.8,7000,5437960.0,24-NOV-2023,33,INE0J0B01017,
1274,KPIGREEN,EQ,1207.95,1263.25,1207.95,1214.9,1221.0,1203.1,318754,394817577.5,24-NOV-2023,12582,INE542W01017,
1275,KPIL,EQ,645.0,645.5,633.45,636.45,635.0,643.25,158814,101916746.75,24-NOV-2023,7498,INE220B01022,
1276,KPITTECH,EQ,1454.0,1482.85,1436.1,1468.75,1471.8,1446.45,1609569,2345406865.15,24-NOV-2023,76865,INE04I401011,
1277,KPRMILL,EQ,893.0,897.9,850.25,854.2,853.4,887.95,430384,374425683.95,24-NOV-2023,24109,INE930H01031,
1278,KRBL,EQ,349.9,354.9,347.5,349.9,348.9,349.7,240182,84314514.15,24-NOV-2023,8122,INE001B01026,
1279,KREBSBIO,EQ,82.95,83.35,78.4,80.0,81.0,81.45,17325,1410712.25,24-NOV-2023,552,INE268B01013,
1280,KRIDHANINF,BE,2.5,2.55,2.5,2.55,2.55,2.5,19834,50494.9,24-NOV-2023,22,INE524L01026,
1281,KRISHANA,EQ,252.0,252.0,244.1,246.05,248.0,249.5,30225,7464642.2,24-NOV-2023,1101,INE506W01012,
1282,KRISHCA,SM,230.5,230.5,225.0,228.5,228.5,229.4,34500,7855950.0,24-NOV-2023,54,INE0NR701018,
1283,KRISHIVAL,SM,275.0,275.0,270.75,270.75,270.75,285.0,2500,681125.0,24-NOV-2023,5,INE0GGO01015,
1284,KRISHNADEF,SM,299.0,299.75,293.0,295.05,295.05,292.2,15000,4464125.0,24-NOV-2023,25,INE0J5601015,
1285,KRITI,EQ,104.85,111.4,104.0,107.55,109.9,104.35,231438,25060729.85,24-NOV-2023,3647,INE479D01038,
1286,KRITIKA,BE,27.15,27.15,27.15,27.15,27.15,27.7,35811,972268.65,24-NOV-2023,303,INE00Z501029,
1287,KRITINUT,BE,72.0,72.4,72.0,72.4,72.4,71.0,21217,1534110.8,24-NOV-2023,50,INE798K01010,
1288,KRSNAA,EQ,624.85,634.0,624.85,630.3,630.05,624.8,31613,19939317.25,24-NOV-2023,4190,INE08LI01020,
1289,KSB,EQ,3316.65,3343.75,3281.55,3296.5,3285.0,3303.3,16836,55867322.85,24-NOV-2023,6076,INE999A01015,
1290,KSCL,EQ,595.0,595.0,588.0,590.95,592.75,591.0,74105,43753478.95,24-NOV-2023,4996,INE455I01029,
1291,KSHITIJPOL,BE,6.3,6.3,6.3,6.3,6.3,6.4,67722,426648.6,24-NOV-2023,320,INE013801027,
1292,KSL,EQ,486.5,486.5,476.5,479.45,476.5,482.3,39853,19213284.85,24-NOV-2023,3101,INE907A01026,
1293,KSOLVES,BE,1060.0,1077.95,1060.0,1070.6,1070.0,1076.55,7541,8065401.4,24-NOV-2023,635,INE0D6I01015,
1294,KTKBANK,EQ,216.6,218.95,212.6,213.2,213.7,215.8,1137493,244514556.35,24-NOV-2023,16345,INE614B01018,
1295,KUANTUM,EQ,169.5,174.85,162.15,163.9,163.8,168.65,757300,126579832.1,24-NOV-2023,10728,INE529I01021,
1296,L&TFH,EQ,142.85,143.7,139.3,139.9,139.45,141.85,5413590,766263609.2,24-NOV-2023,27875,INE498L01015,
1297,L&TFINANCE,NC,1064.95,1064.95,1060.4,1064.0,1064.0,1064.95,225,239344.35,24-NOV-2023,12,INE027E07931,
1298,L&TFINANCE,NI,1150.0,1150.0,1150.0,1150.0,1150.0,1150.5,7,8050.0,24-NOV-2023,2,INE027E07998,
1299,L&TFINANCE,NO,1054.25,1054.25,1054.25,1054.25,1054.25,1057.0,50,52712.5,24-NOV-2023,1,INE027E07AF3,
1300,L&TFINANCE,NU,1067.1,1079.0,1067.1,1079.0,1079.0,1079.85,95,101612.5,24-NOV-2023,10,INE027E07AL1,
1301,L&TFINANCE,Y5,1079.0,1079.0,1078.0,1078.99,1078.99,1072.15,180,194119.5,24-NOV-2023,7,INE027E07AY4,
1302,L&TFINANCE,Y7,1002.5,1004.9,1002.5,1004.9,1004.9,1002.93,136,136558.1,24-NOV-2023,8,INE027E07BA2,
1303,L&TFINANCE,Y9,1082.0,1088.6,1082.0,1087.99,1087.99,1084.0,122,132749.99,24-NOV-2023,13,INE027E07BC8,
1304,LAGNAM,EQ,80.0,82.95,79.5,80.75,81.8,81.2,69361,5598517.8,24-NOV-2023,2463,INE548Z01017,
1305,LAKPRE,BZ,4.7,4.7,4.7,4.7,4.7,4.75,100,470.0,24-NOV-2023,1,INE651C01018,
1306,LAL,BE,263.0,263.1,253.8,255.9,263.0,266.6,6064,1586523.6,24-NOV-2023,18,INE740X01015,
1307,LALPATHLAB,EQ,2610.0,2726.95,2610.0,2687.5,2687.0,2609.8,508528,1373968706.5,24-NOV-2023,45319,INE600L01024,
1308,LAMBODHARA,EQ,161.3,162.55,158.0,159.3,160.0,161.3,24529,3911216.1,24-NOV-2023,1109,INE112F01022,
1309,LANDMARK,EQ,750.0,761.25,721.15,727.0,733.0,753.5,144685,107207743.85,24-NOV-2023,10480,INE559R01029,
1310,LAOPALA,EQ,381.95,386.95,380.0,380.95,381.0,381.5,82163,31405208.05,24-NOV-2023,5930,INE059D01020,
1311,LASA,EQ,25.75,26.9,25.75,26.25,26.1,26.75,64771,1714552.25,24-NOV-2023,371,INE670X01014,
1312,LATENTVIEW,EQ,460.0,471.95,453.65,467.95,469.15,458.15,1512721,702978909.65,24-NOV-2023,31078,INE0I7C01011,
1313,LATTEYS,EQ,33.7,35.2,33.7,34.35,34.05,34.4,69796,2412922.6,24-NOV-2023,841,INE262Z01023,
1314,LAURUSLABS,EQ,370.85,378.9,370.75,372.75,372.7,369.35,1379967,517973423.0,24-NOV-2023,15737,INE947Q01028,
1315,LAXMICOT,EQ,23.95,23.95,23.0,23.4,23.15,23.55,234602,5483411.05,24-NOV-2023,2558,INE801V01019,
1316,LAXMIMACH,EQ,13015.7,13263.0,12976.25,13163.75,13168.0,12965.7,8895,116654463.4,24-NOV-2023,1780,INE269B01029,
1317,LCCINFOTEC,EQ,1.9,1.95,1.85,1.9,1.95,1.9,105830,202285.8,24-NOV-2023,154,INE938A01021,
1318,LEMERITE,SM,46.1,46.5,46.0,46.5,46.5,45.55,4800,221760.0,24-NOV-2023,3,INE0G1L01017,
1319,LEMONTREE,EQ,116.15,116.25,114.5,114.65,114.55,115.6,1868672,214593145.2,24-NOV-2023,16572,INE970X01018,
1320,LEXUS,EQ,40.65,40.9,39.75,39.95,40.0,40.6,43952,1780245.8,24-NOV-2023,976,INE500X01013,
1321,LFIC,EQ,146.2,147.7,146.0,146.45,146.0,146.2,670,98169.65,24-NOV-2023,41,INE850E01012,
1322,LGBBROSLTD,EQ,1150.85,1170.75,1132.35,1151.35,1146.0,1150.85,95397,110068073.65,24-NOV-2023,11212,INE337A01034,
1323,LGBFORGE,EQ,10.0,10.2,9.9,10.0,10.0,10.0,138133,1382320.35,24-NOV-2023,446,INE201J01017,
1324,LGHL,BE,152.1,159.7,150.0,155.15,155.0,152.1,428,67199.55,24-NOV-2023,38,INE258Y01016,
1325,LIBAS,EQ,16.25,16.85,16.1,16.45,16.6,16.1,1722038,28191076.35,24-NOV-2023,4106,INE908V01012,
1326,LIBERTSHOE,EQ,284.25,285.1,280.0,281.1,280.15,283.1,67607,19080097.9,24-NOV-2023,3991,INE557B01019,
1327,LICHSGFIN,EQ,455.2,460.9,453.0,454.65,454.5,454.95,1226042,560275929.9,24-NOV-2023,21153,INE115A01026,
1328,LICI,EQ,620.95,682.0,620.55,677.65,677.7,617.7,18997036,12654015449.8,24-NOV-2023,271088,INE0J1Y01017,
1329,LICMFGOLD,EQ,5626.6,5630.0,5593.05,5622.0,5600.0,5634.1,52,292239.75,24-NOV-2023,26,INF397L01554,
1330,LICNETFGSC,EQ,24.29,24.29,23.69,24.12,24.13,24.11,7109,171478.04,24-NOV-2023,62,INF767K01MV5,
1331,LICNETFN50,EQ,215.17,215.38,214.18,215.31,215.38,214.16,10257,2205128.48,24-NOV-2023,19,INF767K01OS7,
1332,LICNETFSEN,EQ,717.99,726.16,714.99,725.0,725.0,719.83,345,248827.08,24-NOV-2023,51,INF767K01OT5,
1333,LICNFNHGP,EQ,212.71,212.75,211.54,212.75,212.75,212.71,45,9555.98,24-NOV-2023,17,INF767K01PC8,
1334,LIKHITHA,EQ,294.25,296.7,289.2,290.1,290.7,294.15,112163,32709294.95,24-NOV-2023,4768,INE060901027,
1335,LINC,EQ,704.7,710.0,695.55,705.95,705.05,704.7,27436,19339041.6,24-NOV-2023,3162,INE802B01019,
1336,LINCOLN,EQ,642.2,654.2,629.6,632.35,632.0,642.2,77040,49468044.05,24-NOV-2023,7727,INE405C01035,
1337,LINDEINDIA,EQ,5960.0,5994.0,5913.05,5931.9,5925.0,5934.6,25879,153729891.05,24-NOV-2023,6751,INE473A01011,
1338,LIQUID,EQ,1000.0,1000.0,999.99,999.99,1000.0,999.99,56269,56268977.13,24-NOV-2023,282,INF769K01KS1,
1339,LIQUIDBEES,EQ,1000.01,1000.01,999.99,1000.0,1000.01,1000.0,1402047,1402052982.73,24-NOV-2023,6261,INF732E01037,
1340,LIQUIDETF,EQ,999.99,1000.01,999.99,1000.0,1000.0,999.99,493035,493035532.19,24-NOV-2023,273,INF740KA1EU7,
1341,LIQUIDSBI,EQ,999.99,1000.01,999.99,1000.01,1000.01,999.99,100349,100348001.27,24-NOV-2023,18,INF200KA13Z8,
1342,LLOYDS,SM,120.5,120.5,113.0,120.1,119.5,114.8,318000,38225400.0,24-NOV-2023,192,INE0DTQ01028,
1343,LLOYDSENGG,EQ,48.65,49.2,47.05,47.4,47.45,48.25,1717698,82303376.9,24-NOV-2023,9570,INE093R01011,
1344,LLOYDSME,EQ,553.7,554.1,536.05,539.05,539.9,549.4,97645,53159974.55,24-NOV-2023,7313,INE281B01032,
1345,LODHA,EQ,883.8,895.0,872.7,891.4,887.6,877.7,1773089,1568725212.8,24-NOV-2023,42646,INE670K01029,
1346,LOKESHMACH,EQ,306.6,315.0,304.0,308.9,309.2,306.95,170533,52865427.55,24-NOV-2023,13732,INE397H01017,
1347,LORDSCHLO,EQ,146.5,147.5,144.6,146.15,146.5,144.4,6180,906326.3,24-NOV-2023,185,INE846D01012,
1348,LOTUSEYE,EQ,95.9,97.3,93.8,94.4,94.05,94.55,18408,1758999.0,24-NOV-2023,862,INE947I01017,
1349,LOVABLE,EQ,140.0,167.8,140.0,158.85,157.15,139.85,1789785,284012598.6,24-NOV-2023,21298,INE597L01014,
1350,LOWVOL,EQ,157.47,157.47,156.46,157.08,157.08,157.47,106,16651.84,24-NOV-2023,11,INF769K01JU9,
1351,LOYALTEX,EQ,620.0,649.85,618.9,636.0,632.1,614.95,2434,1545532.8,24-NOV-2023,367,INE970D01010,
1352,LPDC,BE,8.05,8.05,7.6,7.65,7.8,7.9,62065,481896.05,24-NOV-2023,160,INE197J01017,
1353,LRRPL,SM,41.4,41.4,41.4,41.4,41.4,40.1,6000,248400.0,24-NOV-2023,2,INE0H4B01011,
1354,LT,EQ,3050.0,3067.0,3039.6,3054.25,3051.8,3045.65,915121,2795374360.6,24-NOV-2023,92885,INE018A01030,
1355,LTFOODS,EQ,211.9,216.4,211.3,212.05,211.8,210.8,948612,202528750.05,24-NOV-2023,12589,INE818H01020,
1356,LTGILTBEES,EQ,24.55,24.56,24.49,24.54,24.56,24.54,851384,20892738.81,24-NOV-2023,298,INF204KB1882,
1357,LTIM,EQ,5490.0,5511.35,5437.75,5472.6,5466.05,5471.35,152012,831517617.8,24-NOV-2023,26502,INE214T01019,
1358,LTTS,EQ,4554.8,4603.0,4519.7,4568.55,4556.5,4529.3,134147,612913650.4,24-NOV-2023,17299,INE010V01017,
1359,LUMAXIND,EQ,2639.75,2749.8,2638.8,2731.45,2700.0,2639.75,15352,41423664.7,24-NOV-2023,2948,INE162B01018,
1360,LUMAXTECH,EQ,395.0,399.25,389.5,393.1,389.5,392.35,187273,73855507.35,24-NOV-2023,10828,INE872H01027,
1361,LUPIN,EQ,1220.0,1245.0,1211.6,1243.2,1242.85,1198.15,2748793,3392603141.8,24-NOV-2023,80145,INE326A01037,
1362,LUXIND,EQ,1380.0,1398.0,1357.95,1364.9,1361.0,1376.65,54620,75012408.35,24-NOV-2023,6932,INE150G01020,
1363,LXCHEM,EQ,269.9,270.5,265.25,265.85,266.0,268.85,436288,116400821.2,24-NOV-2023,9258,INE576O01020,
1364,LYKALABS,EQ,139.45,143.5,138.35,140.7,139.75,138.3,548507,77374833.55,24-NOV-2023,6704,INE933A01014,
1365,LYPSAGEMS,EQ,5.5,5.75,5.5,5.65,5.7,5.5,94769,534631.1,24-NOV-2023,170,INE142K01011,
1366,M&M,EQ,1549.0,1559.5,1547.5,1553.2,1551.95,1545.85,1239270,1924787709.0,24-NOV-2023,64427,INE101A01026,
1367,M&MFIN,EQ,272.15,273.9,263.5,263.9,263.9,272.15,3227707,858944232.05,24-NOV-2023,21033,INE774D01024,
1368,M&MFIN,N3,1921.0,1921.0,1921.0,1921.0,1921.0,1910.0,10,19210.0,24-NOV-2023,1,INE774D08MG3,
1369,MAANALU,EQ,137.25,137.7,133.85,134.65,134.9,137.25,79484,10750667.7,24-NOV-2023,1312,INE215I01027,
1370,MACPOWER,BE,580.0,590.0,574.0,589.75,589.75,585.45,17771,10307747.25,24-NOV-2023,149,INE155Z01011,
1371,MADHAV,EQ,53.6,53.6,50.5,50.85,51.1,52.75,21273,1096922.0,24-NOV-2023,437,INE925C01016,
1372,MADHAVBAUG,SM,256.7,256.7,245.0,249.0,249.0,256.7,6800,1698720.0,24-NOV-2023,17,INE0JR301013,
1373,MADHUCON,EQ,9.55,9.55,8.65,8.65,8.65,9.1,745988,6699631.7,24-NOV-2023,1151,INE378D01032,
1374,MADHUSUDAN,SM,137.0,148.95,134.0,140.95,140.75,134.6,210000,29804100.0,24-NOV-2023,105,INE0P6701019,
1375,MADRASFERT,EQ,77.4,78.55,77.1,77.5,77.4,77.2,289667,22527622.9,24-NOV-2023,3097,INE414A01015,
1376,MAFANG,EQ,69.15,69.3,69.01,69.19,69.3,69.15,450990,31205012.9,24-NOV-2023,3102,INF769K01HF4,
1377,MAGADSUGAR,EQ,829.7,830.9,802.0,810.35,810.0,827.8,84188,68494135.4,24-NOV-2023,7278,INE347W01011,
1378,MAGNUM,EQ,49.8,51.3,47.7,48.25,48.2,50.15,60815,3008835.7,24-NOV-2023,592,INE387I01016,
1379,MAGSON,SM,128.3,130.0,126.7,126.7,126.7,134.95,12000,1535700.0,24-NOV-2023,6,INE0O1S01012,
1380,MAHABANK,EQ,43.55,43.85,43.1,43.2,43.3,43.55,7310096,317661803.45,24-NOV-2023,16657,INE457A01014,
1381,MAHAPEXLTD,EQ,148.5,148.5,140.35,141.1,140.45,145.7,3113,443529.6,24-NOV-2023,228,INE843B01013,
1382,MAHASTEEL,EQ,76.25,78.0,76.0,76.75,76.5,77.4,42469,3281601.4,24-NOV-2023,2054,INE451L01014,
1383,MAHEPC,EQ,120.4,120.95,116.6,117.45,117.4,120.1,34183,4033535.35,24-NOV-2023,638,INE215D01010,
1384,MAHESHWARI,EQ,84.6,86.4,83.3,83.7,83.95,84.35,55400,4689893.85,24-NOV-2023,639,INE263W01010,
1385,MAHKTECH,EQ,14.26,14.29,13.97,14.07,14.14,14.27,826360,11641562.31,24-NOV-2023,1136,INF769K01HS7,
1386,MAHLIFE,EQ,529.3,530.35,519.0,524.0,523.5,525.65,86983,45661234.05,24-NOV-2023,6711,INE813A01018,
1387,MAHLOG,EQ,361.2,365.3,359.05,362.2,361.25,361.2,127262,46078887.1,24-NOV-2023,8218,INE766P01016,
1388,MAHSCOOTER,EQ,7950.0,8035.25,7942.05,7981.65,8030.0,7971.0,1905,15206676.15,24-NOV-2023,910,INE288A01013,
1389,MAHSEAMLES,EQ,920.05,937.1,914.0,921.8,918.4,921.5,109950,101850447.75,24-NOV-2023,10452,INE271B01025,
1390,MAITHANALL,EQ,1081.25,1117.4,1081.25,1104.45,1106.35,1089.3,40836,45112736.45,24-NOV-2023,4819,INE683C01011,
1391,MAITREYA,SM,131.5,133.75,128.55,130.0,130.0,130.0,44800,5850880.0,24-NOV-2023,28,INE0PLQ01011,
1392,MAKEINDIA,EQ,102.1,102.39,101.92,102.06,101.95,101.86,8506,867995.23,24-NOV-2023,158,INF769K01IB1,
1393,MAKS,ST,108.0,117.2,106.1,116.0,116.0,111.65,24000,2659425.0,24-NOV-2023,14,INE0CDK01019,
1394,MAL,SM,52.3,53.35,52.3,53.35,53.35,53.1,19200,1016000.0,24-NOV-2023,11,INE00C401011,
1395,MALLCOM,EQ,1019.65,1035.0,1005.1,1027.65,1025.1,1009.55,11462,11737723.2,24-NOV-2023,1607,INE389C01015,
1396,MALUPAPER,EQ,41.4,41.4,39.6,39.85,39.6,40.7,22710,911066.1,24-NOV-2023,277,INE383H01017,
1397,MANAKALUCO,EQ,24.7,25.2,24.05,24.25,24.15,24.9,94183,2304748.1,24-NOV-2023,733,INE859Q01017,
1398,MANAKCOAT,BE,28.95,29.1,28.0,28.9,29.1,28.65,86582,2486394.2,24-NOV-2023,221,INE830Q01018,
1399,MANAKSIA,EQ,132.7,133.65,130.85,131.75,131.85,132.7,109539,14479985.35,24-NOV-2023,1610,INE015D01022,
1400,MANAKSTEEL,EQ,47.5,47.5,46.1,46.45,46.35,46.8,91753,4272687.0,24-NOV-2023,459,INE824Q01011,
1401,MANALIPETC,EQ,65.4,66.15,65.0,65.75,65.5,65.4,389841,25605482.2,24-NOV-2023,2944,INE201A01024,
1402,MANAPPURAM,EQ,153.15,154.0,147.15,148.15,148.95,152.4,10490781,1569801528.55,24-NOV-2023,37811,INE522D01027,
1403,MANGALAM,EQ,98.0,98.0,96.5,96.75,97.0,96.9,28571,2772273.75,24-NOV-2023,590,INE584F01014,
1404,MANGCHEFER,EQ,113.35,113.75,111.05,112.65,113.6,112.7,205148,23070497.25,24-NOV-2023,3131,INE558B01017,
1405,MANGLMCEM,EQ,442.95,458.0,442.05,447.45,447.0,441.35,263255,119077049.85,24-NOV-2023,22889,INE347A01017,
1406,MANINDS,EQ,260.05,262.45,255.05,255.75,255.15,258.75,256705,66269840.2,24-NOV-2023,9268,INE993A01026,
1407,MANINFRA,EQ,180.0,188.45,178.35,186.75,186.65,177.95,14167743,2604825925.65,24-NOV-2023,69939,INE949H01023,
1408,MANKIND,EQ,1934.0,1943.7,1901.0,1912.95,1909.0,1934.0,97869,188244138.45,24-NOV-2023,9981,INE634S01028,
1409,MANOMAY,EQ,128.85,128.85,120.3,121.7,120.3,122.75,34441,4232415.35,24-NOV-2023,230,INE784W01015,
1410,MANORAMA,EQ,2061.0,2090.3,2035.55,2079.05,2080.0,2066.75,6672,13837798.45,24-NOV-2023,960,INE00VM01010,
1411,MANORG,EQ,373.8,373.8,363.95,368.6,368.5,369.15,5531,2041638.6,24-NOV-2023,455,INE370D01013,
1412,MANUGRAPH,BE,22.65,22.65,21.5,21.6,21.7,22.2,7410,161294.65,24-NOV-2023,59,INE867A01022,
1413,MANYAVAR,EQ,1308.9,1359.0,1301.2,1344.35,1334.0,1304.75,285045,378849687.75,24-NOV-2023,25853,INE825V01034,
1414,MAPMYINDIA,EQ,2204.95,2231.1,2193.45,2201.15,2206.05,2195.05,94926,209642017.7,24-NOV-2023,9055,INE0BV301023,
1415,MARALOVER,EQ,73.85,81.95,71.5,80.9,81.5,72.1,631220,50113467.45,24-NOV-2023,4201,INE882A01013,
1416,MARATHON,EQ,462.95,465.0,457.25,461.25,459.7,460.35,29014,13383963.0,24-NOV-2023,3542,INE182D01020,
1417,MARCO,SM,60.9,60.95,59.9,60.95,60.95,59.2,30000,1811100.0,24-NOV-2023,10,INE0QP001012,
1418,MARICO,EQ,530.8,534.5,521.8,523.65,523.35,530.9,1124449,594982059.5,24-NOV-2023,35965,INE196A01026,
1419,MARINE,BE,96.2,97.2,90.6,94.65,95.0,95.35,343672,32427046.6,24-NOV-2023,1874,INE01JE01028,
1420,MARKSANS,EQ,145.0,145.65,141.0,141.85,142.0,144.7,2014210,287832091.8,24-NOV-2023,17522,INE750C01026,
1421,MARSHALL,EQ,46.95,49.4,46.55,48.85,49.4,47.05,455453,21992147.0,24-NOV-2023,1804,INE00SZ01018,
1422,MARUTI,EQ,10505.95,10566.5,10462.0,10515.65,10481.0,10488.5,380306,3998887577.9,24-NOV-2023,50988,INE585B01010,
1423,MASFIN,EQ,849.8,859.0,838.6,851.25,851.0,842.45,68332,58226042.0,24-NOV-2023,10130,INE348L01012,
1424,MASPTOP50,EQ,34.03,34.5,34.03,34.47,34.39,34.05,485844,16710521.42,24-NOV-2023,936,INF769K01HP3,
1425,MASTEK,EQ,2455.0,2455.0,2352.0,2373.95,2370.0,2434.75,33555,80480051.4,24-NOV-2023,5483,INE759A01021,
1426,MASTER,SM,140.3,140.3,140.3,140.3,140.3,140.3,3000,420900.0,24-NOV-2023,3,INE0OJM01017,
1427,MATRIMONY,EQ,547.8,552.0,540.35,543.6,543.5,540.75,29275,16000372.05,24-NOV-2023,1941,INE866R01028,
1428,MAWANASUG,EQ,103.8,103.8,101.0,101.45,101.2,102.8,146915,14954664.15,24-NOV-2023,1637,INE636A01039,
1429,MAXESTATES,EQ,309.15,312.7,305.05,307.85,307.55,304.55,72477,22363803.45,24-NOV-2023,7073,INE03EI01018,
1430,MAXHEALTH,EQ,614.0,622.65,610.5,612.75,612.95,616.15,406450,250109099.15,24-NOV-2023,22944,INE027H01010,
1431,MAXIND,EQ,145.05,148.15,142.75,143.95,143.6,143.95,78969,11430658.8,24-NOV-2023,1641,INE0CG601016,
1432,MAYURUNIQ,EQ,548.5,559.65,535.55,537.05,537.5,545.05,78464,42754216.1,24-NOV-2023,7659,INE040D01038,
1433,MAZDA,EQ,1351.8,1367.9,1319.25,1332.9,1326.0,1346.25,11428,15307184.6,24-NOV-2023,1725,INE885E01034,
1434,MAZDOCK,EQ,1996.0,2061.15,1985.05,2039.85,2044.0,1990.75,2109098,4283623560.35,24-NOV-2023,88695,INE249Z01012,
1435,MBAPL,EQ,258.5,266.2,258.05,263.05,264.5,258.5,15814,4152270.95,24-NOV-2023,1106,INE900L01010,
1436,MBLINFRA,BE,42.1,44.8,41.7,43.0,43.1,43.9,103495,4428261.05,24-NOV-2023,388,INE912H01013,
1437,MCDOWELL-N,EQ,1063.0,1064.7,1040.0,1042.5,1041.0,1060.05,457015,480842521.45,24-NOV-2023,28234,INE854D01024,
1438,MCL,EQ,30.0,31.6,30.0,31.15,31.6,30.25,170862,5253761.15,24-NOV-2023,1002,INE813V01022,
1439,MCLEODRUSS,EQ,23.1,23.35,22.4,22.6,22.6,22.75,1073182,24611281.6,24-NOV-2023,1820,INE942G01012,
1440,MCON,SM,145.1,145.1,145.0,145.0,145.0,144.0,2000,290100.0,24-NOV-2023,2,INE0O4M01019,
1441,MCX,EQ,2928.0,2979.95,2913.3,2927.35,2920.1,2926.3,1071660,3159551347.6,24-NOV-2023,46876,INE745G01035,
1442,MDL,SM,60.0,61.0,60.0,60.5,61.0,61.0,4000,242000.0,24-NOV-2023,2,INE575Z01010,
1443,MEDANTA,EQ,898.25,908.3,893.05,903.15,900.0,898.25,102198,92186062.15,24-NOV-2023,8178,INE474Q01031,
1444,MEDICAMEQ,EQ,645.85,645.85,635.0,637.45,639.5,639.5,2785,1778892.45,24-NOV-2023,520,INE646B01010,
1445,MEDICO,EQ,79.1,79.1,77.5,78.3,77.6,79.05,125393,9840476.4,24-NOV-2023,369,INE630Y01024,
1446,MEDPLUS,EQ,812.5,812.6,803.1,807.25,809.4,812.5,46503,37610816.05,24-NOV-2023,3045,INE804L01022,
1447,MEGAFLEX,SM,34.0,34.0,34.0,34.0,34.0,34.6,27000,918000.0,24-NOV-2023,8,INE0G1D01014,
1448,MEGASOFT,BE,50.15,50.45,50.0,50.45,50.45,50.15,43476,2179814.55,24-NOV-2023,79,INE933B01012,
1449,MEGASTAR,EQ,338.85,362.05,338.85,355.6,359.0,336.6,199257,70511224.4,24-NOV-2023,11792,INE00EM01016,
1450,MELSTAR,BZ,4.1,4.1,4.05,4.1,4.1,3.95,31884,130723.9,24-NOV-2023,70,INE817A01019,
1451,MENONBE,EQ,135.35,137.7,135.35,136.3,136.75,136.4,42087,5744807.95,24-NOV-2023,1031,INE071D01033,
1452,MEP,EQ,12.9,13.35,12.8,13.0,13.05,12.9,531827,6932189.35,24-NOV-2023,599,INE776I01010,
1453,METALFORGE,BZ,4.05,4.3,4.05,4.3,4.3,4.1,9790,41976.85,24-NOV-2023,31,INE425A01011,
1454,METROBRAND,EQ,1349.85,1370.0,1336.15,1347.7,1350.0,1350.25,30523,41332540.7,24-NOV-2023,4767,INE317I01021,
1455,METROPOLIS,EQ,1622.4,1670.0,1621.9,1658.2,1651.0,1622.4,465339,771535469.75,24-NOV-2023,31895,INE112L01020,
1456,MFSL,EQ,978.4,980.9,958.1,969.35,970.0,973.3,548728,530978033.7,24-NOV-2023,21486,INE180A01020,
1457,MGEL,EQ,16.75,16.75,15.9,16.0,16.3,16.15,1041455,16836842.25,24-NOV-2023,743,INE0APB01024,
1458,MGL,EQ,1030.0,1032.0,1021.55,1024.55,1021.55,1027.45,152188,156087019.45,24-NOV-2023,7749,INE002S01010,
1459,MHHL,SM,67.15,67.85,66.0,66.65,67.5,66.95,22500,1503000.0,24-NOV-2023,13,INE450S01011,
1460,MHLXMIRU,EQ,233.1,235.2,225.0,227.05,227.0,232.1,8317,1908878.05,24-NOV-2023,480,INE112D01035,
1461,MHRIL,EQ,394.0,394.7,388.1,390.3,389.0,394.4,57468,22527061.1,24-NOV-2023,3574,INE998I01010,
1462,MICEL,BE,37.1,37.95,36.0,36.3,36.45,37.1,167292,6113381.2,24-NOV-2023,1049,INE287C01037,
1463,MICROPRO,ST,67.3,69.0,66.45,67.95,68.0,65.8,115200,7857120.0,24-NOV-2023,70,INE0PZK01014,
1464,MID150BEES,EQ,164.9,164.9,155.3,160.52,160.59,160.09,98070,15758780.4,24-NOV-2023,1969,INF204KB1V68,
1465,MIDCAPETF,EQ,15.75,15.89,15.71,15.77,15.81,15.79,481393,7602967.8,24-NOV-2023,1400,INF769K01IC9,
1466,MIDHANI,EQ,377.0,382.45,375.0,375.9,376.5,375.65,450531,170281379.7,24-NOV-2023,9412,INE099Z01011,
1467,MILTON,SM,33.95,33.95,33.95,33.95,33.95,33.95,4400,149380.0,24-NOV-2023,1,INE376Y01016,
1468,MINDACORP,EQ,344.0,347.75,339.95,340.4,340.9,342.6,409372,140376815.8,24-NOV-2023,9319,INE842C01021,
1469,MINDSPACE,RR,319.81,328.8,316.21,326.44,324.1,319.81,58165,18798044.97,24-NOV-2023,1603,INE0CCU25019,
1470,MINDTECK,EQ,220.7,247.5,216.95,244.2,243.7,218.1,520667,124163674.4,24-NOV-2023,18914,INE110B01017,
1471,MIRCELECTR,BE,17.0,17.1,17.0,17.1,17.1,16.8,100926,1719963.0,24-NOV-2023,90,INE831A01028,
1472,MIRZAINT,EQ,45.55,45.8,45.1,45.25,45.35,45.45,265134,12009390.65,24-NOV-2023,2286,INE771A01026,
1473,MITCON,EQ,102.35,103.9,95.9,98.6,96.95,102.35,83099,8401025.75,24-NOV-2023,4268,INE828O01033,
1474,MITTAL,EQ,1.8,1.8,1.75,1.75,1.75,1.8,2445716,4293040.95,24-NOV-2023,483,INE997Y01027,
1475,MKPL,EQ,80.95,83.95,80.35,83.55,83.85,80.7,1936603,159312570.55,24-NOV-2023,4284,INE964W01021,
1476,MMFL,EQ,901.0,902.95,870.05,871.9,873.75,895.4,38617,33932476.4,24-NOV-2023,4184,INE227C01017,
1477,MMP,EQ,208.5,220.05,208.5,213.3,212.15,209.6,12911,2811027.0,24-NOV-2023,228,INE511Y01018,
1478,MMTC,EQ,52.0,52.5,51.25,51.45,51.6,51.75,2334173,121021510.85,24-NOV-2023,9134,INE123F01029,
1479,MODIRUBBER,BE,90.05,92.0,88.1,89.8,89.5,92.1,3505,312932.8,24-NOV-2023,64,INE832A01018,
1480,MODISONLTD,EQ,113.1,116.35,112.5,113.05,113.4,113.35,62888,7198481.4,24-NOV-2023,1301,INE737D01021,
1481,MOGSEC,EQ,53.29,53.36,53.27,53.28,53.28,53.3,13821,736779.84,24-NOV-2023,15,INF247L01AK4,
1482,MOHEALTH,EQ,29.4,30.37,29.4,30.02,30.19,29.82,4265,128038.48,24-NOV-2023,91,INF247L01BB1,
1483,MOHITIND,EQ,17.95,18.1,17.55,17.65,17.75,17.75,44243,788010.55,24-NOV-2023,534,INE954E01012,
1484,MOIL,EQ,296.0,301.35,286.3,293.7,293.0,293.95,2385055,699088023.1,24-NOV-2023,32225,INE490G01020,
1485,MOKSH,BE,14.8,14.8,14.3,14.6,14.55,14.4,79317,1164627.05,24-NOV-2023,332,INE514Y01020,
1486,MOL,EQ,73.05,73.3,72.5,72.65,72.7,72.75,213935,15560181.4,24-NOV-2023,1745,INE0CT101020,
1487,MOLDTECH,EQ,262.1,263.65,255.35,260.85,262.0,262.35,173875,45141987.6,24-NOV-2023,7545,INE835B01035,
1488,MOLDTKPAC,EQ,869.15,915.0,864.5,875.5,879.95,866.8,315014,282310771.15,24-NOV-2023,22180,INE893J01029,
1489,MOLOWVOL,EQ,29.76,29.87,29.7,29.7,29.78,29.76,717,21311.65,24-NOV-2023,39,INF247L01BL0,
1490,MOM100,EQ,44.68,45.05,44.5,44.73,44.92,44.68,101230,4537586.37,24-NOV-2023,1376,INF247L01023,
1491,MOM50,EQ,201.51,201.57,200.39,201.0,201.0,201.51,613,123407.76,24-NOV-2023,30,INF247L01536,
1492,MOMENTUM,EQ,25.09,25.09,24.51,24.62,24.62,24.6,2163,53234.91,24-NOV-2023,67,INF209KB14K7,
1493,MOMOMENTUM,EQ,48.81,49.38,48.81,49.26,49.33,49.28,17302,852319.86,24-NOV-2023,108,INF247L01BK2,
1494,MON100,EQ,131.55,131.55,129.51,129.81,129.78,129.91,167945,21798728.12,24-NOV-2023,3113,INF247L01AP3,
1495,MONARCH,EQ,482.0,483.45,472.45,478.85,476.75,480.55,434880,207864098.15,24-NOV-2023,7784,INE903D01011,
1496,MONIFTY500,EQ,17.31,17.95,17.31,17.64,17.65,17.66,57251,1010491.56,24-NOV-2023,216,INF247L01BU1,
1497,MONOPHARMA,SM,45.85,45.85,42.0,44.1,44.45,45.0,140000,6204200.0,24-NOV-2023,34,INE0OIP01012,
1498,MONQ50,EQ,54.44,54.44,53.5,53.77,53.86,53.73,21746,1166953.15,24-NOV-2023,221,INF247L01AU3,
1499,MONTECARLO,EQ,705.5,712.0,702.2,708.3,709.0,701.4,17260,12218244.4,24-NOV-2023,1953,INE950M01013,
1500,MOQUALITY,EQ,141.55,141.62,138.23,138.23,138.23,141.62,60,8486.34,24-NOV-2023,8,INF247L01BH8,
1501,MORARJEE,EQ,23.3,25.5,22.9,24.9,24.65,23.1,219848,5390803.0,24-NOV-2023,944,INE161G01027,
1502,MOREPENLAB,EQ,44.0,47.3,44.0,44.35,44.6,43.9,29263540,1339134691.2,24-NOV-2023,48653,INE083A01026,
1503,MOS,SM,95.0,95.0,93.8,93.8,93.8,95.0,113600,10662560.0,24-NOV-2023,24,INE0N7S01010,
1504,MOTHERSON,EQ,88.25,88.55,87.3,87.5,87.5,88.15,6286815,551847166.15,24-NOV-2023,38453,INE775A01035,
1505,MOTILALOFS,EQ,1131.2,1138.6,1121.0,1129.5,1131.9,1127.25,106490,120555922.4,24-NOV-2023,7705,INE338I01027,
1506,MOTOGENFIN,BE,29.9,29.9,29.9,29.9,29.9,30.5,2228,66617.2,24-NOV-2023,17,INE861B01023,
1507,MOVALUE,EQ,67.41,68.39,67.41,67.91,68.0,68.13,7648,520170.03,24-NOV-2023,220,INF247L01BE5,
1508,MPHASIS,EQ,2350.2,2364.7,2287.0,2319.4,2294.35,2352.35,118966,277290361.7,24-NOV-2023,13774,INE356A01018,
1509,MPSLTD,EQ,1818.8,1835.5,1777.0,1788.65,1791.05,1833.8,16368,29498309.4,24-NOV-2023,3052,INE943D01017,
1510,MPTODAY,SM,41.55,41.55,41.55,41.55,41.55,43.7,2000,83100.0,24-NOV-2023,1,INE105Y01019,
1511,MRF,EQ,111000.0,111550.0,110768.15,111448.2,111315.25,111378.7,2854,317441492.15,24-NOV-2023,2003,INE883A01011,
1512,MRO-TEK,EQ,57.95,58.4,57.1,57.65,57.7,57.5,18844,1088867.15,24-NOV-2023,496,INE398B01018,
1513,MRPL,EQ,114.5,121.1,113.5,118.9,118.65,114.1,11265057,1330425202.6,24-NOV-2023,48610,INE103A01014,
1514,MSPL,BE,22.4,23.1,22.4,23.1,23.1,22.65,2343410,53519207.0,24-NOV-2023,447,INE752G01015,
1515,MSTCLTD,EQ,427.3,443.9,425.95,434.35,433.2,424.5,350265,152163885.7,24-NOV-2023,13839,INE255X01014,
1516,MSUMI,EQ,60.5,60.85,60.0,60.15,60.1,60.35,1747406,105418106.0,24-NOV-2023,15095,INE0FS801015,
1517,MTARTECH,EQ,2195.05,2255.0,2195.05,2227.3,2229.0,2195.3,264177,589902485.25,24-NOV-2023,18789,INE864I01014,
1518,MTEDUCARE,BE,3.8,3.95,3.8,3.9,3.85,3.8,102656,398919.85,24-NOV-2023,109,INE472M01018,
1519,MTNL,EQ,27.8,28.65,27.6,27.7,27.8,27.7,3330926,93462001.65,24-NOV-2023,4891,INE153A01019,
1520,MUFIN,EQ,112.95,113.8,109.35,112.25,113.0,111.6,92071,10277402.55,24-NOV-2023,963,INE08KJ01020,
1521,MUKANDLTD,EQ,172.0,185.2,171.15,183.85,185.0,171.05,1264591,228672244.4,24-NOV-2023,22165,INE304A01026,
1522,MUKTAARTS,BE,84.0,84.0,78.1,80.4,78.5,81.9,44497,3648314.55,24-NOV-2023,241,INE374B01019,
1523,MUNJALAU,EQ,77.1,82.0,77.1,81.5,81.25,73.35,8117137,651354275.2,24-NOV-2023,36235,INE672B01032,
1524,MUNJALSHOW,EQ,138.8,145.7,135.0,138.55,139.7,138.0,646028,91965556.65,24-NOV-2023,8181,INE577A01027,
1525,MURUDCERA,BE,62.9,62.9,59.0,59.75,60.0,61.2,36615,2208873.85,24-NOV-2023,302,INE692B01014,
1526,MUTHOOTCAP,EQ,397.15,400.25,388.15,393.05,391.05,397.15,63647,25078643.85,24-NOV-2023,2674,INE296G01013,
1527,MUTHOOTFIN,EQ,1335.0,1340.3,1321.0,1324.95,1323.0,1331.8,503470,670371468.05,24-NOV-2023,25193,INE414G01012,
1528,MVGJL,EQ,343.65,352.7,342.3,344.55,347.05,343.65,116201,40330692.5,24-NOV-2023,2838,INE0KNT01012,
1529,MWL,SM,115.0,120.0,113.0,114.7,114.0,115.0,24000,2752440.0,24-NOV-2023,11,INE0JYY01011,
1530,NABARD,N1,1189.5,1189.5,1189.5,1189.5,1189.5,1163.17,1,1189.5,24-NOV-2023,1,INE261F07057,
1531,NABARD,N2,1173.0,1175.0,1171.5,1172.31,1172.0,1171.85,269,315439.0,24-NOV-2023,10,INE261F07032,
1532,NACLIND,EQ,74.5,75.4,73.25,73.65,73.4,74.55,101234,7511679.65,24-NOV-2023,962,INE295D01020,
1533,NAGAFERT,EQ,8.55,8.6,8.5,8.5,8.5,8.55,377964,3224950.3,24-NOV-2023,698,INE454M01024,
1534,NAGREEKCAP,BE,17.9,17.9,17.9,17.9,17.9,17.9,1691,30268.9,24-NOV-2023,26,INE245I01016,
1535,NAGREEKEXP,EQ,58.9,58.9,57.9,58.05,57.9,57.8,25688,1495960.3,24-NOV-2023,226,INE123B01028,
1536,NAHARCAP,EQ,310.55,313.5,302.0,305.4,302.0,302.95,16772,5144481.65,24-NOV-2023,1349,INE049I01012,
1537,NAHARINDUS,EQ,137.6,142.4,136.0,140.8,141.0,137.55,122554,17113083.95,24-NOV-2023,2388,INE289A01011,
1538,NAHARPOLY,EQ,232.05,237.95,229.0,229.7,229.8,230.95,18384,4272496.3,24-NOV-2023,1369,INE308A01027,
1539,NAHARSPING,EQ,314.0,324.5,309.6,315.65,313.25,310.85,379094,120350117.0,24-NOV-2023,16132,INE290A01027,
1540,NAM-INDIA,EQ,419.35,422.4,404.1,407.15,406.0,419.2,412102,170325486.8,24-NOV-2023,11574,INE298J01013,
1541,NARMADA,EQ,19.5,19.6,19.15,19.3,19.25,19.35,13105,253411.4,24-NOV-2023,320,INE117Z01011,
1542,NATCOPHARM,EQ,789.25,798.2,777.45,780.45,781.05,789.25,349819,274312607.1,24-NOV-2023,17669,INE987B01026,
1543,NATHBIOGEN,EQ,207.2,207.4,202.35,203.85,203.0,203.55,25711,5266860.0,24-NOV-2023,1118,INE448G01010,
1544,NATIONALUM,EQ,91.05,92.3,90.9,91.05,91.05,90.95,6747951,617868752.15,24-NOV-2023,19529,INE139A01034,
1545,NAUKRI,EQ,4617.15,4633.6,4581.1,4596.9,4586.0,4617.15,83298,383100728.85,24-NOV-2023,12677,INE663F01024,
1546,NAVA,EQ,385.95,386.95,378.15,380.05,380.7,384.05,191323,73122316.05,24-NOV-2023,6932,INE725A01022,
1547,NAVIFIN,N0,998.0,998.0,996.0,996.0,996.0,998.0,20,19940.0,24-NOV-2023,2,INE342T07411,
1548,NAVIFIN,N5,1000.0,1000.0,1000.0,1000.0,1000.0,1000.0,175,175000.0,24-NOV-2023,1,INE342T07379,
1549,NAVIFIN,N6,1021.0,1021.01,1021.0,1021.01,1021.01,1020.1,395,403297.95,24-NOV-2023,2,INE342T07395,
1550,NAVIFIN,N7,1001.0,1001.0,1001.0,1001.0,1001.0,1005.0,150,150150.0,24-NOV-2023,2,INE342T07387,
1551,NAVIFIN,N8,1024.8,1024.8,1015.0,1015.0,1015.0,1013.2,240,245687.4,24-NOV-2023,2,INE342T07403,
1552,NAVINFLUOR,EQ,3712.0,3744.45,3702.0,3732.75,3730.0,3708.1,157927,588885487.45,24-NOV-2023,14710,INE048G01026,
1553,NAVINIFTY,EQ,197.98,199.01,197.76,197.76,197.76,198.85,14,2777.21,24-NOV-2023,8,INF959L01HI3,
1554,NAVKARCORP,EQ,70.9,73.6,69.85,71.05,71.2,70.1,6281593,449746130.6,24-NOV-2023,19745,INE278M01019,
1555,NAVNETEDUL,EQ,141.0,141.0,137.0,138.2,137.5,138.6,159070,22029031.9,24-NOV-2023,3124,INE060A01024,
1556,NAZARA,EQ,802.0,805.5,795.15,803.25,804.0,799.1,82371,65982600.3,24-NOV-2023,9763,INE418L01021,
1557,NBCC,EQ,65.1,65.55,64.05,64.25,64.25,65.1,8554234,553229399.15,24-NOV-2023,19711,INE095N01031,
1558,NBIFIN,EQ,1808.85,1924.8,1800.35,1899.55,1900.0,1809.15,2113,3943302.45,24-NOV-2023,247,INE365I01020,
1559,NCC,EQ,163.0,164.65,162.35,163.35,163.15,162.9,2211167,361290211.75,24-NOV-2023,28567,INE868B01028,
1560,NCLIND,EQ,214.0,219.7,214.0,216.9,218.0,215.7,83028,18052757.45,24-NOV-2023,3256,INE732C01016,
1561,NDGL,BE,2615.0,2615.0,2497.0,2526.7,2497.0,2617.85,711,1819358.05,24-NOV-2023,125,INE756C01015,
1562,NDL,EQ,29.9,32.35,28.5,32.0,31.9,29.2,3813022,118040308.95,24-NOV-2023,12713,INE875G01030,
1563,NDLVENTURE,BE,150.9,152.0,146.6,147.85,147.8,147.85,5745,864832.5,24-NOV-2023,62,INE353A01023,
1564,NDRAUTO,BE,739.0,739.0,730.0,730.0,730.0,744.8,3042,2229880.0,24-NOV-2023,110,INE07OG01012,
1565,NDTV,EQ,193.25,208.8,192.15,205.05,208.0,192.0,1279847,258720180.85,24-NOV-2023,21566,INE155G01029,
1566,NECCLTD,EQ,32.3,32.85,30.6,31.1,30.7,32.0,775722,24732820.65,24-NOV-2023,3196,INE553C01016,
1567,NECLIFE,EQ,30.95,31.5,29.95,30.3,30.35,30.95,1440580,44360473.2,24-NOV-2023,3917,INE023H01027,
1568,NELCAST,EQ,173.65,174.2,171.15,172.05,171.7,171.95,147576,25439901.2,24-NOV-2023,3032,INE189I01024,
1569,NELCO,EQ,777.95,777.95,761.1,767.05,767.0,773.25,42389,32530897.85,24-NOV-2023,4843,INE045B01015,
1570,NEOGEN,EQ,1536.0,1549.0,1520.75,1537.1,1536.05,1529.75,15298,23490537.6,24-NOV-2023,3410,INE136S01016,
1571,NESCO,EQ,809.6,816.85,795.3,799.75,798.0,803.8,109089,87850495.8,24-NOV-2023,6178,INE317F01035,
1572,NESTLEIND,EQ,24450.0,24472.85,24108.05,24138.95,24189.9,24393.3,40412,977816905.75,24-NOV-2023,12478,INE239A01016,
1573,NETF,EQ,212.98,212.98,208.61,209.17,209.17,209.39,636,133036.19,24-NOV-2023,52,INF277K015R5,
1574,NETWEB,EQ,818.0,822.75,810.0,811.3,811.0,820.8,24295,19789638.55,24-NOV-2023,2163,INE0NT901020,
1575,NETWORK18,EQ,82.85,86.45,82.85,83.45,83.15,82.4,4505434,380693415.25,24-NOV-2023,16794,INE870H01013,
1576,NEULANDLAB,EQ,5199.95,5219.9,5062.15,5086.75,5070.0,5174.1,12598,64459731.25,24-NOV-2023,3215,INE794A01010,
1577,NEWGEN,BE,1311.1,1325.0,1235.0,1280.85,1280.0,1299.7,59317,75811547.65,24-NOV-2023,5848,INE619B01017,
1578,NEWJAISA,SM,160.2,170.2,160.2,163.35,163.0,162.9,147000,24520950.0,24-NOV-2023,46,INE0PW501021,
1579,NEXT50,EQ,472.82,474.52,470.95,471.01,470.96,471.82,1990,938983.87,24-NOV-2023,39,INF769K01FN2,
1580,NEXTMEDIA,BE,7.15,7.25,6.9,7.05,7.05,7.15,7867,54947.1,24-NOV-2023,30,INE747B01016,
1581,NFL,EQ,69.55,70.3,68.9,69.6,69.6,69.35,2146800,149493196.15,24-NOV-2023,6545,INE870D01012,
1582,NGIL,EQ,41.05,41.05,38.85,39.0,39.0,40.05,96468,3797329.7,24-NOV-2023,618,INE236Y01012,
1583,NGLFINE,EQ,1926.45,2019.0,1910.0,1974.75,1978.0,1909.15,14339,28277009.05,24-NOV-2023,2290,INE887E01022,
1584,NH,EQ,1244.95,1267.0,1223.1,1238.3,1238.0,1238.75,307628,383975852.5,24-NOV-2023,20694,INE410P01011,
1585,NHAI,N2,1102.5,1102.5,1100.0,1102.5,1102.5,1102.0,1600,1763220.0,24-NOV-2023,14,INE906B07CB9,
1586,NHAI,N4,1085.0,1085.0,1085.0,1085.0,1085.0,1082.02,12,13020.0,24-NOV-2023,2,INE906B07DD3,
1587,NHAI,N5,1233.0,1233.0,1233.0,1233.0,1233.0,1233.0,4,4932.0,24-NOV-2023,2,INE906B07DE1,
1588,NHAI,N6,1216.5,1218.5,1216.5,1218.25,1218.25,1216.1,492,599219.41,24-NOV-2023,10,INE906B07DF8,
1589,NHAI,,1171.5,1171.5,1170.0,1170.12,1170.0,1169.6,542,634280.2,24-NOV-2023,31,INE906B07EJ8,
1590,NHAI,NE,1143.49,1143.49,1143.49,1143.49,1143.49,1143.0,100,114349.0,24-NOV-2023,1,INE906B07EP5,
1591,NHBTF2014,N6,6881.0,6898.0,6805.0,6898.0,6898.0,6880.0,45,309364.0,24-NOV-2023,6,INE557F07132,
1592,NHIT,N1,300.5,301.0,300.5,300.5,300.5,300.5,1888,567555.53,24-NOV-2023,30,INE0H7R07017,
1593,NHIT,N2,303.0,303.0,301.0,301.99,301.99,300.11,753,227921.8,24-NOV-2023,8,INE0H7R07025,
1594,NHIT,N3,406.5,406.5,403.5,403.5,403.5,402.1,540,218162.5,24-NOV-2023,6,INE0H7R07033,
1595,NHPC,EQ,55.15,56.3,54.55,54.7,54.65,55.15,21518186,1191321832.0,24-NOV-2023,28645,INE848E01016,
1596,NIACL,EQ,176.0,209.0,175.0,209.0,209.0,174.2,34862627,6920132248.2,24-NOV-2023,169579,INE470Y01017,
1597,NIBL,EQ,33.65,33.85,31.75,32.45,33.1,33.05,168420,5512767.8,24-NOV-2023,2588,INE047O01014,
1598,NIDAN,SM,33.5,34.6,33.5,34.6,34.6,33.8,14000,480650.0,24-NOV-2023,13,INE0J6L01013,
1599,NIF100BEES,EQ,211.6,211.6,206.4,207.24,207.35,207.02,9160,1896118.59,24-NOV-2023,213,INF204K014N5,
1600,NIFMID150,EQ,156.6,157.0,156.52,156.56,157.0,156.73,59,9241.0,24-NOV-2023,10,INF789F1AYX9,
1601,NIFTYBEES,EQ,225.1,225.1,218.19,218.48,218.65,218.56,2228129,486862097.97,24-NOV-2023,16808,INF204KB14I2,
1602,NIFTYETF,EQ,208.83,209.42,208.45,208.48,209.09,209.19,222262,46343286.89,24-NOV-2023,323,INF769K01EG9,
1603,NIFTYQLITY,EQ,17.3,17.3,17.09,17.17,17.18,17.15,8771,150450.05,24-NOV-2023,185,INF209KB15K4,
1604,NIITLTD,EQ,117.4,118.1,116.2,116.6,116.9,117.35,234306,27400207.5,24-NOV-2023,2063,INE161A01038,
1605,NIITMTS,EQ,404.9,404.9,392.1,394.7,395.3,401.45,75673,30197450.7,24-NOV-2023,4629,INE342G01023,
1606,NILAINFRA,BE,6.9,7.0,6.8,6.95,6.95,6.8,204659,1420716.8,24-NOV-2023,346,INE937C01029,
1607,NILASPACES,EQ,3.45,3.45,3.3,3.35,3.35,3.4,370454,1249546.3,24-NOV-2023,463,INE00S901012,
1608,NILKAMAL,EQ,2200.05,2200.05,2182.8,2184.9,2183.0,2191.55,891,1950890.3,24-NOV-2023,264,INE310A01015,
1609,NINSYS,EQ,467.0,477.0,456.05,465.75,471.95,463.4,3600,1686548.2,24-NOV-2023,609,INE395U01014,
1610,NIPPOBATRY,BE,688.95,688.95,676.2,676.2,676.2,690.0,1383,939104.1,24-NOV-2023,33,INE567A01028,
1611,NIRAJ,EQ,43.2,45.0,43.0,43.1,43.0,44.2,69599,3032771.8,24-NOV-2023,1310,INE368I01016,
1612,NIRMAN,SM,226.0,233.5,220.5,225.5,225.5,227.0,12000,2729190.0,24-NOV-2023,15,INE0OK701014,
1613,NITCO,BE,28.8,29.25,27.5,28.7,28.35,28.4,94647,2701227.75,24-NOV-2023,313,INE858F01012,
1614,NITINSPIN,EQ,352.2,359.2,345.6,353.05,353.0,351.8,431880,151666882.65,24-NOV-2023,14465,INE229H01012,
1615,NITIRAJ,BE,120.7,120.7,120.05,120.05,120.05,118.7,3068,368856.3,24-NOV-2023,13,INE439T01012,
1616,NKIND,BE,57.25,57.25,57.25,57.25,57.25,58.4,53,3034.25,24-NOV-2023,5,INE542C01019,
1617,NLCINDIA,EQ,165.4,167.0,161.6,163.05,163.1,164.85,1491728,244519978.4,24-NOV-2023,24346,INE589A01014,
1618,NMDC,EQ,174.4,177.35,172.45,173.2,173.95,172.4,23647741,4150263890.85,24-NOV-2023,94779,INE584A01023,
1619,NOCIL,EQ,243.9,245.5,239.05,239.75,240.1,243.5,396549,96008416.95,24-NOV-2023,7525,INE163A01018,
1620,NOIDATOLL,BE,14.25,14.25,14.25,14.25,14.25,14.5,116096,1654368.0,24-NOV-2023,37,INE781B01015,
1621,NORBTEAEXP,BE,13.5,13.5,13.0,13.5,13.5,12.9,23198,311956.2,24-NOV-2023,125,INE369C01017,
1622,NPBET,EQ,231.54,233.27,231.54,233.1,233.1,231.51,59,13717.99,24-NOV-2023,13,INF277K010X4,
1623,NPST,ST,2250.0,2280.0,2172.0,2222.0,2222.0,2249.65,1500,3320300.0,24-NOV-2023,15,INE0FFK01017,
1624,NRAIL,EQ,353.1,356.75,346.55,355.35,356.75,348.0,11873,4166294.6,24-NOV-2023,849,INE740D01017,
1625,NRBBEARING,EQ,260.8,262.4,255.55,259.0,258.55,258.6,138562,35805984.9,24-NOV-2023,6984,INE349A01021,
1626,NRL,EQ,90.25,101.0,89.9,92.6,93.5,89.0,378659,36481045.95,24-NOV-2023,3986,INE0JM501013,
1627,NSIL,EQ,3346.6,3450.0,3290.3,3360.3,3301.0,3324.7,20692,70283477.3,24-NOV-2023,4206,INE023A01030,
1628,NSLNISP,EQ,42.0,42.5,41.5,41.75,41.8,41.9,2490591,104349181.05,24-NOV-2023,7565,INE0NNS01018,
1629,NTPC,EQ,253.3,256.85,253.0,253.9,253.8,252.75,7149443,1822733017.15,24-NOV-2023,93752,INE733E01010,
1630,NTPC,N4,1079.01,1082.0,1079.01,1079.21,1079.21,1079.01,716,772808.09,24-NOV-2023,4,INE733E07JH3,
1631,NTPC,N7,10.57,10.63,10.57,10.59,10.58,10.57,31066,328987.58,24-NOV-2023,96,INE733E07JP6,
1632,NTPC,N8,1060.0,1060.0,1060.0,1060.0,1060.0,1060.0,6,6360.0,24-NOV-2023,2,INE733E07JR2,
1633,NTPC,,1200.0,1200.0,1200.0,1200.0,1200.0,1260.0,75,90000.0,24-NOV-2023,3,INE733E07JT8,
1634,NUCLEUS,BE,1420.0,1420.0,1371.1,1385.25,1385.0,1407.05,11850,16385997.0,24-NOV-2023,965,INE096B01018,
1635,NURECA,EQ,356.0,358.95,353.95,354.8,354.15,354.25,32360,11525554.35,24-NOV-2023,4124,INE0DSF01015,
1636,NUVAMA,EQ,3238.0,3257.0,3145.0,3164.2,3167.0,3219.55,91066,290206218.15,24-NOV-2023,12786,INE531F01015,
1637,NUVOCO,EQ,350.4,371.8,350.4,361.75,361.85,350.4,658128,239973516.3,24-NOV-2023,31024,INE118D01016,
1638,NV20BEES,EQ,120.32,120.77,119.7,119.73,119.75,120.36,4855,582821.81,24-NOV-2023,179,INF204KB18I3,
1639,NXST,RR,131.4,131.45,130.4,131.09,130.63,130.01,311324,40850091.39,24-NOV-2023,6751,INE0NDH25011,
1640,NYKAA,EQ,172.45,172.7,170.1,171.65,171.1,172.1,4711613,806542176.4,24-NOV-2023,44849,INE388Y01029,
1641,OAL,EQ,344.95,350.0,342.6,343.85,346.15,343.75,6319,2181032.1,24-NOV-2023,525,INE959C01023,
1642,OBCL,EQ,60.65,60.65,58.5,58.9,58.8,59.8,53623,3198694.55,24-NOV-2023,2126,INE426Z01016,
1643,OBEROIRLTY,EQ,1413.9,1413.9,1383.45,1389.95,1390.95,1404.95,449316,628489693.05,24-NOV-2023,33029,INE093I01010,
1644,OCCL,EQ,784.95,790.0,773.05,777.0,777.0,778.05,6483,5062845.5,24-NOV-2023,924,INE321D01016,
1645,OFSS,EQ,4100.0,4120.0,4019.5,4031.15,4027.95,4095.05,38581,156350755.1,24-NOV-2023,7868,INE881D01027,
1646,OIL,EQ,299.25,302.1,295.25,298.9,299.1,299.25,1478380,439845373.2,24-NOV-2023,27963,INE274J01014,
1647,OILCOUNTUB,BE,22.2,23.25,22.0,22.25,22.5,22.25,45030,1018720.3,24-NOV-2023,193,INE591A01010,
1648,OLECTRA,EQ,1233.8,1254.0,1211.4,1216.6,1217.95,1227.25,482675,594430222.3,24-NOV-2023,17496,INE260D01016,
1649,OLIL,SM,72.4,72.4,72.4,72.4,72.4,72.4,1200,86880.0,24-NOV-2023,1,INE0OPS01011,
1650,OMAXAUTO,EQ,59.7,61.85,59.7,61.05,61.3,59.75,115123,7011565.35,24-NOV-2023,1939,INE090B01011,
1651,OMAXE,EQ,85.6,86.0,80.65,80.85,80.85,84.9,318884,26379496.65,24-NOV-2023,2000,INE800H01010,
1652,OMFURN,SM,71.1,71.1,71.0,71.0,71.0,72.1,4800,341040.0,24-NOV-2023,2,INE338Y01016,
1653,OMINFRAL,BE,123.45,123.45,121.45,121.45,121.45,123.9,46858,5732149.5,24-NOV-2023,293,INE239D01028,
1654,OMKARCHEM,BZ,9.7,10.15,9.4,9.5,9.5,9.7,9950,97655.5,24-NOV-2023,35,INE474L01016,
1655,ONDOOR,SM,197.9,203.95,192.25,193.7,192.25,191.75,34200,6764100.0,24-NOV-2023,51,INE00ER01015,
1656,ONELIFECAP,EQ,18.55,21.3,18.05,21.3,21.3,17.75,968932,19813400.65,24-NOV-2023,3038,INE912L01015,
1657,ONEPOINT,EQ,50.35,52.2,50.0,50.9,50.2,50.25,979261,50053014.2,24-NOV-2023,2305,INE840Y01029,
1658,ONGC,EQ,190.85,191.85,188.15,188.85,188.4,190.65,5751331,1090975952.5,24-NOV-2023,53078,INE213A01029,
1659,ONMOBILE,EQ,109.05,109.05,107.05,107.4,107.55,108.1,335659,36171566.85,24-NOV-2023,3410,INE809I01019,
1660,ONWARDTEC,EQ,614.8,619.0,583.6,592.5,592.9,615.1,52286,31384887.8,24-NOV-2023,4232,INE229A01017,
1661,OPTIEMUS,EQ,328.5,329.35,314.1,316.3,317.3,325.75,216484,69650293.75,24-NOV-2023,9280,INE350C01017,
1662,ORBTEXP,EQ,196.15,198.85,195.65,196.95,197.9,195.8,5615,1104212.85,24-NOV-2023,206,INE231G01010,
1663,ORCHPHARMA,EQ,580.0,592.1,571.95,577.7,580.0,579.55,26317,15300848.6,24-NOV-2023,1806,INE191A01027,
1664,ORIANA,SM,356.8,388.95,356.8,376.3,377.0,352.8,156000,58160925.0,24-NOV-2023,407,INE0OUT01019,
1665,ORICONENT,EQ,33.0,33.2,32.4,32.5,32.55,32.5,147167,4827952.6,24-NOV-2023,676,INE730A01022,
1666,ORIENTALTL,EQ,7.3,7.55,7.2,7.25,7.35,7.4,113125,831292.0,24-NOV-2023,306,INE998H01012,
1667,ORIENTBELL,EQ,409.1,409.2,400.1,401.6,404.5,405.1,25489,10290670.6,24-NOV-2023,1404,INE607D01018,
1668,ORIENTCEM,EQ,232.9,234.45,227.2,228.6,228.95,231.1,599122,137861184.3,24-NOV-2023,14120,INE876N01018,
1669,ORIENTCER,EQ,57.65,59.0,56.55,56.9,56.55,57.4,121234,7031552.85,24-NOV-2023,1136,INE569C01020,
1670,ORIENTELEC,EQ,216.4,218.1,212.8,214.8,215.9,216.55,168001,36233207.35,24-NOV-2023,4403,INE142Z01019,
1671,ORIENTHOT,EQ,101.9,103.1,99.7,100.2,101.8,101.7,618756,62322933.25,24-NOV-2023,4313,INE750A01020,
1672,ORIENTLTD,EQ,74.3,76.1,73.6,74.5,74.1,73.8,26432,1970182.75,24-NOV-2023,1211,INE609C01024,
1673,ORIENTPPR,EQ,42.5,42.7,41.55,41.8,41.95,42.3,1428239,60210430.35,24-NOV-2023,4773,INE592A01026,
1674,ORISSAMINE,EQ,7098.0,7137.0,6875.0,6910.15,6907.2,7017.5,19193,134196918.45,24-NOV-2023,6704,INE725E01024,
1675,ORTEL,BZ,0.95,0.95,0.85,0.95,0.95,0.9,15844,14976.8,24-NOV-2023,17,INE849L01019,
1676,ORTINLAB,EQ,19.55,20.2,19.55,19.9,19.7,19.7,16377,325397.2,24-NOV-2023,209,INE749B01020,
1677,OSIAHYPER,EQ,56.0,56.9,54.0,54.7,55.1,56.15,496864,27800125.05,24-NOV-2023,2348,INE06IR01021,
1678,OSWALAGRO,EQ,35.45,36.65,34.6,34.85,34.65,35.1,319413,11428413.4,24-NOV-2023,1511,INE142A01012,
1679,OSWALGREEN,EQ,25.95,26.0,25.5,25.6,25.5,25.75,114830,2959634.4,24-NOV-2023,688,INE143A01010,
1680,OSWALSEEDS,EQ,61.05,65.5,59.9,63.35,63.75,61.05,120940,7575938.55,24-NOV-2023,971,INE00IK01029,
1681,PAGEIND,EQ,37838.95,37838.95,37412.0,37504.0,37516.7,37697.05,14525,545842184.15,24-NOV-2023,5693,INE761H01022,
1682,PAISALO,EQ,83.0,84.05,81.65,82.8,82.7,83.0,1247040,103445863.85,24-NOV-2023,6006,INE420C01059,
1683,PAKKA,EQ,244.75,259.85,238.5,254.85,257.5,242.65,515767,129917895.0,24-NOV-2023,19906,INE551D01018,
1684,PALASHSECU,BE,124.0,127.0,122.2,125.6,125.95,126.45,2581,321792.85,24-NOV-2023,66,INE471W01019,
1685,PALREDTEC,EQ,158.4,160.0,155.25,157.35,157.0,158.3,31232,4943955.25,24-NOV-2023,1243,INE218G01033,
1686,PANACEABIO,EQ,157.0,165.7,157.0,162.55,163.0,156.25,502794,81779219.5,24-NOV-2023,11181,INE922B01023,
1687,PANACHE,BE,89.7,89.7,87.9,87.9,87.9,87.95,3635,319870.0,24-NOV-2023,12,INE895W01019,
1688,PANAMAPET,EQ,308.7,320.95,306.65,310.8,311.65,307.25,309972,97228345.25,24-NOV-2023,12437,INE305C01029,
1689,PANSARI,BE,83.35,83.35,78.45,80.75,82.95,81.3,2087,167226.1,24-NOV-2023,22,INE697V01011,
1690,PAR,EQ,227.15,233.95,226.5,229.95,228.05,228.7,18521,4281266.3,24-NOV-2023,635,INE04LG01015,
1691,PARACABLES,BE,62.7,63.0,61.25,62.3,62.8,61.75,160978,9965980.0,24-NOV-2023,958,INE074B01023,
1692,PARADEEP,EQ,65.85,66.3,64.25,64.5,64.5,65.6,2110596,137509067.2,24-NOV-2023,8172,INE088F01024,
1693,PARAGMILK,EQ,219.2,219.8,215.0,215.8,215.2,218.8,305444,66247896.4,24-NOV-2023,7727,INE883N01014,
1694,PARAGON,SM,198.8,203.0,197.0,198.1,199.0,198.9,109200,21916380.0,24-NOV-2023,89,INE0N4G01012,
1695,PARAS,EQ,704.15,724.0,697.15,700.25,699.75,701.05,451096,320837715.7,24-NOV-2023,20851,INE045601015,
1696,PARASPETRO,BE,2.3,2.3,2.3,2.3,2.3,2.2,121225,278817.5,24-NOV-2023,140,INE162C01024,
1697,PARIN,SM,92.0,92.25,90.1,91.5,92.0,87.9,12000,1098700.0,24-NOV-2023,6,INE00U801010,
1698,PARSVNATH,BE,11.8,11.9,11.5,11.75,11.65,11.6,557082,6532375.25,24-NOV-2023,550,INE561H01026,
1699,PARTYCRUS,SM,70.15,78.0,70.15,77.95,77.95,70.95,50000,3734500.0,24-NOV-2023,25,INE06ZX01015,
1700,PASUPTAC,EQ,39.0,39.0,37.4,37.55,37.45,38.65,145934,5539313.35,24-NOV-2023,1030,INE818B01023,
1701,PATANJALI,EQ,1366.0,1366.4,1313.0,1330.35,1330.0,1359.55,442410,590852172.6,24-NOV-2023,11427,INE619A01035,
1702,PATELENG,EQ,52.3,52.5,50.5,51.05,50.8,51.95,1719154,88836644.15,24-NOV-2023,6726,INE244B01030,
1703,PATINTLOG,EQ,17.8,18.5,17.65,18.05,18.0,17.65,880545,16056167.05,24-NOV-2023,2480,INE529D01014,
1704,PAVNAIND,EQ,398.0,405.0,389.0,390.4,390.0,402.65,1386,544139.4,24-NOV-2023,212,INE07S101020,
1705,PAYTM,EQ,920.0,920.0,877.15,892.55,895.0,923.4,21100108,18607195195.15,24-NOV-2023,139957,INE982J01020,
1706,PCBL,EQ,263.45,267.0,259.15,261.7,263.6,262.1,4758046,1251898363.15,24-NOV-2023,35163,INE602A01031,
1707,PCHFL,N6,1017.0,1020.0,1012.05,1020.0,1020.0,1018.56,14,14232.15,24-NOV-2023,4,INE516Y07402,
1708,PCHFL,,1000.0,1018.95,1000.0,1008.31,1008.0,1019.95,216,217334.95,24-NOV-2023,20,INE516Y07428,
1709,PCJEWELLER,EQ,28.8,29.3,28.6,28.85,28.9,28.8,1461677,42244123.55,24-NOV-2023,4295,INE785M01013,
1710,PDMJEPAPER,EQ,47.0,47.85,46.85,47.35,47.55,46.75,172848,8168605.6,24-NOV-2023,949,INE865T01018,
1711,PDSL,EQ,612.8,625.0,610.0,617.25,618.0,615.6,77289,47682835.9,24-NOV-2023,8655,INE111Q01021,
1712,PEARLPOLY,EQ,32.05,33.15,29.85,30.4,30.3,32.3,117598,3649171.55,24-NOV-2023,890,INE844A01013,
1713,PEL,EQ,910.0,910.85,889.0,890.9,890.6,906.65,1440642,1292508164.9,24-NOV-2023,54275,INE140A01024,
1714,PEL,N1,994.99,999.99,994.99,999.99,999.99,994.85,110,109498.9,24-NOV-2023,2,INE140A07740,
1715,PEL,N2,1003.0,1003.0,1003.0,1003.0,1003.0,1001.55,13,13039.0,24-NOV-2023,2,INE140A07765,
1716,PEL,N3,999.5,999.5,992.61,992.61,992.61,999.5,21,20915.6,24-NOV-2023,3,INE140A07773,
1717,PENIND,EQ,125.5,127.5,121.7,122.8,122.45,125.45,1276401,158769862.7,24-NOV-2023,10119,INE932A01024,
1718,PENINLAND,EQ,48.3,48.3,46.3,48.3,48.3,46.0,3907253,187775969.6,24-NOV-2023,5143,INE138A01028,
1719,PENTAGON,SM,120.5,125.0,119.0,124.25,125.0,116.2,21000,2567600.0,24-NOV-2023,21,INE0ORS01017,
1720,PERFECT,SM,17.45,17.95,17.35,17.35,17.35,17.45,48000,843000.0,24-NOV-2023,8,INE925S01012,
1721,PERSISTENT,EQ,6410.0,6473.9,6326.7,6390.35,6360.0,6378.85,514807,3293087838.95,24-NOV-2023,68994,INE262H01013,
1722,PETRONET,EQ,196.15,196.6,195.0,195.3,195.2,196.2,1409808,275547883.3,24-NOV-2023,16304,INE347G01014,
1723,PFC,EQ,316.75,318.4,312.15,314.95,314.9,320.75,8179159,2578962739.15,24-NOV-2023,66298,INE134E01011,
1724,PFC,N5,1090.25,1098.0,1090.25,1097.9,1098.0,1093.66,570,625655.0,24-NOV-2023,3,INE134E07208,
1725,PFC,N8,1275.99,1275.99,1265.0,1268.95,1268.0,1271.09,774,983898.02,24-NOV-2023,16,INE134E07463,
1726,PFIZER,EQ,4101.05,4137.95,4055.0,4072.3,4065.0,4130.35,15876,64830046.8,24-NOV-2023,4498,INE182A01018,
1727,PFOCUS,EQ,112.5,115.8,110.95,111.8,111.85,111.55,224340,25471515.0,24-NOV-2023,2994,INE367G01038,
1728,PFS,EQ,33.95,34.1,33.0,33.1,33.2,33.75,1845685,61846458.3,24-NOV-2023,4974,INE560K01014,
1729,PGEL,EQ,2405.2,2405.2,2324.35,2381.55,2379.0,2405.2,66226,156600759.85,24-NOV-2023,13452,INE457L01011,
1730,PGHH,EQ,18090.0,18090.55,17840.55,17904.5,17905.0,17900.3,9220,165510499.45,24-NOV-2023,2827,INE179A01014,
1731,PGHL,EQ,5150.0,5188.75,5120.0,5155.15,5155.0,5135.25,10018,51501670.1,24-NOV-2023,2521,INE199A01012,
1732,PGIL,BE,1220.75,1259.0,1211.0,1238.2,1230.0,1246.25,3557,4411412.75,24-NOV-2023,272,INE940H01014,
1733,PGINVIT,IV,98.49,98.49,97.91,97.98,98.0,98.04,470680,46158181.3,24-NOV-2023,5541,INE0GGX23010,
1734,PHANTOMFX,SM,398.05,404.0,398.0,399.85,402.5,398.05,21900,8792055.0,24-NOV-2023,50,INE0MLZ01019,
1735,PHARMABEES,EQ,16.44,16.44,16.16,16.21,16.19,16.1,2862393,46523507.15,24-NOV-2023,4527,INF204KC1089,
1736,PHOENIXLTD,EQ,2264.15,2438.0,2264.15,2363.75,2365.7,2270.35,523810,1239542532.65,24-NOV-2023,53529,INE211B01039,
1737,PIDILITIND,EQ,2515.9,2516.45,2482.0,2504.1,2509.65,2509.3,247748,618816044.2,24-NOV-2023,18009,INE318A01026,
1738,PIGL,BE,40.55,40.55,40.55,40.55,40.55,40.55,1861,75463.55,24-NOV-2023,10,INE557Z01018,
1739,PIIND,EQ,3780.0,3805.0,3741.0,3765.5,3750.0,3758.2,447648,1693998920.35,24-NOV-2023,42241,INE603J01030,
1740,PILANIINVS,EQ,2760.95,2815.0,2688.5,2777.4,2799.0,2752.65,16058,44590686.9,24-NOV-2023,3409,INE417C01014,
1741,PILITA,EQ,10.6,10.65,10.4,10.55,10.45,10.5,287585,3029133.0,24-NOV-2023,717,INE600A01035,
1742,PIONEEREMB,BE,51.55,54.1,50.05,53.4,53.5,51.55,32114,1709662.1,24-NOV-2023,109,INE156C01018,
1743,PITTIENG,EQ,699.1,718.0,687.0,689.2,689.9,696.9,195335,137330872.15,24-NOV-2023,11510,INE450D01021,
1744,PIXTRANS,EQ,1328.4,1328.4,1294.15,1301.55,1300.0,1324.65,13937,18197129.9,24-NOV-2023,2360,INE751B01018,
1745,PKTEA,BE,282.0,282.0,276.05,280.0,280.0,282.0,1026,287195.4,24-NOV-2023,12,INE431F01018,
1746,PLADAINFO,SM,41.25,41.25,40.5,41.0,41.0,42.1,9000,368250.0,24-NOV-2023,3,INE0PXD01014,
1747,PLASTIBLEN,EQ,309.2,320.5,301.6,316.25,315.0,306.15,112319,35319347.05,24-NOV-2023,6313,INE083C01022,
1748,PLAZACABLE,BE,112.9,112.95,107.0,109.65,110.3,111.95,216363,23759207.35,24-NOV-2023,3627,INE0INJ01017,
1749,PNB,EQ,76.75,76.95,75.75,75.95,75.9,76.55,17112957,1305871778.2,24-NOV-2023,41897,INE160A01022,
1750,PNBGILTS,EQ,97.4,97.45,94.55,95.0,94.95,96.9,1114256,106245022.15,24-NOV-2023,5705,INE859A01011,
1751,PNBHOUSING,EQ,797.0,804.85,781.55,783.2,787.0,798.75,158086,125092202.4,24-NOV-2023,11166,INE572E01012,
1752,PNC,EQ,46.35,46.7,44.5,44.7,44.7,45.6,63652,2894460.4,24-NOV-2023,1469,INE392B01011,
1753,PNCINFRA,EQ,323.05,328.0,323.05,326.85,326.5,323.05,174572,56940984.85,24-NOV-2023,6720,INE195J01029,
1754,POCL,EQ,445.05,448.05,434.3,437.15,436.65,443.0,15128,6627888.1,24-NOV-2023,1286,INE063E01046,
1755,PODDARHOUS,BZ,139.95,142.95,133.05,135.85,134.0,137.45,787,107893.25,24-NOV-2023,28,INE888B01018,
1756,PODDARMENT,EQ,366.65,368.0,353.15,365.2,366.9,359.55,4100,1480420.85,24-NOV-2023,348,INE371C01013,
1757,POKARNA,EQ,536.2,542.7,525.6,534.1,535.4,535.55,64856,34524275.3,24-NOV-2023,5403,INE637C01025,
1758,POLICYBZR,EQ,810.25,825.0,808.0,823.35,817.1,803.75,453876,371657455.2,24-NOV-2023,26594,INE417T01026,
1759,POLYCAB,EQ,5254.0,5311.45,5204.55,5280.2,5265.0,5225.8,637746,3358081512.95,24-NOV-2023,50840,INE455K01017,
1760,POLYMED,EQ,1522.85,1539.0,1508.0,1530.45,1525.0,1509.55,36432,55637202.7,24-NOV-2023,6295,INE205C01021,
1761,POLYPLEX,EQ,1023.2,1029.75,1010.0,1017.4,1027.0,1018.1,122321,124052695.85,24-NOV-2023,9758,INE633B01018,
1762,PONNIERODE,EQ,439.25,448.05,425.0,426.0,426.5,439.25,54718,23623375.1,24-NOV-2023,4832,INE838E01017,
1763,POONAWALLA,EQ,366.2,366.7,356.25,357.95,359.0,365.05,1547516,557629755.2,24-NOV-2023,17278,INE511C01022,
1764,POONAWALLA,N6,1140.0,1140.0,1079.0,1079.0,1079.0,1149.99,6,6779.0,24-NOV-2023,2,INE511C07706,
1765,POWERGRID,EQ,211.3,212.1,209.5,210.45,209.8,210.9,7250200,1527595938.35,24-NOV-2023,70075,INE752E01010,
1766,POWERINDIA,EQ,4832.15,4920.5,4773.0,4831.15,4807.0,4832.15,45392,220482589.3,24-NOV-2023,9057,INE07Y701011,
1767,POWERMECH,EQ,3999.0,4002.2,3959.45,3991.3,3990.0,3996.65,11834,47166590.85,24-NOV-2023,2160,INE211R01019,
1768,PPAP,EQ,242.85,247.15,239.1,243.3,243.0,238.45,32022,7783052.2,24-NOV-2023,2042,INE095I01015,
1769,PPL,EQ,402.0,402.5,391.5,393.75,394.9,401.65,50731,20110048.9,24-NOV-2023,2640,INE050001010,
1770,PPLPHARMA,EQ,125.0,126.8,121.95,122.95,123.15,124.1,10227902,1273949021.7,24-NOV-2023,43702,INE0DK501011,
1771,PRAENG,BE,17.45,17.45,17.35,17.4,17.4,17.7,103230,1792281.5,24-NOV-2023,58,INE505C01016,
1772,PRAJIND,EQ,619.0,628.0,607.2,609.15,610.0,615.9,2114629,1305061528.9,24-NOV-2023,42271,INE074A01025,
1773,PRAKASH,BE,149.9,154.65,149.35,150.85,150.5,149.3,543092,82353915.7,24-NOV-2023,2596,INE603A01013,
1774,PRAKASHSTL,BE,5.6,5.6,5.55,5.55,5.55,5.5,99742,555614.8,24-NOV-2023,255,INE696K01024,
1775,PRAMARA,SM,106.7,107.9,102.25,103.35,103.0,99.05,62000,6525500.0,24-NOV-2023,31,INE0O7A01017,
1776,PRAXIS,BE,31.6,32.6,31.6,32.6,32.6,31.05,123823,4027298.35,24-NOV-2023,300,INE546Y01022,
1777,PRECAM,EQ,243.95,247.0,240.05,244.85,244.5,242.15,91424,22327261.2,24-NOV-2023,3709,INE484I01029,
1778,PRECISION,SM,37.1,37.1,36.8,37.0,37.0,36.75,10000,369600.0,24-NOV-2023,5,INE0HKW01018,
1779,PRECOT,EQ,223.2,226.3,218.1,223.2,222.05,223.15,3251,723873.75,24-NOV-2023,114,INE283A01014,
1780,PRECWIRE,EQ,117.55,117.8,113.65,113.95,114.35,116.6,213460,24536851.25,24-NOV-2023,3981,INE372C01037,
1781,PREMEXPLN,EQ,1517.0,1517.0,1449.9,1471.15,1481.85,1485.85,33055,48580639.2,24-NOV-2023,1929,INE863B01011,
1782,PREMIERPOL,BE,160.25,161.0,152.25,154.3,156.3,160.25,19909,3117304.3,24-NOV-2023,416,INE309M01012,
1783,PRESTIGE,EQ,924.75,931.0,893.55,925.05,915.0,916.75,1335321,1218603397.65,24-NOV-2023,38055,INE811K01011,
1784,PRICOLLTD,EQ,339.0,343.85,335.0,337.3,336.9,338.15,190505,64466585.75,24-NOV-2023,9765,INE726V01018,
1785,PRIMESECU,EQ,164.3,175.0,159.95,167.55,171.0,164.6,311312,52756289.55,24-NOV-2023,6015,INE032B01021,
1786,PRINCEPIPE,EQ,677.95,684.7,673.55,675.1,678.55,676.7,86527,58658103.45,24-NOV-2023,7652,INE689W01016,
1787,PRITI,EQ,234.95,236.9,227.0,228.05,227.2,229.75,65650,15286839.15,24-NOV-2023,1603,INE974Z01015,
1788,PRITIKA,SM,72.0,74.0,70.0,73.0,73.0,72.1,26000,1855500.0,24-NOV-2023,13,INE0MJQ01012,
1789,PRITIKAUTO,EQ,29.35,30.1,28.2,28.35,28.2,29.05,842276,24316800.3,24-NOV-2023,4207,INE583R01029,
1790,PRIVISCL,EQ,1284.8,1293.0,1266.0,1271.9,1266.0,1282.2,10055,12837734.35,24-NOV-2023,1662,INE959A01019,
1791,PROLIFE,SM,235.05,237.7,233.15,233.15,233.15,237.7,3500,823200.0,24-NOV-2023,7,INE994V01012,
1792,PROPEQUITY,SM,263.2,266.0,260.0,266.0,266.0,269.7,8400,2205540.0,24-NOV-2023,12,INE0KN801013,
1793,PROV,SM,1175.0,1175.0,1160.0,1160.0,1160.0,1189.0,320,373600.0,24-NOV-2023,2,INE0ONE01016,
1794,PROZONER,EQ,33.7,34.6,32.8,33.05,33.15,33.45,1249850,42092067.55,24-NOV-2023,3144,INE195N01013,
1795,PRSMJOHNSN,EQ,166.3,169.3,162.95,163.75,164.0,166.45,444745,73643251.6,24-NOV-2023,9587,INE010A01011,
1796,PRUDENT,EQ,1353.05,1355.0,1315.0,1320.35,1323.0,1357.7,56752,75225948.15,24-NOV-2023,13035,INE00F201020,
1797,PSB,EQ,41.25,41.55,40.5,40.7,40.6,41.2,956224,39214983.25,24-NOV-2023,3724,INE608A01012,
1798,PSPPROJECT,EQ,769.05,774.45,756.0,757.45,759.0,768.25,56354,43002523.5,24-NOV-2023,7684,INE488V01015,
1799,PSUBANKICI,EQ,50.88,51.18,49.98,50.02,50.16,50.18,154958,7774382.12,24-NOV-2023,769,INF109KC10S8,
1800,PSUBNKBEES,EQ,55.55,56.0,55.3,55.34,55.63,55.45,528621,29330407.45,24-NOV-2023,3154,INF204KB16I7,
1801,PTC,EQ,155.85,157.9,152.65,156.75,157.1,155.15,1986348,308349636.5,24-NOV-2023,24265,INE877F01012,
1802,PTCIL,EQ,5481.4,5639.9,5430.0,5540.6,5549.0,5478.45,1870,10305302.0,24-NOV-2023,569,INE596F01018,
1803,PTL,EQ,43.35,43.35,42.3,42.6,42.55,42.7,90227,3851845.1,24-NOV-2023,991,INE034D01049,
1804,PULZ,SM,105.7,105.7,105.7,105.7,105.7,100.7,22000,2325400.0,24-NOV-2023,10,INE335X01014,
1805,PUNJABCHEM,EQ,1170.0,1186.3,1157.7,1169.9,1174.5,1166.65,4356,5087193.3,24-NOV-2023,718,INE277B01014,
1806,PURVA,EQ,161.5,162.65,156.8,157.8,158.7,160.35,643468,102388019.8,24-NOV-2023,10677,INE323I01011,
1807,PVP,BE,13.2,13.45,13.2,13.45,13.45,13.2,43080,577542.25,24-NOV-2023,78,INE362A01016,
1808,PVRINOX,EQ,1650.55,1665.85,1645.55,1652.0,1650.0,1653.35,310173,514082509.8,24-NOV-2023,15196,INE191H01014,
1809,PYRAMID,EQ,199.9,209.8,199.85,205.95,206.5,199.2,293303,60327000.85,24-NOV-2023,8930,INE0MIS01010,
1810,QFIL,SM,95.5,95.5,95.5,95.5,95.5,93.0,3000,286500.0,24-NOV-2023,2,INE0O1M01015,
1811,QGOLDHALF,EQ,51.74,51.92,51.74,51.9,51.92,51.74,15214,789109.58,24-NOV-2023,349,INF082J01408,
1812,QMSMEDI,SM,141.0,145.0,141.0,144.1,145.0,140.55,12000,1715950.0,24-NOV-2023,12,INE0FMW01018,
1813,QNIFTY,EQ,2119.99,2119.99,2112.0,2117.0,2117.0,2119.08,74,156623.91,24-NOV-2023,16,INF082J01028,
1814,QUESS,EQ,499.45,504.9,491.55,493.85,495.0,495.25,414126,206023356.75,24-NOV-2023,15676,INE615P01015,
1815,QUICKHEAL,EQ,368.0,371.7,345.1,352.7,350.0,367.1,264117,95205335.35,24-NOV-2023,9113,INE306L01010,
1816,QUICKTOUCH,SM,218.0,218.0,209.95,211.65,210.0,221.0,6000,1284075.0,24-NOV-2023,12,INE0K4D01020,
1817,RACE,EQ,322.8,337.9,322.35,328.15,326.3,321.45,54008,17891821.0,24-NOV-2023,3637,INE084Q01012,
1818,RADAAN,BE,1.45,1.5,1.45,1.45,1.45,1.5,23294,33831.3,24-NOV-2023,26,INE874F01027,
1819,RADHIKAJWE,EQ,47.25,47.75,45.55,45.9,46.2,46.85,522972,24389914.4,24-NOV-2023,2357,INE583V01021,
1820,RADIANTCMS,EQ,90.8,91.5,88.5,89.0,88.9,90.2,978477,87980739.75,24-NOV-2023,4943,INE855R01021,
1821,RADICO,EQ,1460.0,1477.15,1420.0,1430.0,1421.0,1435.9,276009,398176798.35,24-NOV-2023,17284,INE944F01028,
1822,RADIOCITY,EQ,15.2,15.35,15.05,15.1,15.05,15.2,246440,3740890.85,24-NOV-2023,1108,INE919I01024,
1823,RADIOCITY,P1,92.75,93.8,92.75,93.8,93.8,92.75,16913,1582735.85,24-NOV-2023,29,INE919I04010,
1824,RAILTEL,EQ,291.8,296.35,282.8,287.05,288.9,292.15,8992210,2607941920.05,24-NOV-2023,55551,INE0DD101019,
1825,RAIN,EQ,146.9,147.0,142.5,143.5,143.7,146.4,1505666,216701038.1,24-NOV-2023,19229,INE855B01025,
1826,RAINBOW,EQ,1121.05,1141.7,1092.25,1096.55,1100.0,1120.9,117829,130975192.95,24-NOV-2023,13530,INE961O01016,
1827,RAJESHEXPO,EQ,355.0,358.55,352.0,353.55,353.4,355.0,628675,223176038.1,24-NOV-2023,14468,INE343B01030,
1828,RAJMET,BE,9.2,9.25,9.0,9.05,9.15,9.0,2223657,20171322.25,24-NOV-2023,4019,INE00KV01022,
1829,RAJRATAN,EQ,747.2,747.2,735.0,740.55,741.75,737.2,12144,8980291.05,24-NOV-2023,2063,INE451D01029,
1830,RAJRILTD,BE,30.3,30.9,29.7,29.7,29.7,30.3,21890,656733.65,24-NOV-2023,210,INE533D01032,
1831,RAJSREESUG,BE,54.05,54.05,54.05,54.05,54.05,53.0,139924,7562892.2,24-NOV-2023,36,INE562B01019,
1832,RAJTV,EQ,53.3,54.0,51.9,52.2,52.1,53.35,3551,187330.6,24-NOV-2023,190,INE952H01027,
1833,RALLIS,EQ,230.25,233.3,226.0,227.5,226.5,228.7,1391041,319694782.35,24-NOV-2023,17392,INE613A01020,
1834,RAMANEWS,EQ,16.9,17.3,16.8,17.05,17.2,16.7,498725,8509689.3,24-NOV-2023,1684,INE278B01020,
1835,RAMAPHO,EQ,218.7,219.75,212.5,213.95,213.75,215.55,11033,2386840.25,24-NOV-2023,721,INE809A01024,
1836,RAMASTEEL,EQ,37.35,37.6,36.5,37.0,36.85,37.55,1444953,53576285.25,24-NOV-2023,4908,INE230R01035,
1837,RAMCOCEM,EQ,966.7,974.45,959.1,961.85,960.1,966.65,144669,139684438.2,24-NOV-2023,7099,INE331A01037,
1838,RAMCOIND,EQ,217.8,224.0,210.45,214.0,216.45,216.7,448180,98362569.45,24-NOV-2023,10682,INE614A01028,
1839,RAMCOSYS,EQ,269.2,282.95,269.2,280.45,279.0,270.85,89167,24789813.5,24-NOV-2023,3867,INE246B01019,
1840,RAMKY,EQ,768.0,784.35,759.9,770.7,769.0,768.75,70886,54741970.7,24-NOV-2023,6499,INE874I01013,
1841,RAMRAT,EQ,278.4,288.1,278.4,285.95,285.55,278.4,109570,31140530.0,24-NOV-2023,5207,INE207E01023,
1842,RANASUG,EQ,24.75,24.85,24.2,24.4,24.35,24.7,1501366,36645544.05,24-NOV-2023,3229,INE625B01014,
1843,RANEENGINE,EQ,323.1,328.9,320.05,324.5,324.3,321.5,3818,1238725.65,24-NOV-2023,300,INE222J01013,
1844,RANEHOLDIN,EQ,1265.0,1335.2,1250.0,1260.0,1268.8,1248.15,45683,59096316.95,24-NOV-2023,6524,INE384A01010,
1845,RATEGAIN,EQ,666.5,672.0,657.0,660.15,659.15,661.15,675522,446924631.8,24-NOV-2023,21096,INE0CLI01024,
1846,RATNAMANI,EQ,3574.7,3618.0,3482.05,3529.1,3510.0,3572.8,38559,137080073.75,24-NOV-2023,8805,INE703B01027,
1847,RATNAVEER,EQ,119.65,120.35,118.0,118.35,118.85,118.85,182733,21717894.3,24-NOV-2023,3108,INE05CZ01011,
1848,RAYMOND,EQ,1670.95,1690.0,1641.0,1648.45,1647.0,1670.95,399775,664156382.95,24-NOV-2023,24440,INE301A01014,
1849,RBA,EQ,113.0,118.3,112.35,115.6,116.0,112.15,3371600,392100636.15,24-NOV-2023,21713,INE07T201019,
1850,RBL,EQ,835.0,864.9,835.0,846.1,852.05,844.35,24433,20856282.15,24-NOV-2023,4216,INE244J01017,
1851,RBLBANK,EQ,239.5,240.45,233.25,234.5,235.5,238.85,6815419,1612308728.25,24-NOV-2023,45949,INE976G01028,
1852,RBMINFRA,SM,275.0,281.9,272.25,281.9,281.9,277.5,25000,7013850.0,24-NOV-2023,14,INE0NA301016,
1853,RCDL,SM,54.0,54.0,52.3,52.75,53.0,53.55,66000,3493650.0,24-NOV-2023,22,INE0BZQ01011,
1854,RCF,EQ,124.1,125.45,123.2,123.6,123.75,123.65,2054972,255220365.75,24-NOV-2023,11177,INE027A01015,
1855,RCOM,BE,1.8,1.8,1.7,1.75,1.8,1.75,4104049,7252842.35,24-NOV-2023,2235,INE330H01018,
1856,RECLTD,EQ,342.25,342.3,337.3,337.95,337.7,341.25,7468477,2536223799.75,24-NOV-2023,57379,INE020B01018,
1857,RECLTD,N9,1136.2,1137.0,1136.0,1136.0,1136.0,1139.31,698,793269.14,24-NOV-2023,29,INE020B07HS2,
1858,RECLTD,NE,1022.5,1025.0,1020.0,1022.0,1022.0,1021.19,579,593213.5,24-NOV-2023,9,INE020B07IF7,
1859,RECLTD,NI,1119.9,1119.9,1108.01,1108.02,1108.02,1108.54,155,171806.85,24-NOV-2023,6,INE020B07GH7,
1860,REDINGTON,EQ,158.15,163.45,158.0,162.25,162.0,158.15,2465789,400070018.1,24-NOV-2023,25895,INE891D01026,
1861,REDTAPE,EQ,494.0,501.45,485.2,493.65,485.2,490.45,172862,85680449.65,24-NOV-2023,15020,INE0LXT01019,
1862,REFEX,EQ,539.0,543.45,532.6,534.45,534.0,534.45,39863,21414700.95,24-NOV-2023,1933,INE056I01017,
1863,REGENCERAM,BE,42.7,42.95,41.5,42.95,42.95,40.95,7722,330281.3,24-NOV-2023,68,INE277C01012,
1864,RELAXO,EQ,893.3,899.0,885.75,887.7,888.0,893.3,40451,35994187.9,24-NOV-2023,5831,INE131B01039,
1865,RELCHEMQ,EQ,280.0,284.0,280.0,281.3,282.5,280.1,44162,12446651.85,24-NOV-2023,1593,INE750D01016,
1866,RELIANCE,EQ,2391.6,2402.6,2391.05,2393.9,2394.25,2395.5,3374743,8090226237.15,24-NOV-2023,182231,INE002A01018,
1867,RELIGARE,EQ,219.65,223.0,218.0,218.35,218.9,219.4,686576,151269456.7,24-NOV-2023,11746,INE621H01010,
1868,RELINFRA,EQ,175.0,176.8,171.7,173.45,173.25,174.25,842250,146379879.6,24-NOV-2023,4676,INE036A01016,
1869,REMSONSIND,BE,606.1,606.1,606.1,606.1,606.1,594.25,1869,1132800.9,24-NOV-2023,35,INE474C01015,
1870,REMUS,SM,5498.85,5500.0,5160.0,5463.8,5498.0,5360.0,1000,5434673.75,24-NOV-2023,32,INE0O5T01011,
1871,RENUKA,EQ,52.0,52.15,50.3,50.45,50.55,51.9,9245814,470894587.3,24-NOV-2023,19762,INE087H01022,
1872,REPCOHOME,EQ,387.3,394.9,385.0,388.5,388.0,386.05,233394,90819987.55,24-NOV-2023,13562,INE612J01015,
1873,REPL,EQ,219.95,235.7,219.85,228.25,228.0,215.05,451927,104220428.9,24-NOV-2023,11674,INE364Z01019,
1874,REPRO,EQ,821.9,830.0,803.85,825.9,829.0,821.9,10812,8857887.75,24-NOV-2023,753,INE461B01014,
1875,RESPONIND,EQ,326.9,330.5,320.65,326.15,325.35,325.05,54668,17819736.05,24-NOV-2023,4107,INE688D01026,
1876,REXPIPES,SM,72.05,72.1,72.05,72.1,72.1,68.7,6000,432500.0,24-NOV-2023,3,INE00D001018,
1877,RGL,EQ,101.85,102.55,96.8,99.2,100.3,101.1,110104,11032886.6,24-NOV-2023,1373,INE722H01024,
1878,RHFL,BE,1.95,1.95,1.95,1.95,1.95,1.95,391178,762797.1,24-NOV-2023,435,INE217K01011,
1879,RHIM,EQ,745.0,748.95,730.6,734.2,734.65,739.65,191846,141550552.55,24-NOV-2023,10639,INE743M01012,
1880,RHL,EQ,101.5,103.25,100.95,102.55,101.55,101.5,20631,2112094.7,24-NOV-2023,242,INE508K01013,
1881,RICHA,SM,102.6,102.6,100.0,102.6,102.6,97.75,65000,6655350.0,24-NOV-2023,54,INE0J1P01015,
1882,RICOAUTO,EQ,97.0,99.3,94.95,95.7,95.9,97.25,2022548,196754552.3,24-NOV-2023,12486,INE209B01025,
1883,RIIL,EQ,1114.7,1118.85,1088.1,1091.0,1093.0,1108.3,225719,249172229.0,24-NOV-2023,9641,INE046A01015,
1884,RILINFRA,SM,94.0,101.0,94.0,95.45,96.0,92.95,37200,3585820.0,24-NOV-2023,70,INE02OY01016,
1885,RISHABH,EQ,509.65,520.0,509.65,516.05,515.0,509.9,122175,63170432.5,24-NOV-2023,11553,INE0N2P01017,
1886,RITCO,EQ,253.0,262.35,253.0,256.5,256.7,249.9,80122,20753168.95,24-NOV-2023,1805,INE01EG01016,
1887,RITES,EQ,470.0,478.0,468.0,469.1,468.7,472.15,458192,216074157.05,24-NOV-2023,12169,INE320J01015,
1888,RITEZONE,SM,63.0,67.95,61.8,67.0,66.7,61.6,81600,5346800.0,24-NOV-2023,51,INE0MRA01019,
1889,RKDL,BE,21.4,21.4,21.05,21.05,21.05,21.4,4335,92418.65,24-NOV-2023,41,INE722J01012,
1890,RKEC,EQ,75.2,76.7,74.35,75.95,75.0,75.2,119509,9039668.85,24-NOV-2023,3013,INE786W01010,
1891,RKFORGE,EQ,760.0,764.75,755.0,760.2,757.0,760.9,327943,248430990.5,24-NOV-2023,16509,INE399G01023,
1892,RMCL,BZ,1.85,1.85,1.75,1.75,1.75,1.85,52508,92641.25,24-NOV-2023,62,INE172H01014,
1893,RMDRIP,SM,79.8,79.8,79.75,79.8,79.8,76.0,6000,478700.0,24-NOV-2023,3,INE219Y01018,
1894,RML,EQ,824.65,826.4,804.4,822.7,825.0,808.55,10361,8503666.85,24-NOV-2023,992,INE050H01012,
1895,ROHLTD,EQ,293.35,303.3,292.35,297.85,297.25,293.35,101921,30312008.65,24-NOV-2023,8073,INE283H01019,
1896,ROLEXRINGS,EQ,2305.0,2326.65,2285.55,2301.25,2295.0,2305.0,6999,16165163.0,24-NOV-2023,2026,INE645S01016,
1897,ROLLT,BE,1.3,1.3,1.3,1.3,1.3,1.25,289922,376898.6,24-NOV-2023,77,INE927A01040,
1898,ROML,EQ,49.45,49.95,48.25,48.9,49.45,49.1,12093,593620.0,24-NOV-2023,341,INE294G01026,
1899,ROSSARI,EQ,713.35,715.5,706.0,711.95,714.1,709.85,47288,33554968.65,24-NOV-2023,6728,INE02A801020,
1900,ROSSELLIND,EQ,466.9,471.95,453.5,454.85,457.4,466.9,40082,18370107.35,24-NOV-2023,3818,INE847C01020,
1901,ROTO,EQ,416.8,419.85,410.3,412.1,413.2,416.2,53128,21992959.25,24-NOV-2023,3959,INE535D01029,
1902,ROUTE,EQ,1555.05,1557.7,1535.0,1540.35,1540.15,1556.4,71403,110211152.15,24-NOV-2023,3889,INE450U01017,
1903,ROXHITECH,ST,189.8,189.8,171.8,176.15,171.8,180.8,854400,158136080.0,24-NOV-2023,410,INE0PDJ01013,
1904,RPGLIFE,EQ,1413.1,1436.65,1390.0,1395.8,1399.0,1406.05,14065,19870509.85,24-NOV-2023,2956,INE105J01010,
1905,RPOWER,EQ,21.4,21.5,20.7,20.9,20.9,21.35,72667677,1529048080.1,24-NOV-2023,75618,INE614G01033,
1906,RPPINFRA,BE,92.35,92.35,92.35,92.35,92.35,94.2,49399,4561997.65,24-NOV-2023,205,INE324L01013,
1907,RPPL,EQ,212.75,212.75,205.3,206.85,207.25,209.75,21201,4403690.9,24-NOV-2023,555,INE760W01015,
1908,RPSGVENT,EQ,720.9,726.7,690.0,694.9,695.75,717.05,245383,172721862.15,24-NOV-2023,13102,INE425Y01011,
1909,RRKABEL,EQ,1696.6,1717.95,1655.35,1666.9,1670.0,1682.9,330905,557023735.5,24-NOV-2023,19655,INE777K01022,
1910,RSSOFTWARE,BE,60.5,60.6,59.45,60.6,60.6,59.45,21920,1324470.25,24-NOV-2023,63,INE165B01029,
1911,RSWM,EQ,199.1,200.0,192.0,193.9,194.5,198.25,169101,33131228.9,24-NOV-2023,6781,INE611A01016,
1912,RSYSTEMS,EQ,492.0,497.9,486.1,490.7,486.1,496.5,33517,16456354.15,24-NOV-2023,1827,INE411H01032,
1913,RTNINDIA,EQ,78.0,81.6,76.75,78.0,77.9,76.75,25650988,2023950882.05,24-NOV-2023,59741,INE834M01019,
1914,RTNPOWER,EQ,9.9,10.1,9.35,9.7,9.75,9.65,133967123,1307218331.5,24-NOV-2023,78726,INE399K01017,
1915,RUBYMILLS,EQ,221.05,223.7,220.05,220.7,223.5,221.05,10341,2286534.9,24-NOV-2023,585,INE301D01026,
1916,RUCHINFRA,BE,12.85,13.0,12.4,12.4,12.6,12.8,317724,3991335.1,24-NOV-2023,636,INE413B01023,
1917,RUCHIRA,EQ,132.0,132.0,127.35,128.1,128.1,128.8,55178,7123568.85,24-NOV-2023,908,INE803H01014,
1918,RUPA,EQ,271.8,282.8,270.2,273.5,273.0,270.7,648328,179425325.05,24-NOV-2023,16110,INE895B01021,
1919,RUSHIL,EQ,379.9,406.9,379.9,387.7,389.4,378.65,1316581,521298376.8,24-NOV-2023,33107,INE573K01017,
1920,RUSTOMJEE,EQ,545.0,545.45,535.5,536.65,536.0,539.7,16095,8703012.75,24-NOV-2023,890,INE263M01029,
1921,RVHL,BE,34.8,35.6,34.7,35.0,35.25,34.95,4160,145434.2,24-NOV-2023,47,INE09E501017,
1922,RVNL,EQ,166.95,168.5,165.3,167.0,167.15,166.8,9140137,1525337316.7,24-NOV-2023,48927,INE415G01027,
1923,S&SPOWER,BE,135.1,135.1,132.4,132.4,132.4,135.1,2960,393589.4,24-NOV-2023,21,INE902B01017,
1924,SAAKSHI,SM,238.0,258.6,237.9,254.3,254.5,235.0,93600,23392260.0,24-NOV-2023,75,INE0PSK01027,
1925,SABEVENTS,BE,4.35,4.35,4.35,4.35,4.35,4.35,30,130.5,24-NOV-2023,1,INE860T01019,
1926,SADBHAV,BE,20.65,20.65,20.65,20.65,20.65,20.25,95103,1963876.95,24-NOV-2023,129,INE226H01026,
1927,SADBHIN,BE,4.6,4.6,4.6,4.6,4.6,4.7,68546,315311.6,24-NOV-2023,72,INE764L01010,
1928,SADHNANIQ,EQ,90.8,91.7,89.3,90.0,90.0,90.7,356550,32214032.4,24-NOV-2023,3214,INE888C01040,
1929,SAFARI,EQ,4495.0,4514.9,4447.7,4493.15,4490.0,4464.8,40139,180442321.55,24-NOV-2023,6942,INE429E01023,
1930,SAGARDEEP,EQ,26.8,26.8,26.35,26.5,26.7,26.85,19636,520928.9,24-NOV-2023,150,INE976T01013,
1931,SAGCEM,EQ,247.55,263.85,247.55,255.1,253.0,249.5,961325,248626280.45,24-NOV-2023,20207,INE229C01021,
1932,SAH,EQ,113.7,119.95,111.4,117.55,118.3,113.7,887267,101945849.5,24-NOV-2023,3576,INE035801013,
1933,SAHAJ,SM,21.6,23.25,21.6,22.15,22.3,21.6,20000,446600.0,24-NOV-2023,5,INE013901017,
1934,SAHANA,SM,600.0,605.0,584.0,590.05,600.0,609.95,46500,27697575.0,24-NOV-2023,87,INE0LEX01011,
1935,SAHYADRI,EQ,399.65,407.0,390.05,403.15,403.9,391.85,6421,2567417.75,24-NOV-2023,797,INE280H01015,
1936,SAIL,EQ,89.6,90.65,89.0,89.2,89.15,89.85,9598262,860697615.55,24-NOV-2023,24144,INE114A01011,
1937,SAKAR,EQ,401.35,408.0,390.25,393.7,394.2,398.55,19022,7575991.0,24-NOV-2023,1610,INE732S01012,
1938,SAKHTISUG,EQ,31.45,31.5,30.45,31.1,31.05,31.25,1417805,43741549.85,24-NOV-2023,3246,INE623A01011,
1939,SAKSOFT,BE,347.9,353.0,346.0,349.05,349.95,347.9,31969,11201142.5,24-NOV-2023,1049,INE667G01023,
1940,SAKUMA,BE,15.5,16.1,15.5,15.8,15.95,15.75,62409,989102.0,24-NOV-2023,331,INE190H01024,
1941,SALASAR,EQ,50.6,52.85,49.95,51.5,51.45,50.35,1679109,86471731.25,24-NOV-2023,6292,INE170V01027,
1942,SALONA,EQ,298.3,298.3,292.0,293.4,292.0,292.8,895,263492.2,24-NOV-2023,134,INE498E01010,
1943,SALSTEEL,EQ,18.6,18.75,18.0,18.15,18.0,18.45,154394,2817448.9,24-NOV-2023,995,INE658G01014,
1944,SALZERELEC,EQ,365.15,367.6,362.5,365.15,365.7,365.15,57137,20820157.45,24-NOV-2023,3250,INE457F01013,
1945,SAMBHAAV,EQ,3.75,4.4,3.65,4.4,4.4,3.7,1068585,4555268.8,24-NOV-2023,1377,INE699B01027,
1946,SAMHI,EQ,163.7,178.8,162.0,170.75,170.0,162.85,3977350,685636687.95,24-NOV-2023,47413,INE08U801020,
1947,SAMPANN,EQ,19.45,19.85,18.9,19.5,19.0,19.05,439506,8496932.55,24-NOV-2023,4198,INE735M01018,
1948,SANCO,BZ,6.9,6.9,6.65,6.65,6.65,6.6,13839,95087.2,24-NOV-2023,43,INE782L01012,
1949,SANDESH,EQ,1003.25,1031.2,1003.05,1008.65,1010.0,1018.35,720,730205.85,24-NOV-2023,161,INE583B01015,
1950,SANDHAR,EQ,516.55,521.0,495.0,498.85,500.0,516.2,162420,82103854.7,24-NOV-2023,11256,INE278H01035,
1951,SANDUMA,EQ,1590.0,1624.9,1551.85,1563.05,1570.0,1593.75,28421,45346631.5,24-NOV-2023,4089,INE149K01016,
1952,SANGAMIND,EQ,323.0,325.35,315.5,318.15,318.55,320.8,21210,6777238.5,24-NOV-2023,1841,INE495C01010,
1953,SANGANI,SM,38.0,38.3,38.0,38.3,38.3,38.5,9000,342900.0,24-NOV-2023,3,INE0OVI01010,
1954,SANGHIIND,EQ,113.65,115.0,113.45,114.1,114.25,113.95,794564,90750211.85,24-NOV-2023,8434,INE999B01013,
1955,SANGHVIMOV,EQ,789.95,797.9,775.0,790.7,793.95,789.85,76121,59558387.55,24-NOV-2023,11717,INE989A01024,
1956,SANGINITA,EQ,26.45,27.0,25.3,25.7,25.35,26.65,78628,2053916.6,24-NOV-2023,530,INE753W01010,
1957,SANOFI,EQ,8025.25,8047.35,7970.65,8029.5,8030.0,7984.9,31910,255685379.9,24-NOV-2023,5514,INE058A01010,
1958,SANSERA,EQ,850.0,855.55,844.0,848.1,847.65,849.65,92050,78226964.05,24-NOV-2023,11487,INE953O01021,
1959,SAPPHIRE,EQ,1408.0,1429.1,1392.05,1405.0,1410.0,1402.85,65230,92529190.15,24-NOV-2023,10289,INE806T01012,
1960,SARDAEN,EQ,231.3,237.15,230.5,235.25,234.45,232.6,94948,22169901.2,24-NOV-2023,6784,INE385C01021,
1961,SAREGAMA,EQ,374.85,379.8,370.1,374.35,376.15,374.2,420352,157469971.35,24-NOV-2023,14007,INE979A01025,
1962,SARLAPOLY,EQ,51.4,52.0,50.1,50.45,50.75,50.7,221759,11312556.3,24-NOV-2023,2155,INE453D01025,
1963,SARTELE,SM,130.0,139.0,125.0,131.9,131.0,120.6,728000,96642000.0,24-NOV-2023,336,INE0PUC01020,
1964,SARVESHWAR,BE,4.75,4.75,4.75,4.75,4.75,4.75,206004,978519.0,24-NOV-2023,306,INE324X01026,
1965,SASKEN,EQ,1204.2,1225.25,1181.2,1194.7,1185.15,1192.4,5982,7151238.55,24-NOV-2023,1476,INE231F01020,
1966,SASTASUNDR,EQ,440.3,454.45,430.35,433.45,433.1,439.85,90480,40071443.75,24-NOV-2023,2987,INE019J01013,
1967,SATIA,EQ,115.3,116.65,115.1,115.5,115.2,115.1,254155,29390266.25,24-NOV-2023,3033,INE170E01023,
1968,SATIN,EQ,241.4,246.75,240.2,243.2,243.7,239.55,254598,61978970.6,24-NOV-2023,6980,INE836B01017,
1969,SATINDLTD,EQ,106.7,114.0,106.2,107.7,107.7,105.2,2898243,316315289.1,24-NOV-2023,20327,INE065D01027,
1970,SBC,EQ,33.55,35.0,30.7,31.15,30.95,33.3,6838443,221284515.65,24-NOV-2023,16869,INE04AK01028,
1971,SBCL,EQ,540.05,549.3,540.05,542.45,540.7,539.6,53777,29234634.15,24-NOV-2023,7034,INE386D01027,
1972,SBFC,EQ,88.6,88.8,87.4,87.75,87.8,87.9,1266553,111487497.4,24-NOV-2023,11607,INE423Y01016,
1973,SBGLP,EQ,478.75,509.7,470.0,500.35,500.0,469.4,183013,89932001.85,24-NOV-2023,11347,INE05ST01010,
1974,SBICARD,EQ,740.0,744.35,735.55,739.15,739.1,738.95,930896,689130256.45,24-NOV-2023,20275,INE018E01016,
1975,SBIETFCON,EQ,89.3,89.64,89.09,89.19,89.09,89.26,1156,103286.51,24-NOV-2023,57,INF200KA1X17,
1976,SBIETFIT,EQ,340.5,340.58,338.02,338.87,339.0,341.88,9299,3154583.9,24-NOV-2023,181,INF200KA1S14,
1977,SBIETFPB,EQ,229.0,230.99,228.81,230.33,230.4,228.99,1293,297087.29,24-NOV-2023,50,INF200KA1S22,
1978,SBIETFQLTY,EQ,180.0,180.0,178.71,178.78,178.71,179.99,700,125431.79,24-NOV-2023,51,INF200KA1WX6,
1979,SBILIFE,EQ,1414.0,1418.95,1401.05,1409.7,1404.75,1410.95,387896,546559388.35,24-NOV-2023,29829,INE123W01016,
1980,SBIN,EQ,561.95,562.45,559.25,560.35,560.7,559.95,6529851,3660804948.55,24-NOV-2023,155259,INE062A01020,
1981,SCHAEFFLER,EQ,2850.0,2864.95,2786.3,2794.95,2806.0,2842.65,73829,208438043.45,24-NOV-2023,13912,INE513A01022,
1982,SCHAND,EQ,279.95,284.95,272.35,274.95,274.9,277.4,68515,19174041.05,24-NOV-2023,4235,INE807K01035,
1983,SCHNEIDER,EQ,332.8,337.5,332.0,334.4,335.0,331.6,231492,77506057.75,24-NOV-2023,7890,INE839M01018,
1984,SCI,EQ,133.9,137.95,133.45,134.1,134.25,133.3,3057901,415449080.55,24-NOV-2023,14920,INE109A01011,
1985,SCML,SM,79.0,79.0,77.2,77.75,77.5,77.75,36000,2818200.0,24-NOV-2023,18,INE460Q01014,
1986,SCPL,EQ,353.95,353.95,341.0,344.3,343.25,350.0,6613,2291006.75,24-NOV-2023,776,INE501Y01019,
1987,SDBL,EQ,302.0,303.0,298.0,300.3,299.5,300.75,127004,38238808.7,24-NOV-2023,4378,INE480C01020,
1988,SDL24BEES,EQ,117.2,117.29,117.2,117.29,117.29,117.2,499,58499.52,24-NOV-2023,12,INF204KB18W4,
1989,SDL26BEES,EQ,116.45,116.5,116.28,116.5,116.5,116.45,384,44701.46,24-NOV-2023,16,INF204KC1022,
1990,SEAMECLTD,EQ,920.25,942.0,910.0,914.25,911.0,921.85,202550,186661531.2,24-NOV-2023,7143,INE497B01018,
1991,SECMARK,EQ,91.55,91.85,85.2,87.55,86.75,89.2,22987,2055601.9,24-NOV-2023,2667,INE0BTM01013,
1992,SECURCRED,EQ,20.1,21.0,19.25,19.75,20.0,20.1,207253,4179072.6,24-NOV-2023,804,INE195Y01010,
1993,SECURKLOUD,EQ,38.1,39.15,38.05,39.15,39.15,37.3,65281,2545766.45,24-NOV-2023,393,INE650K01021,
1994,SEJALLTD,BE,259.3,259.95,245.0,249.55,254.0,252.3,1561,389436.0,24-NOV-2023,45,INE955I01044,
1995,SEL,SM,213.5,213.5,213.35,213.35,213.35,216.15,2400,512200.0,24-NOV-2023,3,INE0O3O01017,
1996,SELAN,EQ,520.0,522.0,500.25,503.85,502.95,513.2,145307,73898968.15,24-NOV-2023,10305,INE818A01017,
1997,SELMC,BE,95.0,95.0,91.5,91.7,92.95,93.35,20879,1918107.65,24-NOV-2023,369,INE105I01020,
1998,SEMAC,BE,2192.0,2192.0,2192.0,2192.0,2192.0,2192.0,52,113984.0,24-NOV-2023,8,INE617A01013,
1999,SENCO,EQ,745.0,764.8,726.3,731.3,730.0,741.4,443373,330000669.95,24-NOV-2023,16964,INE602W01019,
2000,SENSEXETF,EQ,66.49,66.53,65.85,66.29,66.45,66.21,2638,174601.73,24-NOV-2023,93,INF769K01KT9,
2001,SEPC,EQ,20.75,21.25,20.55,20.55,20.55,21.6,32627997,675522551.7,24-NOV-2023,12819,INE964H01014,
2002,SEQUENT,EQ,118.0,123.9,115.2,123.0,122.65,118.2,12978532,1566603342.9,24-NOV-2023,51245,INE807F01027,
2003,SERVICE,SM,54.65,54.65,54.65,54.65,54.65,56.2,2000,109300.0,24-NOV-2023,1,INE0P1Q01015,
2004,SERVOTECH,BE,79.0,79.9,77.55,78.4,77.75,77.9,1269931,100222210.55,24-NOV-2023,3216,INE782X01033,
2005,SESHAPAPER,EQ,332.5,334.05,326.0,327.05,326.35,330.8,49089,16155822.75,24-NOV-2023,2616,INE630A01024,
2006,SETCO,BE,6.8,6.8,6.7,6.7,6.7,6.8,92039,617931.5,24-NOV-2023,70,INE878E01021,
2007,SETF10GILT,EQ,219.41,220.24,219.41,220.0,220.1,219.95,13745,3022789.61,24-NOV-2023,44,INF200KA1JT1,
2008,SETFGOLD,EQ,53.51,53.6,53.42,53.55,53.6,53.55,560866,30006115.55,24-NOV-2023,1300,INF200KA16D8,
2009,SETFNIF50,EQ,206.87,207.13,206.25,206.58,206.59,206.62,186404,38489695.81,24-NOV-2023,1477,INF200KA1FS1,
2010,SETFNIFBK,EQ,441.57,443.0,440.07,441.96,443.0,440.55,101234,44659812.31,24-NOV-2023,2147,INF200KA1580,
2011,SETFNN50,EQ,492.0,492.84,490.01,490.09,490.1,491.39,6690,3284071.67,24-NOV-2023,310,INF200KA1598,
2012,SEYAIND,BE,20.75,20.75,20.3,20.3,20.3,20.7,69315,1416618.75,24-NOV-2023,66,INE573R01012,
2013,SFL,EQ,1170.3,1192.45,1152.55,1156.0,1155.0,1159.05,71872,84238189.85,24-NOV-2023,8892,INE916U01025,
2014,SGBAPR28I,GB,6032.0,6060.0,6001.0,6007.52,6002.0,6030.0,96,578451.5,24-NOV-2023,33,IN0020200062,
2015,SGBAUG24,GB,6061.0,6100.0,6030.0,6032.68,6031.0,6050.0,182,1101246.34,24-NOV-2023,32,IN0020160027,
2016,SGBAUG27,GB,6110.0,6110.0,6110.0,6110.0,6110.0,6263.33,1,6110.0,24-NOV-2023,1,IN0020190107,
2017,SGBAUG28V,GB,6035.0,6045.0,6025.0,6041.34,6045.0,6031.26,870,5248224.47,24-NOV-2023,67,IN0020200161,
2018,SGBAUG29V,GB,6035.0,6047.0,6011.0,6025.94,6047.0,6029.0,181,1091513.45,24-NOV-2023,25,IN0020210129,
2019,SGBAUG30,GB,6075.0,6098.0,6055.0,6092.5,6095.0,6071.54,44,267204.28,24-NOV-2023,18,IN0020220078,
2020,SGBD29VIII,GB,6031.0,6070.0,6030.02,6060.0,6060.0,6050.0,316,1911465.57,24-NOV-2023,38,IN0020210228,
2021,SGBDC27VII,GB,6080.0,6080.0,6020.0,6021.0,6021.0,6095.0,12,72421.0,24-NOV-2023,5,IN0020190461,
2022,SGBDE30III,GB,6032.01,6084.0,6032.01,6055.15,6055.15,6055.0,75,455010.99,24-NOV-2023,27,IN0020220110,
2023,SGBDEC25,GB,6248.0,6248.0,6248.0,6248.0,6248.0,6250.0,3,18744.0,24-NOV-2023,2,IN0020170125,
2024,SGBDEC2512,GB,6100.0,6100.0,6100.0,6100.0,6100.0,6188.0,11,67100.0,24-NOV-2023,2,IN0020170141,
2025,SGBDEC2513,GB,6070.0,6070.0,6070.0,6070.0,6070.0,6075.0,10,60700.0,24-NOV-2023,4,IN0020170158,
2026,SGBDEC26,GB,6080.0,6080.0,6055.0,6060.0,6060.0,6080.0,52,315315.0,24-NOV-2023,8,IN0020180389,
2027,SGBFEB24,GB,6120.0,6120.0,6050.01,6060.0,6060.0,6041.82,92,557291.75,24-NOV-2023,13,IN0020150101,
2028,SGBFEB27,GB,6025.0,6025.0,6025.0,6025.0,6025.0,6020.0,3,18075.0,24-NOV-2023,1,IN0020180561,
2029,SGBFEB28IX,GB,6060.0,6060.0,6005.2,6060.0,6060.0,6000.11,27,162963.38,24-NOV-2023,5,IN0020190545,
2030,SGBFEB29XI,GB,6037.0,6037.0,6001.0,6029.65,6029.65,6038.0,26,156189.05,24-NOV-2023,10,IN0020200393,
2031,SGBJ28VIII,GB,5981.1,6049.9,5981.1,6048.9,6048.9,6009.1,13,78280.92,24-NOV-2023,4,IN0020190537,
2032,SGBJAN26,GB,6100.0,6100.0,6100.0,6100.0,6100.0,6015.0,1,6100.0,24-NOV-2023,1,IN0020170166,
2033,SGBJAN29IX,GB,6011.0,6049.0,6011.0,6030.0,6030.0,6049.21,110,663000.16,24-NOV-2023,20,IN0020200377,
2034,SGBJAN29X,GB,6024.26,6060.0,5980.0,6060.0,6060.0,6024.26,1113,6668123.63,24-NOV-2023,35,IN0020200385,
2035,SGBJAN30IX,GB,6044.5,6050.0,6015.0,6045.0,6045.0,6019.7,78,470982.0,24-NOV-2023,16,IN0020210236,
2036,SGBJU29III,GB,6068.97,6074.5,6040.59,6073.99,6073.99,6063.58,193,1171246.9,24-NOV-2023,16,IN0020210087,
2037,SGBJUL25,GB,6015.0,6051.1,6015.0,6050.0,6050.0,6050.0,34,205697.1,24-NOV-2023,5,IN0020170034,
2038,SGBJUL28IV,GB,6035.0,6044.99,6022.02,6026.01,6026.01,6024.66,88,531817.29,24-NOV-2023,13,IN0020200146,
2039,SGBJUL29IV,GB,6025.0,6035.0,6012.1,6024.54,6025.0,6025.0,70,421822.37,24-NOV-2023,14,IN0020210111,
2040,SGBJUN27,GB,6030.0,6030.0,6030.0,6030.0,6030.0,6010.02,1,6030.0,24-NOV-2023,1,IN0020190073,
2041,SGBJUN28,GB,6050.0,6059.9,6040.15,6044.59,6045.0,6034.77,36,217777.11,24-NOV-2023,7,IN0020200104,
2042,SGBJUN29II,GB,6060.25,6071.0,6060.25,6071.0,6071.0,6055.5,32,194066.3,24-NOV-2023,9,IN0020210061,
2043,SGBJUN30,GB,6035.0,6060.0,6025.0,6056.8,6050.0,6035.0,151,912377.05,24-NOV-2023,22,IN0020220045,
2044,SGBJUN31I,GB,6047.76,6075.0,6028.02,6057.99,6075.0,6047.76,874,5294791.16,24-NOV-2023,86,IN0020230069,
2045,SGBMAR25,GB,6055.01,6078.0,6013.21,6049.25,6013.21,6013.14,276,1668305.19,24-NOV-2023,21,IN0020160126,
2046,SGBMAR28X,GB,6002.42,6002.42,5990.15,6000.0,6000.0,6002.42,34,203924.22,24-NOV-2023,10,IN0020190552,
2047,SGBMAR30X,GB,6055.0,6147.5,6050.0,6147.37,6147.5,6055.0,19,115768.5,24-NOV-2023,11,IN0020210319,
2048,SGBMAR31IV,GB,6010.0,6040.0,6010.0,6031.0,6031.0,6009.83,145,873823.31,24-NOV-2023,38,IN0020220169,
2049,SGBMAY25,GB,6079.99,6079.99,6035.0,6035.0,6035.0,6040.0,11,66834.72,24-NOV-2023,3,IN0020170018,
2050,SGBMAY26,GB,6050.0,6051.0,6031.03,6050.0,6050.0,6049.0,18,108730.27,24-NOV-2023,8,IN0020180033,
2051,SGBMAY28,GB,6005.1,6028.99,6005.1,6027.85,6027.85,6032.95,34,204852.77,24-NOV-2023,6,IN0020200088,
2052,SGBMAY29I,GB,6030.0,6040.0,5999.99,6008.09,6021.99,6079.94,1420,8546785.27,24-NOV-2023,184,IN0020210053,
2053,SGBMR29XII,GB,6016.0,6050.0,6010.0,6014.66,6015.0,6011.5,340,2047877.79,24-NOV-2023,36,IN0020200427,
2054,SGBN28VIII,GB,6025.0,6035.0,6025.0,6025.0,6025.0,6034.0,19,114485.0,24-NOV-2023,8,IN0020200286,
2055,SGBNOV23,GB,6149.0,6160.0,6075.0,6141.05,6160.0,6124.0,72,440770.1,24-NOV-2023,21,IN0020150085,
2056,SGBNOV24,GB,6055.0,6055.0,6035.0,6035.5,6035.5,6055.0,89,538475.5,24-NOV-2023,4,IN0020160076,
2057,SGBNOV25,GB,6099.15,6099.19,6099.15,6099.15,6099.19,6000.75,16,97586.44,24-NOV-2023,2,IN0020170091,
2058,SGBNOV25IX,GB,6030.0,6030.0,6030.0,6030.0,6030.0,6012.1,1,6030.0,24-NOV-2023,1,IN0020170117,
2059,SGBNV29VII,GB,6039.0,6039.0,6000.0,6004.06,6005.5,6004.24,158,949335.57,24-NOV-2023,38,IN0020210178,
2060,SGBOC28VII,GB,6007.0,6040.0,6007.0,6011.37,6010.01,6001.84,47,283295.6,24-NOV-2023,14,IN0020200203,
2061,SGBOCT25IV,GB,6045.0,6075.0,6045.0,6075.0,6075.0,6030.0,20,121110.0,24-NOV-2023,3,IN0020170067,
2062,SGBOCT25V,GB,6040.0,6040.0,6040.0,6040.0,6040.0,6055.0,1,6040.0,24-NOV-2023,1,IN0020170075,
2063,SGBOCT26,GB,6031.0,6031.0,6031.0,6031.0,6031.0,6006.03,1,6031.0,24-NOV-2023,1,IN0020180249,
2064,SGBOCT27,GB,6070.0,6070.0,6070.0,6070.0,6070.0,6100.0,1,6070.0,24-NOV-2023,1,IN0020190370,
2065,SGBOCT27VI,GB,6005.0,6090.0,6000.0,6000.04,6000.0,6001.37,61,367321.59,24-NOV-2023,15,IN0020190388,
2066,SGBSEP24,GB,6079.99,6080.0,6041.0,6042.92,6080.0,6080.0,76,459400.0,24-NOV-2023,6,IN0020160043,
2067,SGBSEP27,GB,6049.9,6049.9,6049.9,6049.9,6049.9,6035.0,10,60499.0,24-NOV-2023,1,IN0020190115,
2068,SGBSEP28VI,GB,6004.12,6030.0,6004.12,6013.8,6012.0,6004.12,99,595899.13,24-NOV-2023,22,IN0020200195,
2069,SGBSEP29VI,GB,6011.0,6025.0,6011.0,6018.05,6016.0,6021.42,254,1529078.43,24-NOV-2023,39,IN0020210145,
2070,SGBSEP31II,GB,6025.1,6044.7,6010.15,6038.65,6044.7,6026.79,2746,16562979.18,24-NOV-2023,206,IN0020230093,
2071,SGIL,BE,267.05,278.1,266.8,272.85,278.1,266.8,8499,2297976.05,24-NOV-2023,144,INE00QT01015,
2072,SGL,BE,15.0,15.0,14.6,15.0,15.0,14.85,2967,44283.9,24-NOV-2023,23,INE353H01010,
2073,SHAH,EQ,3.05,3.1,2.9,2.95,2.9,3.05,2134067,6373648.55,24-NOV-2023,947,INE482J01021,
2074,SHAHALLOYS,BE,54.7,54.7,53.6,54.65,54.65,53.65,10606,571894.55,24-NOV-2023,32,INE640C01011,
2075,SHAILY,EQ,353.0,356.55,343.7,349.65,345.0,359.2,152311,53432449.3,24-NOV-2023,9107,INE151G01028,
2076,SHAKTIPUMP,EQ,1017.85,1025.3,1005.85,1014.3,1023.0,1017.85,40200,40882227.75,24-NOV-2023,4899,INE908D01010,
2077,SHALBY,EQ,309.8,319.0,309.75,317.6,318.2,308.3,587266,185619586.0,24-NOV-2023,13205,INE597J01018,
2078,SHALPAINTS,EQ,170.65,172.0,169.4,170.25,170.15,169.9,64346,10988622.1,24-NOV-2023,2316,INE849C01026,
2079,SHANKARA,EQ,705.15,720.6,705.15,715.3,715.0,705.15,52271,37331862.5,24-NOV-2023,5272,INE274V01019,
2080,SHANTHALA,SM,117.5,118.0,112.35,112.65,112.35,119.25,32400,3703260.0,24-NOV-2023,27,INE0Q9Q01017,
2081,SHANTI,EQ,19.55,19.9,18.85,18.9,18.9,19.55,32504,623428.1,24-NOV-2023,172,INE933X01016,
2082,SHANTIGEAR,EQ,509.75,516.65,492.95,499.1,499.0,504.5,116322,58690067.05,24-NOV-2023,11487,INE631A01022,
2083,SHARDACROP,EQ,411.7,419.25,410.1,415.4,416.0,409.6,337313,139555647.45,24-NOV-2023,8610,INE221J01015,
2084,SHARDAMOTR,EQ,1265.35,1276.45,1242.15,1257.3,1251.0,1265.35,35693,44926940.45,24-NOV-2023,1693,INE597I01028,
2085,SHAREINDIA,EQ,1725.9,1731.0,1705.0,1712.35,1716.9,1712.45,37973,65268503.2,24-NOV-2023,3819,INE932X01018,
2086,SHARIABEES,EQ,452.97,452.97,444.55,446.08,446.23,448.26,1183,528245.09,24-NOV-2023,99,INF732E01128,
2087,SHEMAROO,EQ,145.65,147.6,142.8,146.0,145.65,144.95,93423,13532691.45,24-NOV-2023,1294,INE363M01019,
2088,SHERA,SM,170.0,170.0,169.5,169.5,169.5,169.5,3000,509000.0,24-NOV-2023,3,INE0MM001019,
2089,SHIGAN,SM,100.0,100.0,97.15,99.0,99.0,99.95,7500,739725.0,24-NOV-2023,5,INE03KJ01013,
2090,SHILPAMED,EQ,379.65,381.25,367.0,368.5,368.9,378.25,305859,113872560.15,24-NOV-2023,12893,INE790G01031,
2091,SHIVALIK,EQ,660.0,686.0,653.0,673.9,685.0,656.75,14111,9406367.05,24-NOV-2023,719,INE788J01021,
2092,SHIVAMAUTO,BE,29.65,30.5,29.1,29.55,29.5,29.75,94136,2800082.2,24-NOV-2023,299,INE637H01024,
2093,SHIVAMILLS,EQ,86.85,86.85,84.1,84.6,84.2,84.85,4926,417443.05,24-NOV-2023,167,INE644Y01017,
2094,SHIVATEX,EQ,154.35,161.15,149.0,152.0,152.4,158.0,41285,6426394.45,24-NOV-2023,1461,INE705C01020,
2095,SHK,EQ,154.5,156.05,151.5,152.3,152.0,153.75,290919,44527906.9,24-NOV-2023,7725,INE500L01026,
2096,SHOPERSTOP,EQ,668.0,681.0,662.0,676.95,676.3,665.7,36253,24413512.45,24-NOV-2023,5005,INE498B01024,
2097,SHRADHA,EQ,49.1,56.5,48.7,53.8,54.25,48.85,1245238,67799087.9,24-NOV-2023,6621,INE715Y01023,
2098,SHREDIGCEM,EQ,87.2,88.35,86.5,87.25,86.5,87.15,161270,14101847.5,24-NOV-2023,1676,INE232A01011,
2099,SHREECEM,EQ,25922.2,26046.85,25600.0,25645.4,25600.0,25922.2,13597,350801712.7,24-NOV-2023,6021,INE070A01015,
2100,SHREEPUSHK,EQ,191.5,192.0,188.9,189.4,190.0,190.5,15345,2915172.05,24-NOV-2023,729,INE712K01011,
2101,SHREERAMA,BE,30.25,31.2,30.25,31.2,31.2,30.6,38924,1205441.8,24-NOV-2023,76,INE879A01019,
2102,SHRENIK,EQ,1.0,1.1,0.95,1.05,1.05,1.0,5105954,5277015.55,24-NOV-2023,1003,INE632X01030,
2103,SHREYANIND,BE,244.6,244.6,241.1,242.8,242.8,245.05,4545,1106844.1,24-NOV-2023,49,INE231C01019,
2104,SHREYAS,EQ,300.95,302.0,295.05,297.75,299.5,300.2,42244,12624452.25,24-NOV-2023,2272,INE757B01015,
2105,SHRIPISTON,EQ,1151.35,1151.35,1086.0,1096.05,1099.0,1128.75,137345,151060222.8,24-NOV-2023,3682,INE526E01018,
2106,SHRIRAMFIN,EQ,1974.85,1980.0,1941.1,1947.5,1941.35,1974.85,475859,932662433.8,24-NOV-2023,27917,INE721A01013,
2107,SHRIRAMFIN,YL,1066.0,1066.0,1066.0,1066.0,1066.0,1063.9,11,11726.0,24-NOV-2023,2,INE721A07NX5,
2108,SHRIRAMFIN,YP,1026.0,1026.0,1025.0,1025.0,1025.0,1023.38,51,52295.0,24-NOV-2023,3,INE721A07OC7,
2109,SHRIRAMFIN,YS,1065.0,1065.0,1056.0,1056.0,1056.0,1044.0,331,352036.0,24-NOV-2023,7,INE721A07OF0,
2110,SHRIRAMFIN,YV,1001.0,1001.0,1001.0,1001.0,1001.0,993.0,42,42042.0,24-NOV-2023,1,INE721A07OM6,
2111,SHRIRAMFIN,YW,1080.0,1084.0,1080.0,1084.0,1084.0,1040.0,25,27068.0,24-NOV-2023,2,INE721A07ON4,
2112,SHRIRAMFIN,YY,1072.0,1072.0,1072.0,1072.0,1072.0,1070.0,25,26800.0,24-NOV-2023,2,INE721A07OP9,
2113,SHRIRAMFIN,Z2,1538.0,1545.0,1538.0,1545.0,1545.0,1538.0,56,86170.0,24-NOV-2023,2,INE721A07OS3,
2114,SHRIRAMFIN,Z4,1019.0,1019.0,1019.0,1019.0,1019.0,992.01,6,6114.0,24-NOV-2023,1,INE721A07OZ8,
2115,SHRIRAMFIN,Z5,1026.0,1026.0,1026.0,1026.0,1026.0,1010.3,4,4104.0,24-NOV-2023,2,INE721A07PA8,
2116,SHRIRAMFIN,Z9,1036.0,1036.0,1036.0,1036.0,1036.0,1039.95,39,40404.0,24-NOV-2023,1,INE721A07PE0,
2117,SHRIRAMFIN,ZC,1504.0,1504.0,1501.0,1501.0,1501.0,1309.0,42,63093.0,24-NOV-2023,2,INE721A07PH3,
2118,SHRIRAMFIN,ZF,1022.0,1022.0,1010.0,1010.0,1010.0,1011.0,28,28316.0,24-NOV-2023,4,INE721A07PK7,
2119,SHRIRAMFIN,ZH,1069.0,1069.0,1068.8,1069.0,1069.0,1069.0,115,122925.0,24-NOV-2023,5,INE721A07PM3,
2120,SHRIRAMPPS,EQ,108.25,112.05,105.6,106.2,107.0,107.55,3780654,409801615.1,24-NOV-2023,15109,INE217L01019,
2121,SHRITECH,SM,81.95,81.95,80.8,80.95,80.95,81.5,34000,2759700.0,24-NOV-2023,17,INE0OMF01015,
2122,SHYAMCENT,EQ,21.9,22.1,21.3,21.4,21.5,21.7,456653,9841709.85,24-NOV-2023,2045,INE979R01011,
2123,SHYAMMETL,EQ,444.45,452.0,441.6,448.05,447.95,444.0,320435,142921081.45,24-NOV-2023,7070,INE810G01011,
2124,SHYAMTEL,EQ,8.05,8.25,8.05,8.25,8.25,8.45,975,8013.75,24-NOV-2023,3,INE635A01023,
2125,SICALLOG,BE,285.4,285.4,285.4,285.4,285.4,279.85,10806,3084032.4,24-NOV-2023,115,INE075B01020,
2126,SIEMENS,EQ,3640.0,3641.85,3605.05,3628.6,3618.0,3619.2,230400,835164539.4,24-NOV-2023,24893,INE003A01024,
2127,SIGACHI,EQ,55.4,55.9,51.5,53.35,53.25,55.4,2110125,113807167.9,24-NOV-2023,7902,INE0D0K01022,
2128,SIGIND,BE,64.95,64.95,62.75,64.15,64.25,62.5,12433,793452.0,24-NOV-2023,92,INE529F01035,
2129,SIGMA,EQ,459.7,465.35,447.65,460.75,460.0,459.7,18009,8227598.1,24-NOV-2023,1085,INE0A0S01010,
2130,SIGNATURE,EQ,755.0,757.9,747.5,749.7,751.4,754.2,203389,153013036.35,24-NOV-2023,5062,INE903U01023,
2131,SIKKO,EQ,65.0,65.0,64.0,64.1,64.15,64.1,11007,707176.4,24-NOV-2023,300,INE112X01017,
2132,SIL,BE,21.6,22.0,21.6,21.95,21.95,21.95,17379,380308.15,24-NOV-2023,253,INE173A01025,
2133,SILGO,EQ,24.55,25.0,24.0,24.2,24.0,24.85,56666,1395069.5,24-NOV-2023,798,INE01II01013,
2134,SILINV,EQ,423.05,439.35,415.5,428.85,425.4,414.8,19543,8400620.7,24-NOV-2023,1804,INE923A01015,
2135,SILLYMONKS,EQ,16.3,16.3,15.5,15.6,15.6,15.8,8276,130131.7,24-NOV-2023,66,INE203Y01012,
2136,SILVER,EQ,74.52,74.59,74.0,74.38,74.34,74.53,231102,17184876.41,24-NOV-2023,233,INF209KB19F6,
2137,SILVERBEES,EQ,71.9,72.06,71.67,71.87,71.93,71.9,1004510,72152829.43,24-NOV-2023,3347,INF204KC1402,
2138,SILVERETF,EQ,73.39,73.58,72.21,72.8,72.85,73.0,36837,2688598.08,24-NOV-2023,214,INF789F1AYK6,
2139,SILVERTUC,EQ,645.2,658.85,634.75,645.6,647.85,655.05,7018,4550191.25,24-NOV-2023,701,INE625X01018,
2140,SILVRETF,EQ,72.78,73.25,72.69,73.09,73.09,72.64,19018,1385013.31,24-NOV-2023,29,INF769K01KG6,
2141,SIMBHALS,EQ,30.4,30.5,29.8,30.05,30.5,30.3,55304,1659612.3,24-NOV-2023,328,INE748T01016,
2142,SIMPLEXINF,BE,79.8,79.8,79.8,79.8,79.8,78.25,15243,1216391.4,24-NOV-2023,35,INE059B01024,
2143,SINDHUTRAD,EQ,28.5,29.4,28.0,29.15,29.35,28.0,3349481,97368608.8,24-NOV-2023,1619,INE325D01025,
2144,SINTERCOM,EQ,129.85,129.95,128.0,128.0,128.0,129.45,5523,708737.5,24-NOV-2023,45,INE129Z01016,
2145,SIRCA,EQ,374.2,374.2,369.0,370.1,370.5,372.3,55253,20501791.15,24-NOV-2023,4230,INE792Z01011,
2146,SIS,EQ,438.0,464.0,437.95,458.95,455.25,438.35,129299,58839067.8,24-NOV-2023,8455,INE285J01028,
2147,SITINET,BE,0.8,0.8,0.75,0.75,0.8,0.75,1453328,1135064.65,24-NOV-2023,386,INE965H01011,
2148,SIYSIL,EQ,556.55,562.0,548.0,552.6,552.0,556.55,71491,39552231.25,24-NOV-2023,10634,INE076B01028,
2149,SJS,EQ,622.05,622.7,605.0,614.15,613.0,618.3,82678,50951444.95,24-NOV-2023,6136,INE284S01014,
2150,SJVN,EQ,81.3,84.9,80.2,82.3,82.1,81.25,55902988,4646165851.65,24-NOV-2023,95839,INE002L01015,
2151,SKFINDIA,EQ,4706.1,4706.1,4590.0,4602.15,4597.0,4694.25,14304,66096126.6,24-NOV-2023,4806,INE640A01023,
2152,SKIPPER,EQ,257.7,264.65,254.35,256.95,257.0,256.0,286200,74045782.15,24-NOV-2023,11176,INE439E01022,
2153,SKMEGGPROD,EQ,428.4,429.9,410.0,415.35,412.5,421.3,133147,55644713.45,24-NOV-2023,5661,INE411D01015,
2154,SKP,SM,215.5,217.95,211.05,211.05,211.05,212.0,19500,4197925.0,24-NOV-2023,34,INE0KZA01016,
2155,SKYGOLD,EQ,857.95,899.85,856.6,897.4,899.85,857.0,65398,57748391.1,24-NOV-2023,2731,INE01IU01018,
2156,SMARTLINK,EQ,170.0,172.4,167.05,169.15,170.2,167.65,8768,1492004.4,24-NOV-2023,396,INE178C01020,
2157,SMCGLOBAL,EQ,102.7,103.4,101.3,101.9,102.0,102.65,150264,15357017.0,24-NOV-2023,2327,INE103C01036,
2158,SMLISUZU,EQ,1529.35,1549.95,1508.75,1522.9,1524.0,1529.35,28691,43735698.9,24-NOV-2023,4149,INE294B01019,
2159,SMLT,EQ,222.6,242.55,216.45,228.05,229.4,222.6,76312,17945684.0,24-NOV-2023,2513,INE017W01010,
2160,SMSLIFE,EQ,520.2,523.95,506.0,517.9,516.0,510.25,4295,2208841.1,24-NOV-2023,159,INE320X01016,
2161,SMSPHARMA,EQ,119.75,127.5,119.6,122.55,123.0,119.6,477175,59414257.3,24-NOV-2023,5494,INE812G01025,
2162,SMVD,SM,10.55,10.55,10.55,10.55,10.55,10.05,16160,170488.0,24-NOV-2023,4,INE702Y01013,
2163,SNOWMAN,EQ,59.45,61.0,58.4,59.4,59.6,59.35,7037883,420050567.45,24-NOV-2023,22597,INE734N01019,
2164,SOBHA,EQ,891.0,904.95,884.0,896.05,892.85,890.25,346497,309578474.45,24-NOV-2023,13053,INE671H01015,
2165,SOFTTECH,BE,229.8,232.0,223.0,224.85,225.0,224.45,3637,827782.1,24-NOV-2023,111,INE728Z01015,
2166,SOLARA,EQ,336.1,344.05,334.1,335.25,335.5,334.45,92906,31483211.95,24-NOV-2023,6971,INE624Z01016,
2167,SOLARINDS,EQ,6764.0,6850.0,6661.0,6786.4,6775.0,6746.35,112024,758196363.35,24-NOV-2023,22775,INE343H01029,
2168,SOLEX,SM,484.2,484.2,463.0,466.2,463.0,478.0,7800,3667340.0,24-NOV-2023,34,INE880Y01017,
2169,SOMANYCERA,EQ,664.95,664.95,656.0,657.8,660.0,657.85,51658,34034296.95,24-NOV-2023,5271,INE355A01028,
2170,SOMATEX,BE,20.35,20.35,19.4,19.9,19.95,19.6,21729,430080.2,24-NOV-2023,110,INE314C01013,
2171,SOMICONVEY,BE,94.0,95.2,91.6,92.1,92.0,95.2,16011,1483150.7,24-NOV-2023,165,INE323J01019,
2172,SONACOMS,EQ,575.9,577.7,566.95,568.15,568.8,575.75,986656,564302761.2,24-NOV-2023,27382,INE073K01018,
2173,SONAMLTD,BE,79.0,79.95,79.0,79.5,79.7,78.2,1558,123761.55,24-NOV-2023,16,INE00LM01011,
2174,SONATSOFTW,EQ,1299.45,1313.0,1281.95,1293.6,1294.85,1299.45,185921,240032575.2,24-NOV-2023,17191,INE269A01021,
2175,SONUINFRA,SM,62.0,62.15,62.0,62.15,62.15,61.05,9000,558600.0,24-NOV-2023,3,INE0JZA01018,
2176,SOTAC,SM,130.5,130.5,130.5,130.5,130.5,132.0,1200,156600.0,24-NOV-2023,1,INE0O2D01012,
2177,SOTL,EQ,326.5,329.05,325.3,327.85,328.0,326.05,30672,10027118.95,24-NOV-2023,1638,INE035D01020,
2178,SOUTHBANK,EQ,24.45,24.75,24.3,24.45,24.55,24.45,12513240,306555932.85,24-NOV-2023,19122,INE683A01023,
2179,SOUTHWEST,BE,178.1,178.1,170.75,173.4,172.0,179.65,103623,18131673.45,24-NOV-2023,530,INE980Y01015,
2180,SPAL,EQ,623.0,667.85,623.0,639.0,639.9,623.65,154746,100201085.1,24-NOV-2023,16192,INE212I01016,
2181,SPANDANA,EQ,956.2,971.75,951.8,958.6,961.0,955.75,51766,49653458.95,24-NOV-2023,5723,INE572J01011,
2182,SPARC,EQ,257.9,278.85,257.85,273.05,274.0,257.25,10961383,3000668260.05,24-NOV-2023,101786,INE232I01014,
2183,SPCENET,EQ,23.75,24.6,23.4,24.35,24.5,24.1,1817481,44077750.95,24-NOV-2023,1057,INE970N01027,
2184,SPECIALITY,EQ,191.75,192.75,187.6,188.45,189.85,192.95,28282,5367130.45,24-NOV-2023,1050,INE247M01014,
2185,SPECTRUM,SM,1078.8,1115.0,1025.4,1108.65,1109.95,1078.8,3875,4234881.25,24-NOV-2023,22,INE01EO01010,
2186,SPECTSTM,SM,91.0,94.9,91.0,94.35,94.7,91.0,29600,2771000.0,24-NOV-2023,37,INE0OL001018,
2187,SPENCERS,EQ,67.8,75.8,67.8,73.8,73.75,67.45,2322582,169849391.2,24-NOV-2023,15462,INE020801028,
2188,SPENTEX,BZ,2.55,2.65,2.55,2.65,2.65,2.6,755,1925.35,24-NOV-2023,2,INE376C01020,
2189,SPIC,EQ,68.45,68.85,67.3,67.5,67.55,68.2,531966,36188071.15,24-NOV-2023,2808,INE147A01011,
2190,SPLIL,EQ,63.8,72.0,63.75,68.8,69.0,64.15,423607,29449746.7,24-NOV-2023,4235,INE978G01016,
2191,SPLPETRO,EQ,552.0,562.4,552.0,556.75,560.5,552.0,58136,32452626.85,24-NOV-2023,6779,INE663A01033,
2192,SPMLINFRA,BE,74.45,74.45,73.5,74.4,74.4,73.95,164068,12156962.9,24-NOV-2023,94,INE937A01023,
2193,SPORTKING,EQ,835.1,844.65,803.45,807.75,805.0,838.15,11097,9104579.75,24-NOV-2023,2138,INE885H01011,
2194,SPYL,BE,1.05,1.05,1.05,1.05,1.05,1.0,369887,388381.35,24-NOV-2023,38,INE268L01020,
2195,SREEL,EQ,321.95,332.9,312.9,316.0,315.4,321.3,71118,23038679.4,24-NOV-2023,5566,INE099F01013,
2196,SRF,EQ,2359.05,2383.25,2350.6,2359.4,2354.0,2359.6,272673,645649227.3,24-NOV-2023,25237,INE647A01010,
2197,SRGHFL,EQ,283.95,286.0,276.8,280.35,278.25,281.85,4975,1402767.3,24-NOV-2023,345,INE559N01010,
2198,SRHHYPOLTD,EQ,542.0,552.0,542.0,548.55,545.6,544.9,13455,7373012.35,24-NOV-2023,1211,INE917H01012,
2199,SRIVASAVI,SM,149.7,154.7,139.5,143.35,143.5,142.7,49000,7064750.0,24-NOV-2023,46,INE0NPI01014,
2200,SRPL,BE,1.15,1.15,1.15,1.15,1.15,1.1,746831,858855.65,24-NOV-2023,132,INE008Z01020,
2201,SSFL,SM,206.0,218.0,202.1,209.9,207.0,201.2,162000,34202800.0,24-NOV-2023,139,INE0ON201012,
2202,SSWL,EQ,285.9,287.65,278.95,280.05,279.2,284.15,228227,64688668.95,24-NOV-2023,6827,INE802C01033,
2203,STAR,EQ,497.7,505.9,495.1,496.05,495.5,495.25,334528,167526730.6,24-NOV-2023,12392,INE939A01011,
2204,STARCEMENT,EQ,169.65,171.25,166.2,166.9,166.5,168.55,334689,56342281.35,24-NOV-2023,9627,INE460H01021,
2205,STARHEALTH,EQ,554.0,578.85,554.0,570.55,570.55,557.4,520945,295590438.45,24-NOV-2023,27385,INE575P01011,
2206,STARPAPER,EQ,219.85,223.95,219.0,221.05,221.0,219.25,31499,6964021.45,24-NOV-2023,1445,INE733A01018,
2207,STARTECK,EQ,215.6,223.1,214.55,217.6,219.0,218.6,21429,4683003.8,24-NOV-2023,550,INE992I01013,
2208,STCINDIA,EQ,119.95,119.95,116.1,116.3,116.65,118.9,52681,6180099.0,24-NOV-2023,684,INE655A01013,
2209,STEELCAS,EQ,623.55,629.9,620.65,627.0,628.0,617.4,10395,6500935.6,24-NOV-2023,1590,INE124E01020,
2210,STEELCITY,EQ,68.8,68.85,66.7,67.05,67.5,68.15,14710,991704.5,24-NOV-2023,229,INE395H01011,
2211,STEELXIND,EQ,10.75,10.75,10.1,10.2,10.2,10.5,4240569,43451243.55,24-NOV-2023,4568,INE503B01021,
2212,STEL,EQ,285.15,300.5,283.55,289.85,293.0,283.55,45821,13484441.7,24-NOV-2023,1932,INE577L01016,
2213,STERTOOLS,EQ,357.7,360.35,347.3,353.5,352.6,357.7,51061,18068554.75,24-NOV-2023,4493,INE334A01023,
2214,STLTECH,EQ,152.05,158.45,151.7,155.15,155.75,151.8,3173322,494564520.35,24-NOV-2023,28350,INE089C01029,
2215,STOVEKRAFT,EQ,480.3,488.7,477.8,479.55,479.5,480.05,156840,75551558.2,24-NOV-2023,10486,INE00IN01015,
2216,STYLAMIND,EQ,1850.0,1850.0,1788.05,1799.1,1804.0,1837.0,13870,25109924.4,24-NOV-2023,3057,INE239C01020,
2217,STYRENIX,EQ,1487.95,1487.95,1421.0,1441.45,1434.0,1466.4,34241,49817710.15,24-NOV-2023,4706,INE189B01011,
2218,SUBEXLTD,EQ,32.5,32.9,31.55,31.7,31.6,32.5,3231822,104132026.8,24-NOV-2023,5333,INE754A01055,
2219,SUBROS,EQ,410.0,437.65,409.7,429.55,431.0,409.2,1308018,562870217.35,24-NOV-2023,48629,INE287B01021,
2220,SUDARSCHEM,EQ,461.35,463.8,455.85,457.1,456.3,461.35,54340,24945959.15,24-NOV-2023,4219,INE659A01023,
2221,SUKHJITS,EQ,426.05,426.05,416.8,418.8,419.0,419.8,2723,1142956.0,24-NOV-2023,451,INE450E01011,
2222,SULA,EQ,480.5,485.0,479.0,480.2,481.0,481.45,126662,60926493.75,24-NOV-2023,8075,INE142Q01026,
2223,SUMICHEM,EQ,389.0,392.95,388.25,389.9,389.0,388.35,121129,47302823.3,24-NOV-2023,5503,INE258G01013,
2224,SUMIT,EQ,39.3,39.55,38.1,39.0,39.5,37.7,192683,7535283.8,24-NOV-2023,808,INE748Z01013,
2225,SUMMITSEC,EQ,1288.95,1429.9,1288.95,1402.75,1404.9,1301.4,81577,113727631.55,24-NOV-2023,10929,INE519C01017,
2226,SUNDARAM,BE,2.85,2.9,2.8,2.85,2.85,2.85,448130,1280181.45,24-NOV-2023,433,INE108E01023,
2227,SUNDARMFIN,EQ,3144.9,3144.95,3105.55,3129.6,3129.0,3135.9,42226,131965398.8,24-NOV-2023,6345,INE660A01013,
2228,SUNDARMHLD,EQ,160.0,160.55,154.9,155.65,155.4,158.6,125921,19836307.2,24-NOV-2023,3107,INE202Z01029,
2229,SUNDRMBRAK,BE,604.0,630.0,604.0,612.9,612.8,629.85,1513,931114.6,24-NOV-2023,45,INE073D01013,
2230,SUNDRMFAST,EQ,1244.8,1251.0,1216.15,1223.2,1221.0,1239.5,31691,39043429.4,24-NOV-2023,4456,INE387A01021,
2231,SUNFLAG,EQ,197.25,198.55,192.95,194.6,195.15,196.4,378472,73806111.65,24-NOV-2023,7858,INE947A01014,
2232,SUNPHARMA,EQ,1200.0,1209.6,1192.8,1195.45,1194.05,1198.8,1376695,1650350494.7,24-NOV-2023,70298,INE044A01036,
2233,SUNREST,ST,74.6,76.0,72.55,73.05,73.05,75.2,32000,2371920.0,24-NOV-2023,20,INE0PLZ01012,
2234,SUNTECK,EQ,494.8,497.6,485.55,490.8,488.6,493.6,797710,390686486.15,24-NOV-2023,19546,INE805D01034,
2235,SUNTV,EQ,663.45,678.65,663.45,669.9,669.0,663.45,658001,442801471.55,24-NOV-2023,16645,INE424H01027,
2236,SUPERHOUSE,EQ,232.95,234.35,229.0,231.8,233.05,231.8,14676,3396732.25,24-NOV-2023,507,INE712B01010,
2237,SUPERSPIN,BE,8.15,8.5,8.15,8.45,8.4,8.35,85928,723333.75,24-NOV-2023,127,INE662A01027,
2238,SUPRAJIT,EQ,374.3,380.0,371.0,375.9,374.0,373.35,164536,61941451.35,24-NOV-2023,12008,INE399C01030,
2239,SUPREMEENG,EQ,1.05,1.05,1.05,1.05,1.05,1.0,1710853,1796395.65,24-NOV-2023,152,INE319Z01021,
2240,SUPREMEIND,EQ,4055.05,4165.2,4036.0,4129.25,4118.0,4111.05,143208,587588044.65,24-NOV-2023,23320,INE195A01028,
2241,SUPREMEINF,BZ,34.7,34.7,34.7,34.7,34.7,34.05,67343,2336802.1,24-NOV-2023,33,INE550H01011,
2242,SUPRIYA,EQ,251.0,279.1,246.9,276.3,279.0,249.7,3160695,852796304.6,24-NOV-2023,59095,INE07RO01027,
2243,SURANASOL,EQ,27.85,30.2,27.85,28.35,28.45,27.8,373689,10882648.75,24-NOV-2023,2585,INE272L01022,
2244,SURANAT&P,EQ,11.6,11.65,11.25,11.4,11.5,11.55,83722,963796.3,24-NOV-2023,706,INE130B01031,
2245,SURANI,SM,310.0,315.0,291.0,302.5,302.5,303.75,10000,3016720.0,24-NOV-2023,19,INE01ZJ01015,
2246,SURYALAXMI,EQ,67.0,73.0,65.95,71.9,72.0,65.9,194260,13602483.05,24-NOV-2023,3395,INE713B01026,
2247,SURYAROSNI,EQ,507.85,513.2,500.05,502.35,504.0,507.7,174756,88227215.65,24-NOV-2023,12213,INE335A01020,
2248,SURYODAY,EQ,160.1,162.25,158.75,159.1,159.8,160.1,210451,33717247.6,24-NOV-2023,4724,INE428Q01011,
2249,SUTLEJTEX,EQ,58.25,58.7,55.5,56.55,56.35,57.95,288409,16483960.65,24-NOV-2023,2218,INE645H01027,
2250,SUULD,BE,7.1,7.2,7.1,7.2,7.2,7.1,12855,91648.7,24-NOV-2023,50,INE591Q01016,
2251,SUVEN,EQ,83.05,84.35,82.5,82.75,82.5,83.15,329198,27423910.0,24-NOV-2023,2382,INE495B01038,
2252,SUVENPHAR,EQ,614.0,634.95,608.5,615.4,616.0,614.05,589234,365583255.0,24-NOV-2023,30700,INE03QK01018,
2253,SUVIDHAA,EQ,5.65,5.75,5.4,5.55,5.55,5.55,511192,2854803.45,24-NOV-2023,1301,INE018401013,
2254,SUZLON,BE,40.0,41.15,39.45,40.6,40.75,39.2,117045798,4757249440.55,24-NOV-2023,203506,INE040H01021,
2255,SVLL,BE,160.55,170.0,160.55,169.0,169.0,165.6,16,2637.4,24-NOV-2023,3,INE00CE01017,
2256,SVPGLOB,BE,8.2,8.2,8.2,8.2,8.2,8.35,51172,419610.4,24-NOV-2023,87,INE308E01029,
2257,SWANENERGY,EQ,429.8,431.15,419.55,421.5,422.0,427.65,660067,281185034.95,24-NOV-2023,9795,INE665A01038,
2258,SWARAJ,SM,102.0,102.0,101.0,101.0,101.0,99.95,6000,609750.0,24-NOV-2023,5,INE0GMR01016,
2259,SWARAJENG,EQ,2199.65,2217.25,2174.05,2190.15,2185.0,2190.75,7601,16655561.4,24-NOV-2023,1910,INE277A01016,
2260,SWASTIK,SM,96.75,97.95,96.0,96.3,96.0,97.65,8400,811920.0,24-NOV-2023,7,INE0DGC01025,
2261,SWELECTES,EQ,548.35,559.4,535.5,537.8,537.0,547.05,31643,17284768.45,24-NOV-2023,2838,INE409B01013,
2262,SWSOLAR,EQ,340.0,347.0,326.4,340.15,338.5,330.5,3531130,1197865755.45,24-NOV-2023,27583,INE00M201021,
2263,SYMPHONY,EQ,875.8,877.75,866.0,871.3,870.0,872.55,19420,16901752.2,24-NOV-2023,3101,INE225D01027,
2264,SYNCOMF,EQ,13.0,13.7,12.1,12.45,12.4,12.65,24695385,315363129.85,24-NOV-2023,21520,INE312C01025,
2265,SYNGENE,EQ,736.0,759.5,735.15,745.55,746.4,735.75,1347234,1010954731.4,24-NOV-2023,34198,INE398R01022,
2266,SYNOPTICS,SM,126.0,127.45,122.5,126.1,126.7,126.0,13800,1727730.0,24-NOV-2023,22,INE0BTR01012,
2267,SYRMA,EQ,550.95,561.65,550.95,559.85,557.25,550.7,746673,415621847.8,24-NOV-2023,11211,INE0DYJ01015,
2268,SYSTANGO,SM,246.15,246.15,235.5,236.1,236.05,241.3,44000,10464920.0,24-NOV-2023,92,INE0O7R01011,
2269,TAINWALCHM,EQ,132.7,136.75,125.0,129.2,130.9,134.4,26353,3423452.75,24-NOV-2023,559,INE123C01018,
2270,TAJGVK,EQ,221.35,222.7,218.8,220.05,220.15,222.3,64896,14302758.95,24-NOV-2023,3012,INE586B01026,
2271,TAKE,EQ,22.0,22.5,21.85,22.3,22.35,21.75,435840,9699213.2,24-NOV-2023,2030,INE142I01023,
2272,TALBROAUTO,EQ,318.9,318.9,305.0,306.75,307.0,313.45,252623,78033741.25,24-NOV-2023,7548,INE187D01029,
2273,TANLA,EQ,923.95,927.9,915.1,916.8,920.0,920.8,172358,158429977.25,24-NOV-2023,11779,INE483C01032,
2274,TARACHAND,SM,189.5,197.0,187.1,194.05,195.0,189.5,47000,9071800.0,24-NOV-2023,42,INE555Z01012,
2275,TARAPUR,BE,4.8,4.8,4.8,4.8,4.8,4.8,6948,33350.4,24-NOV-2023,7,INE747K01017,
2276,TARC,EQ,113.0,113.2,107.55,109.25,110.0,112.15,795911,87757928.65,24-NOV-2023,6256,INE0EK901012,
2277,TARMAT,EQ,83.4,83.4,81.5,81.6,81.65,81.95,32548,2668058.55,24-NOV-2023,417,INE924H01018,
2278,TARSONS,EQ,484.4,487.4,482.05,484.6,484.85,484.05,39367,19072611.3,24-NOV-2023,4349,INE144Z01023,
2279,TASTYBITE,EQ,16117.25,16117.25,15905.0,15952.95,16000.0,16079.7,936,14984664.65,24-NOV-2023,442,INE488B01017,
2280,TATACAPHSG,N6,1067.0,1074.59,1063.12,1069.97,1067.2,1073.95,230,245273.6,24-NOV-2023,7,INE033L07GQ0,
2281,TATACHEM,EQ,967.0,968.9,958.0,960.6,958.05,965.65,410255,395602601.05,24-NOV-2023,14299,INE092A01019,
2282,TATACOFFEE,EQ,276.05,276.95,273.25,274.05,273.25,276.0,187438,51472175.75,24-NOV-2023,2989,INE493A01027,
2283,TATACOMM,EQ,1722.95,1769.3,1715.1,1723.75,1723.0,1717.55,2258443,3940069964.5,24-NOV-2023,59354,INE151A01013,
2284,TATACONSUM,EQ,934.7,936.85,924.0,926.9,929.0,933.0,521207,483870062.0,24-NOV-2023,31584,INE192A01025,
2285,TATAELXSI,EQ,8421.65,8508.0,8310.0,8334.55,8320.0,8380.35,82775,695756347.7,24-NOV-2023,14869,INE670A01012,
2286,TATAINVEST,EQ,4155.0,4321.75,4125.0,4143.65,4147.95,4131.6,527783,2235524452.45,24-NOV-2023,38508,INE672A01018,
2287,TATAMETALI,EQ,979.0,979.3,963.35,965.95,965.05,974.65,160598,155244721.05,24-NOV-2023,8038,INE056C01010,
2288,TATAMOTORS,EQ,681.4,681.95,671.25,673.7,673.5,679.95,6951690,4689891526.8,24-NOV-2023,162861,INE155A01022,
2289,TATAMTRDVR,EQ,461.45,462.9,457.05,458.0,458.0,461.3,3563183,1637005445.55,24-NOV-2023,33134,IN9155A01020,
2290,TATAPOWER,EQ,261.4,261.9,257.05,258.15,258.1,260.75,7153583,1851294719.55,24-NOV-2023,60259,INE245A01021,
2291,TATASTEEL,EQ,126.7,127.0,125.55,125.95,126.05,126.7,14719450,1856793943.75,24-NOV-2023,104736,INE081A01020,
2292,TATVA,EQ,1495.0,1508.3,1466.2,1480.4,1475.0,1474.7,8771,13010366.7,24-NOV-2023,1299,INE0GK401011,
2293,TBZ,EQ,125.45,126.3,122.0,123.0,122.9,124.65,193424,23955457.55,24-NOV-2023,3073,INE760L01018,
2294,TCFSL,NF,1058.99,1059.0,1056.0,1056.0,1056.0,1051.05,279,295322.42,24-NOV-2023,7,INE306N08292,
2295,TCFSL,NL,1036.0,1036.0,1035.99,1036.0,1036.0,1035.49,201,208235.99,24-NOV-2023,8,INE306N07LM5,
2296,TCI,EQ,852.65,855.9,848.0,851.65,854.0,852.05,12670,10790646.65,24-NOV-2023,1531,INE688A01022,
2297,TCIEXP,EQ,1437.8,1437.8,1414.0,1419.1,1414.95,1435.7,53122,75747676.6,24-NOV-2023,6238,INE586V01016,
2298,TCLCONS,BE,27.0,27.0,26.55,26.8,26.8,27.0,11300,303656.8,24-NOV-2023,33,INE388G01026,
2299,TCNSBRANDS,EQ,377.85,382.5,371.5,374.6,374.0,372.4,252833,95377109.95,24-NOV-2023,7035,INE778U01029,
2300,TCPLPACK,EQ,2355.95,2355.95,2275.0,2291.4,2300.05,2345.95,9326,21486297.25,24-NOV-2023,3354,INE822C01015,
2301,TCS,EQ,3494.25,3504.55,3453.0,3457.1,3454.0,3508.25,1989733,6913359986.45,24-NOV-2023,137682,INE467B01029,
2302,TDPOWERSYS,EQ,286.9,286.9,276.2,278.15,277.65,283.05,257341,71965577.2,24-NOV-2023,8959,INE419M01027,
2303,TEAMLEASE,EQ,2646.3,2685.0,2620.0,2634.6,2635.0,2633.1,19762,52115975.85,24-NOV-2023,4236,INE985S01024,
2304,TECH,EQ,33.36,33.51,33.05,33.06,33.05,33.34,5025,166887.93,24-NOV-2023,111,INF209KB11D8,
2305,TECHIN,BE,14.7,15.3,14.7,15.3,15.3,15.0,3323,50327.1,24-NOV-2023,12,INE778A01021,
2306,TECHM,EQ,1212.05,1214.95,1195.1,1197.85,1197.2,1210.9,884921,1065541367.45,24-NOV-2023,62712,INE669C01036,
2307,TECHNOE,EQ,683.95,706.0,674.4,685.15,684.0,681.95,140689,96962946.7,24-NOV-2023,6555,INE285K01026,
2308,TECILCHEM,BE,19.5,19.5,19.45,19.45,19.45,19.5,20,389.05,24-NOV-2023,3,INE014B01011,
2309,TEGA,EQ,1037.7,1043.9,1017.0,1025.45,1027.15,1020.3,30064,30866439.15,24-NOV-2023,4156,INE011K01018,
2310,TEJASNET,EQ,826.95,829.8,806.1,813.1,813.4,821.8,187390,153745893.85,24-NOV-2023,8183,INE010J01012,
2311,TEMBO,EQ,236.15,239.0,234.55,237.45,238.0,237.35,41087,9717197.75,24-NOV-2023,1067,INE869Y01010,
2312,TERASOFT,EQ,43.8,47.0,43.0,45.2,44.15,43.2,249297,11335641.4,24-NOV-2023,1861,INE482B01010,
2313,TEXINFRA,EQ,110.95,112.55,103.1,105.6,104.35,110.6,2206393,239122205.8,24-NOV-2023,12081,INE435C01024,
2314,TEXMOPIPES,EQ,70.0,73.65,70.0,73.1,73.05,70.8,246789,17887625.0,24-NOV-2023,2341,INE141K01013,
2315,TEXRAIL,EQ,155.9,156.5,151.6,154.25,154.5,155.55,2479463,380930318.3,24-NOV-2023,25788,INE621L01012,
2316,TFCILTD,EQ,115.6,118.4,114.45,115.5,115.0,115.3,642520,74366902.95,24-NOV-2023,5683,INE305A01015,
2317,TFL,EQ,10.0,10.1,9.95,10.05,10.05,10.05,20956,210187.8,24-NOV-2023,95,INE804H01012,
2318,TGBHOTELS,EQ,16.5,16.9,16.2,16.9,16.9,15.4,510983,8551897.95,24-NOV-2023,934,INE797H01018,
2319,THANGAMAYL,EQ,1450.0,1450.0,1420.1,1437.55,1441.5,1438.5,20594,29628051.05,24-NOV-2023,4333,INE085J01014,
2320,THEINVEST,EQ,112.35,119.2,109.85,119.2,119.2,108.4,156923,18262953.4,24-NOV-2023,1700,INE924D01017,
2321,THEJO,EQ,2129.0,2129.0,1877.8,1932.35,1900.0,2063.55,30765,60435835.2,24-NOV-2023,3827,INE121N01019,
2322,THEMISMED,EQ,153.55,157.45,153.55,154.75,156.0,154.85,46757,7272782.3,24-NOV-2023,1841,INE083B01024,
2323,THERMAX,EQ,2628.75,2669.75,2616.1,2625.9,2645.0,2620.0,63395,167151322.65,24-NOV-2023,12418,INE152A01029,
2324,THOMASCOOK,EQ,159.0,162.0,157.1,158.55,158.8,156.45,452488,72206233.45,24-NOV-2023,8738,INE332A01027,
2325,THOMASCOTT,BE,170.1,170.1,166.7,166.7,166.7,166.8,14292,2411036.8,24-NOV-2023,37,INE480M01011,
2326,THYROCARE,EQ,553.25,573.65,552.75,569.65,568.1,550.45,96631,54765647.85,24-NOV-2023,7750,INE594H01019,
2327,TI,EQ,263.4,268.0,258.2,260.5,261.0,262.15,1156444,304969062.15,24-NOV-2023,15985,INE133E01013,
2328,TIDEWATER,EQ,1274.0,1278.95,1250.0,1262.8,1263.75,1256.1,67909,85817617.9,24-NOV-2023,5740,INE484C01030,
2329,TIIL,EQ,2174.3,2204.0,2159.85,2169.85,2170.0,2173.7,7653,16692754.35,24-NOV-2023,1633,INE545H01011,
2330,TIINDIA,EQ,3430.0,3505.0,3388.05,3460.95,3454.75,3422.45,370885,1283163922.15,24-NOV-2023,31437,INE974X01010,
2331,TIJARIA,EQ,6.35,6.5,6.2,6.45,6.45,6.35,11455,72964.25,24-NOV-2023,55,INE440L01017,
2332,TIL,BZ,360.85,375.0,360.85,366.1,366.1,368.2,8003,2988668.3,24-NOV-2023,35,INE806C01018,
2333,TIMESCAN,SM,148.1,152.95,148.1,152.95,152.95,150.0,3000,449150.0,24-NOV-2023,3,INE0IJY01014,
2334,TIMESGTY,EQ,75.0,76.0,73.2,73.6,73.5,73.8,28380,2106295.25,24-NOV-2023,1168,INE289C01025,
2335,TIMETECHNO,EQ,173.5,174.95,170.9,173.0,172.25,173.25,1691690,292009020.65,24-NOV-2023,20713,INE508G01029,
2336,TIMKEN,EQ,2937.0,2950.0,2920.05,2932.1,2935.0,2942.2,23288,68297211.35,24-NOV-2023,7184,INE325A01013,
2337,TINPLATE,EQ,408.8,409.1,403.15,405.1,404.0,407.05,161170,65362522.3,24-NOV-2023,3122,INE422C01014,
2338,TIPSFILMS,BE,594.0,594.0,580.0,584.65,585.0,586.05,1581,925350.55,24-NOV-2023,57,INE0LQS01015,
2339,TIPSINDLTD,EQ,373.6,377.9,360.3,369.0,369.35,370.95,124017,45864082.65,24-NOV-2023,9441,INE716B01029,
2340,TIRUMALCHM,EQ,194.8,196.8,193.0,194.4,193.95,194.1,202281,39353303.75,24-NOV-2023,5118,INE338A01024,
2341,TIRUPATIFL,BE,12.15,12.15,12.15,12.15,12.15,12.4,95514,1160495.1,24-NOV-2023,459,INE319Y01024,
2342,TITAGARH,EQ,965.95,994.3,963.1,979.8,983.3,961.7,2556278,2513934231.55,24-NOV-2023,59589,INE615H01020,
2343,TITAN,EQ,3406.0,3419.1,3382.55,3396.95,3398.4,3408.4,589530,2005900312.9,24-NOV-2023,49286,INE280A01028,
2344,TMB,EQ,516.0,516.75,510.05,513.05,516.0,512.2,57641,29565146.8,24-NOV-2023,4722,INE668A01016,
2345,TNIDETF,EQ,70.28,70.28,69.4,69.51,69.7,69.83,24101,1676324.63,24-NOV-2023,406,INF277KA1364,
2346,TNPETRO,EQ,89.05,89.15,88.1,88.35,88.25,88.45,118788,10512413.65,24-NOV-2023,1546,INE148A01019,
2347,TNPL,EQ,263.85,270.2,262.5,265.05,265.2,263.85,212621,56654062.15,24-NOV-2023,6067,INE107A01015,
2348,TNTELE,EQ,8.95,8.95,8.5,8.55,8.65,8.7,14502,125022.65,24-NOV-2023,119,INE141D01018,
2349,TOKYOPLAST,EQ,122.35,128.8,120.95,125.7,125.1,122.35,108213,13639332.3,24-NOV-2023,2494,INE932C01012,
2350,TORNTPHARM,EQ,2109.9,2129.0,2083.3,2090.8,2084.75,2106.55,157910,331976669.55,24-NOV-2023,24107,INE685A01028,
2351,TORNTPOWER,EQ,787.15,827.5,785.15,816.0,815.0,787.15,870841,711197530.1,24-NOV-2023,42883,INE813H01021,
2352,TOTAL,EQ,129.7,129.7,125.5,126.25,125.85,127.45,12720,1612694.55,24-NOV-2023,722,INE336X01012,
2353,TOUCHWOOD,BE,183.1,190.2,183.1,185.05,185.0,191.5,402,74217.8,24-NOV-2023,12,INE486Y01013,
2354,TPHQ,BE,10.7,11.0,10.7,10.8,10.85,10.6,75361,819955.2,24-NOV-2023,235,INE065J01016,
2355,TPLPLASTEH,EQ,58.4,58.95,57.2,58.0,58.25,57.6,404066,23429822.55,24-NOV-2023,3565,INE413G01022,
2356,TRACXN,EQ,94.85,97.35,93.45,94.1,93.7,94.3,3082397,293421201.75,24-NOV-2023,16799,INE0HMF01019,
2357,TRANSTEEL,SM,99.9,99.9,95.8,96.5,96.5,97.7,126000,12284500.0,24-NOV-2023,57,INE0NVI01020,
2358,TREEHOUSE,EQ,19.5,19.8,19.3,19.35,19.3,19.5,11224,218934.1,24-NOV-2023,171,INE040M01013,
2359,TREJHARA,BE,176.0,176.0,176.0,176.0,176.0,167.65,19347,3405072.0,24-NOV-2023,120,INE00CA01015,
2360,TREL,EQ,50.25,51.4,48.55,49.3,49.15,49.6,2664250,133797873.05,24-NOV-2023,10218,INE0O3901029,
2361,TRENT,EQ,2659.95,2668.0,2640.0,2649.7,2644.0,2655.05,325606,864067021.75,24-NOV-2023,34077,INE849A01020,
2362,TRF,EQ,257.8,262.35,255.5,257.15,259.0,256.9,59569,15376625.75,24-NOV-2023,3196,INE391D01019,
2363,TRIDENT,EQ,37.25,37.45,36.85,36.95,36.9,37.1,4268264,158042840.15,24-NOV-2023,15682,INE064C01022,
2364,TRIDHYA,SM,38.5,38.75,38.05,38.05,38.05,38.0,12000,461400.0,24-NOV-2023,4,INE0LWY01029,
2365,TRIGYN,EQ,125.2,129.0,125.1,125.85,125.15,125.5,144462,18341509.65,24-NOV-2023,3480,INE948A01012,
2366,TRIL,EQ,197.45,199.4,193.15,194.35,194.25,197.6,217342,42502278.15,24-NOV-2023,8205,INE763I01026,
2367,TRITURBINE,EQ,419.15,423.0,413.1,414.85,414.7,418.15,189002,78995401.75,24-NOV-2023,8155,INE152M01016,
2368,TRIVENI,EQ,380.0,383.2,372.7,375.45,376.0,378.4,526352,198510073.9,24-NOV-2023,12966,INE256C01024,
2369,TRU,EQ,70.7,71.5,69.3,70.8,70.4,70.65,2129312,149705557.5,24-NOV-2023,4299,INE615R01029,
2370,TTKHLTCARE,EQ,1290.5,1334.95,1290.5,1329.1,1325.3,1325.45,4591,6063886.25,24-NOV-2023,611,INE910C01018,
2371,TTKPRESTIG,EQ,770.0,777.45,759.5,761.6,760.95,769.65,43962,33598038.2,24-NOV-2023,4134,INE690A01028,
2372,TTL,EQ,99.0,99.65,95.5,96.45,95.6,98.2,23726,2309176.45,24-NOV-2023,447,INE592B01016,
2373,TTML,EQ,89.0,91.95,88.5,89.0,89.0,88.55,6282337,565255160.8,24-NOV-2023,22122,INE517B01013,
2374,TV18BRDCST,EQ,42.9,43.95,41.45,42.25,42.05,42.75,11610987,497851789.3,24-NOV-2023,13958,INE886H01027,
2375,TVSELECT,EQ,341.25,353.7,341.25,344.2,344.95,343.65,31531,10881327.15,24-NOV-2023,2113,INE236G01019,
2376,TVSHLTD,EQ,5678.55,5787.95,5650.0,5698.05,5700.0,5643.4,7500,42744024.4,24-NOV-2023,1596,INE105A01035,
2377,TVSHLTD,P1,10.45,10.45,10.35,10.35,10.35,10.4,16340,169641.55,24-NOV-2023,17,INE105A04013,
2378,TVSMOTOR,EQ,1783.0,1818.4,1778.75,1799.95,1800.05,1776.05,1298959,2338328190.9,24-NOV-2023,47752,INE494B01023,
2379,TVSSCS,EQ,211.65,211.65,209.5,210.0,209.9,211.35,387446,81462103.2,24-NOV-2023,6894,INE395N01027,
2380,TVSSRICHAK,EQ,4919.95,5037.45,4877.5,4957.5,4980.0,4900.75,13760,68467872.65,24-NOV-2023,4453,INE421C01016,
2381,TVTODAY,EQ,203.5,207.5,203.3,205.25,205.45,202.8,108128,22157679.85,24-NOV-2023,3107,INE038F01029,
2382,TVVISION,BE,4.45,4.45,4.4,4.45,4.45,4.25,224294,998105.8,24-NOV-2023,144,INE871L01013,
2383,UBL,EQ,1612.0,1636.5,1579.6,1584.1,1580.0,1605.3,409804,662832297.5,24-NOV-2023,19939,INE686F01025,
2384,UCAL,EQ,136.95,143.75,136.5,143.65,143.75,136.95,94155,13434020.55,24-NOV-2023,1345,INE139B01016,
2385,UCOBANK,EQ,37.8,38.1,37.5,37.6,37.6,37.8,3721147,140346104.7,24-NOV-2023,14422,INE691A01018,
2386,UDS,EQ,269.1,271.15,267.0,268.05,267.05,269.1,197418,52990992.8,24-NOV-2023,15350,INE851I01011,
2387,UFLEX,EQ,454.45,456.95,447.0,448.1,449.0,454.45,85068,38337985.4,24-NOV-2023,4496,INE516A01017,
2388,UFO,BE,108.55,111.7,108.1,109.8,110.0,108.3,145048,15882432.2,24-NOV-2023,644,INE527H01019,
2389,UGARSUGAR,EQ,92.25,92.6,90.0,90.15,90.35,91.95,323389,29359765.6,24-NOV-2023,3988,INE071E01023,
2390,UGROCAP,EQ,265.8,270.35,265.75,268.1,268.05,264.4,127001,34032374.95,24-NOV-2023,4598,INE583D01011,
2391,UGROCAP,N1,330.0,330.0,330.0,330.0,330.0,328.0,363,119790.0,24-NOV-2023,3,INE583D07174,
2392,UGROCAP,N4,998.8,998.8,998.0,998.0,998.0,998.0,6,5992.0,24-NOV-2023,2,INE583D07265,
2393,UGROCAP,N5,1000.0,1000.0,1000.0,1000.0,1000.0,981.0,5,5000.0,24-NOV-2023,1,INE583D07299,
2394,UGROCAP,N6,1000.0,1000.0,1000.0,1000.0,1000.0,1000.0,5,5000.0,24-NOV-2023,1,INE583D07307,
2395,UGROCAP,N7,999.63,999.99,993.0,999.99,999.99,999.63,60,59946.13,24-NOV-2023,4,INE583D07315,
2396,UJJIVAN,EQ,554.05,560.0,541.35,544.45,542.5,554.3,504680,277132020.1,24-NOV-2023,21005,INE334L01012,
2397,UJJIVANSFB,EQ,54.7,55.2,54.55,54.75,54.8,54.7,3938203,216099131.95,24-NOV-2023,12881,INE551W01018,
2398,ULTRACEMCO,EQ,8638.0,8655.0,8545.05,8556.2,8570.0,8605.25,197278,1693828639.05,24-NOV-2023,33650,INE481G01011,
2399,UMA,SM,31.0,31.15,31.0,31.15,31.15,31.0,8000,248600.0,24-NOV-2023,2,INE067901012,
2400,UMAEXPORTS,EQ,47.5,48.6,47.5,47.85,48.05,47.7,37408,1793202.55,24-NOV-2023,597,INE0GIU01018,
2401,UMANGDAIRY,EQ,69.75,71.5,69.55,70.4,70.7,70.15,15021,1060687.6,24-NOV-2023,307,INE864B01027,
2402,UMESLTD,BE,5.65,5.65,5.65,5.65,5.65,5.75,12231,69105.15,24-NOV-2023,18,INE240C01028,
2403,UNICHEMLAB,EQ,416.95,418.95,409.05,415.7,417.0,411.85,7068,2939490.25,24-NOV-2023,1121,INE351A01035,
2404,UNIDT,EQ,254.0,257.0,245.25,250.3,251.0,250.3,36751,9298493.2,24-NOV-2023,2240,INE961D01019,
2405,UNIENTER,EQ,154.3,157.45,153.8,154.9,153.8,154.25,8799,1365086.15,24-NOV-2023,230,INE037A01022,
2406,UNIHEALTH,SM,138.2,140.95,134.7,134.85,134.7,138.0,71000,9705700.0,24-NOV-2023,68,INE0PRF01011,
2407,UNIINFO,BE,32.25,32.25,29.4,30.7,30.5,30.75,12696,396984.8,24-NOV-2023,79,INE481Z01011,
2408,UNIONBANK,EQ,107.0,108.65,106.5,106.95,106.85,106.1,10524311,1130332760.7,24-NOV-2023,33228,INE692A01016,
2409,UNIPARTS,EQ,542.0,544.05,538.6,539.75,539.1,544.1,105174,56817598.9,24-NOV-2023,4771,INE244O01017,
2410,UNITECH,BZ,4.9,4.9,4.9,4.9,4.9,4.7,1425939,6987101.1,24-NOV-2023,640,INE694A01020,
2411,UNITEDPOLY,EQ,94.4,97.0,91.7,93.1,91.95,94.15,27520,2611216.9,24-NOV-2023,1715,INE368U01011,
2412,UNITEDTEA,EQ,323.1,323.9,319.75,320.05,321.9,320.05,1211,389052.55,24-NOV-2023,72,INE458F01011,
2413,UNIVAFOODS,BE,5.7,5.7,5.7,5.7,5.7,5.55,6805,38788.5,24-NOV-2023,6,INE275F01019,
2414,UNIVASTU,BE,109.85,109.85,106.05,107.5,107.45,106.6,3894,420268.85,24-NOV-2023,90,INE562X01013,
2415,UNIVCABLES,EQ,519.35,520.0,505.05,507.8,509.7,516.15,25753,13167850.75,24-NOV-2023,2632,INE279A01012,
2416,UNIVPHOTO,EQ,400.85,411.0,400.85,408.5,410.2,403.25,1530,622524.1,24-NOV-2023,139,INE03V001013,
2417,UNOMINDA,EQ,686.0,694.7,676.15,679.4,681.5,683.6,784455,540717987.3,24-NOV-2023,27592,INE405E01023,
2418,UPL,EQ,565.5,568.35,558.05,558.95,558.95,565.9,868199,487592590.45,24-NOV-2023,27123,INE628A01036,
2419,URAVI,EQ,268.35,270.8,258.35,262.5,264.0,264.55,1450,384504.6,24-NOV-2023,431,INE568Z01015,
2420,URBAN,SM,471.85,477.0,464.0,476.2,477.0,463.65,20400,9626460.0,24-NOV-2023,15,INE0O0201019,
2421,URJA,EQ,12.35,12.5,12.1,12.2,12.25,12.25,10249532,125863180.8,24-NOV-2023,8405,INE550C01020,
2422,USASEEDS,SM,382.0,382.0,371.0,371.0,371.0,371.0,1200,449700.0,24-NOV-2023,4,INE0CBM01019,
2423,USHAMART,EQ,330.0,338.75,330.0,333.5,332.0,329.4,709742,237924545.6,24-NOV-2023,13571,INE228A01035,
2424,USK,EQ,38.0,38.9,36.9,37.75,38.0,37.85,303261,11526918.1,24-NOV-2023,2231,INE0N0Y01013,
2425,UTIAMC,EQ,794.0,798.0,775.3,790.1,791.9,784.45,133351,105055512.65,24-NOV-2023,8572,INE094J01016,
2426,UTIBANKETF,EQ,44.29,44.59,44.07,44.52,44.56,44.3,10996,488676.11,24-NOV-2023,317,INF789F1AUV1,
2427,UTINEXT50,EQ,49.39,49.5,49.21,49.37,49.3,48.95,8988,443942.59,24-NOV-2023,175,INF789F1AUW9,
2428,UTINIFTETF,EQ,212.61,212.89,212.12,212.36,212.12,212.59,223063,47414045.42,24-NOV-2023,90,INF789F1AZC0,
2429,UTISENSETF,EQ,704.11,712.0,704.11,711.26,712.0,710.88,246,174704.61,24-NOV-2023,49,INF789FB1X58,
2430,UTISXN50,EQ,62.06,62.18,61.53,62.07,62.18,61.87,251,15501.41,24-NOV-2023,35,INF789F1AUU3,
2431,UTKARSHBNK,EQ,50.85,51.15,50.2,50.5,50.6,50.55,1355124,68474054.45,24-NOV-2023,5766,INE735W01017,
2432,UTTAMSUGAR,EQ,513.0,513.0,494.7,499.65,498.95,508.75,221169,110999554.6,24-NOV-2023,13290,INE786F01031,
2433,UWCSL,SM,134.15,134.15,134.15,134.15,134.15,141.2,10000,1341500.0,24-NOV-2023,4,INE00F301010,
2434,V2RETAIL,BE,226.75,230.1,226.0,230.1,230.1,227.1,12191,2769206.75,24-NOV-2023,45,INE945H01013,
2435,VADILALIND,EQ,2472.2,2489.0,2452.0,2469.35,2489.0,2477.6,3709,9149165.25,24-NOV-2023,528,INE694D01016,
2436,VAIBHAVGBL,EQ,425.25,427.55,418.05,418.9,419.85,423.35,126919,53357601.15,24-NOV-2023,7792,INE884A01027,
2437,VAISHALI,EQ,137.0,138.3,135.0,136.25,136.0,137.05,22654,3096057.5,24-NOV-2023,495,INE972X01014,
2438,VAKRANGEE,EQ,19.1,20.0,19.0,19.35,19.35,18.95,20642015,402458649.1,24-NOV-2023,17467,INE051B01021,
2439,VALIANTLAB,EQ,181.5,184.8,181.05,184.4,183.6,182.05,87336,16013595.4,24-NOV-2023,3548,INE0JWS01017,
2440,VALIANTORG,EQ,437.2,439.5,429.8,432.4,434.0,432.85,21993,9520789.75,24-NOV-2023,2745,INE565V01010,
2441,VARDHACRLC,EQ,58.5,59.4,57.1,57.95,57.55,58.4,110565,6412932.35,24-NOV-2023,946,INE116G01013,
2442,VARDMNPOLY,BE,61.0,61.0,60.0,60.0,60.0,61.2,5941,361296.5,24-NOV-2023,25,INE835A01011,
2443,VARROC,EQ,568.0,576.3,559.05,561.1,560.25,563.9,645945,366815363.1,24-NOV-2023,22141,INE665L01035,
2444,VASCONEQ,EQ,76.45,76.95,74.9,75.1,75.1,76.15,1112929,83931208.9,24-NOV-2023,4685,INE893I01013,
2445,VASWANI,BE,23.95,24.7,23.95,24.3,24.45,24.05,10277,249998.8,24-NOV-2023,67,INE590L01019,
2446,VBL,EQ,1060.0,1072.7,1057.3,1068.15,1070.0,1054.6,1515670,1614988673.1,24-NOV-2023,57535,INE200M01021,
2447,VCL,EQ,1.7,1.7,1.65,1.7,1.7,1.7,552171,925980.2,24-NOV-2023,360,INE098201036,
2448,VEDL,EQ,234.75,235.5,231.1,232.2,232.5,234.15,3866099,902589576.65,24-NOV-2023,37615,INE205A01025,
2449,VEEKAYEM,SM,96.0,97.9,96.0,97.9,97.9,96.75,4000,387800.0,24-NOV-2023,2,INE0KTW01013,
2450,VENKEYS,EQ,2004.0,2018.0,1980.0,1986.9,1994.0,1995.0,19495,38964868.35,24-NOV-2023,3393,INE398A01010,
2451,VENUSPIPES,EQ,1400.0,1407.95,1381.05,1388.1,1388.0,1400.1,53752,74723900.55,24-NOV-2023,5915,INE0JA001018,
2452,VENUSREM,EQ,360.65,394.35,360.65,375.15,380.0,359.45,372596,142065369.75,24-NOV-2023,24596,INE411B01019,
2453,VERANDA,EQ,279.3,285.0,272.1,280.15,283.95,278.1,171005,47542553.7,24-NOV-2023,1906,INE0IQ001011,
2454,VERTEXPLUS,SM,179.0,179.95,179.0,179.95,179.95,171.4,3600,646470.0,24-NOV-2023,6,INE0NLB01018,
2455,VERTOZ,EQ,361.45,369.0,351.05,354.55,356.4,361.45,105386,37942957.3,24-NOV-2023,1898,INE188Y01015,
2456,VESUVIUS,EQ,3839.9,3841.0,3741.05,3792.2,3800.0,3804.3,10278,38942087.0,24-NOV-2023,4697,INE386A01015,
2457,VETO,EQ,119.7,119.9,117.15,117.8,117.15,118.6,61612,7302987.7,24-NOV-2023,967,INE918N01018,
2458,VGUARD,EQ,288.0,291.25,285.15,287.1,286.4,287.15,253368,72773436.3,24-NOV-2023,10170,INE951I01027,
2459,VHL,EQ,3117.1,3249.0,3116.7,3154.35,3150.0,3124.95,1919,6092392.65,24-NOV-2023,723,INE701A01023,
2460,VIAZ,SM,40.0,40.0,40.0,40.0,40.0,41.5,2000,80000.0,24-NOV-2023,1,INE0MO401019,
2461,VIDHIING,EQ,445.35,449.95,438.1,442.45,442.95,443.1,18561,8227343.3,24-NOV-2023,1812,INE632C01026,
2462,VIJAYA,EQ,589.85,614.6,584.4,607.9,605.5,584.0,320245,194078574.6,24-NOV-2023,16567,INE043W01024,
2463,VIJIFIN,BE,1.7,1.7,1.65,1.7,1.65,1.7,50337,84520.65,24-NOV-2023,131,INE159N01027,
2464,VIKASECO,BE,3.55,3.55,3.5,3.5,3.55,3.55,12833271,44965639.6,24-NOV-2023,3108,INE806A01020,
2465,VIKASLIFE,EQ,5.15,5.2,5.05,5.1,5.1,5.15,10752637,54921820.7,24-NOV-2023,7246,INE161L01027,
2466,VIMTALABS,EQ,430.0,430.0,420.55,424.6,424.25,427.55,25429,10813544.6,24-NOV-2023,2702,INE579C01029,
2467,VINATIORGA,EQ,1750.7,1750.7,1724.6,1726.9,1725.0,1739.1,21389,37070609.55,24-NOV-2023,3373,INE410B01037,
2468,VINDHYATEL,EQ,2388.25,2414.95,2371.0,2378.65,2371.2,2368.65,7849,18755978.75,24-NOV-2023,1697,INE707A01012,
2469,VINEETLAB,EQ,67.25,71.0,67.25,69.75,70.0,67.7,139805,9694735.0,24-NOV-2023,1928,INE505Y01010,
2470,VINNY,BE,4.05,4.05,3.95,4.0,4.0,4.05,620358,2486332.2,24-NOV-2023,803,INE01KI01027,
2471,VINSYS,SM,268.95,270.0,256.15,260.3,260.3,264.1,16500,4331675.0,24-NOV-2023,32,INE0OSJ01014,
2472,VINYAS,SM,440.0,446.8,430.0,430.0,430.0,439.0,11200,4887600.0,24-NOV-2023,12,INE0OLS01010,
2473,VINYLINDIA,EQ,416.9,420.0,415.2,416.8,417.85,416.5,14285,5962303.5,24-NOV-2023,1927,INE250B01029,
2474,VIPCLOTHNG,EQ,47.65,48.9,46.1,46.95,47.25,47.65,330650,15628249.5,24-NOV-2023,1640,INE450G01024,
2475,VIPIND,EQ,622.0,630.0,613.0,614.65,614.85,624.05,382756,236881316.75,24-NOV-2023,11149,INE054A01027,
2476,VIPULLTD,EQ,19.75,19.75,18.1,18.3,18.3,19.05,154054,2869942.2,24-NOV-2023,502,INE946H01037,
2477,VIRINCHI,EQ,31.35,31.9,30.9,31.05,31.0,31.3,196265,6137224.15,24-NOV-2023,831,INE539B01017,
2478,VISAKAIND,EQ,85.9,87.15,84.3,85.35,85.4,85.65,381943,32719714.25,24-NOV-2023,4079,INE392A01021,
2479,VISESHINFO,BE,0.4,0.45,0.4,0.45,0.45,0.4,1219538,506261.35,24-NOV-2023,352,INE861A01058,
2480,VISHAL,EQ,23.5,25.65,22.9,25.05,25.0,23.55,2995921,74395443.4,24-NOV-2023,9303,INE755Q01025,
2481,VISHNU,EQ,326.95,328.05,315.1,316.15,315.1,323.05,122102,39015453.95,24-NOV-2023,6539,INE270I01022,
2482,VISHNUINFR,SM,256.6,256.6,256.6,256.6,256.6,244.4,6000,1539600.0,24-NOV-2023,3,INE0PQ001012,
2483,VISHWARAJ,EQ,17.7,17.8,17.35,17.5,17.5,17.65,746101,13091406.2,24-NOV-2023,2739,INE430N01022,
2484,VITAL,SM,90.2,91.55,90.2,90.45,90.45,90.3,13200,1197360.0,24-NOV-2023,8,INE0L4K01016,
2485,VIVIANA,SM,160.0,162.0,158.8,160.25,162.0,157.5,9000,1441900.0,24-NOV-2023,9,INE0MEG01014,
2486,VIVIDHA,EQ,0.85,0.9,0.85,0.85,0.85,0.85,729635,632650.25,24-NOV-2023,524,INE370E01029,
2487,VIVO,SM,90.0,90.0,88.05,88.05,88.05,91.0,3200,284880.0,24-NOV-2023,2,INE0IA701014,
2488,VLEGOV,EQ,30.6,30.7,30.5,30.55,30.6,30.6,96319,2946597.15,24-NOV-2023,800,INE03HW01020,
2489,VLSFINANCE,EQ,204.45,206.05,200.85,201.4,203.0,204.45,49573,10073520.85,24-NOV-2023,2134,INE709A01018,
2490,VMARCIND,SM,195.0,199.65,180.65,182.0,180.65,190.15,211000,40466650.0,24-NOV-2023,205,INE0GXK01018,
2491,VMART,EQ,1800.0,1859.8,1773.0,1849.65,1850.0,1775.5,89741,163739748.6,24-NOV-2023,11406,INE665J01013,
2492,VOLTAMP,EQ,5172.3,5278.3,5150.0,5168.35,5155.0,5146.55,14155,73802269.55,24-NOV-2023,5362,INE540H01012,
2493,VOLTAS,EQ,837.45,839.8,818.8,825.0,821.9,835.0,669289,554824785.5,24-NOV-2023,16136,INE226A01021,
2494,VPRPL,EQ,214.0,223.05,211.0,215.65,216.0,213.0,2492059,540868173.9,24-NOV-2023,25987,INE0AE001013,
2495,VRLLOG,EQ,699.45,705.7,698.0,700.35,702.0,699.45,19127,13409393.45,24-NOV-2023,2008,INE366I01010,
2496,VSCL,SM,38.0,38.0,38.0,38.0,38.0,38.0,3000,114000.0,24-NOV-2023,1,INE551Q01028,
2497,VSSL,EQ,222.0,225.7,216.4,223.45,222.45,220.8,192988,42958514.75,24-NOV-2023,8728,INE050M01012,
2498,VSTIND,EQ,3280.0,3290.0,3245.0,3271.75,3268.2,3278.05,2057,6731089.4,24-NOV-2023,565,INE710A01016,
2499,VSTTILLERS,EQ,4020.0,4074.95,3967.6,4015.7,4020.0,4015.9,10023,40113006.95,24-NOV-2023,2972,INE764D01017,
2500,VTL,EQ,422.1,428.45,419.85,421.65,421.0,424.25,432961,183160387.85,24-NOV-2023,12559,INE825A01020,
2501,WABAG,EQ,615.0,621.6,610.55,617.65,616.6,614.6,449592,276979660.5,24-NOV-2023,13598,INE956G01038,
2502,WALCHANNAG,BE,188.0,190.0,187.45,190.0,190.0,191.25,94351,17728262.15,24-NOV-2023,258,INE711A01022,
2503,WALPAR,SM,97.0,97.5,97.0,97.5,97.5,92.9,8000,779000.0,24-NOV-2023,3,INE0G2G01015,
2504,WANBURY,BE,98.45,98.45,98.45,98.45,98.45,96.55,4813,473839.85,24-NOV-2023,19,INE107F01022,
2505,WEALTH,BE,394.0,404.85,391.1,392.1,400.0,395.85,816,324752.0,24-NOV-2023,30,INE658T01017,
2506,WEBELSOLAR,EQ,200.4,201.15,196.0,196.9,198.0,199.25,189864,37798066.65,24-NOV-2023,3276,INE855C01015,
2507,WEIZMANIND,BE,114.0,119.25,114.0,119.25,119.25,113.6,10780,1263216.85,24-NOV-2023,185,INE080A01014,
2508,WEL,BE,282.0,282.1,282.0,282.1,282.1,280.05,64,18051.4,24-NOV-2023,3,INE02WG01016,
2509,WELCORP,EQ,526.35,530.6,512.2,517.2,517.75,526.35,743686,385464182.5,24-NOV-2023,16628,INE191B01025,
2510,WELENT,EQ,337.0,337.8,315.55,321.4,322.0,335.85,305130,99397545.0,24-NOV-2023,13935,INE625G01013,
2511,WELINV,BE,605.15,658.3,605.15,620.0,620.0,627.0,1547,989228.25,24-NOV-2023,60,INE389K01018,
2512,WELSPUNIND,EQ,162.8,164.6,159.8,161.1,160.95,161.6,2374610,384782672.2,24-NOV-2023,20101,INE192B01031,
2513,WENDT,EQ,13951.05,14300.0,13950.0,14191.15,14185.0,14075.25,551,7750992.0,24-NOV-2023,334,INE274C01019,
2514,WESTLIFE,EQ,875.25,879.95,862.75,869.7,866.0,871.2,71741,62406848.9,24-NOV-2023,7839,INE274F01020,
2515,WEWIN,BE,76.5,76.5,76.3,76.3,76.3,75.0,2217,169397.1,24-NOV-2023,6,INE082W01014,
2516,WHEELS,EQ,665.45,671.0,660.1,666.8,666.0,662.1,36583,24372399.8,24-NOV-2023,1824,INE715A01015,
2517,WHIRLPOOL,EQ,1574.7,1574.95,1547.25,1560.85,1565.95,1571.5,43490,67825131.45,24-NOV-2023,4435,INE716A01013,
2518,WILLAMAGOR,EQ,31.6,31.95,30.1,30.65,30.1,31.6,81208,2519168.8,24-NOV-2023,1194,INE210A01017,
2519,WINDLAS,EQ,434.8,437.9,425.2,426.65,425.5,432.7,48773,20953636.15,24-NOV-2023,5240,INE0H5O01029,
2520,WINDMACHIN,EQ,88.5,90.1,86.25,86.75,86.25,87.6,59261,5218849.4,24-NOV-2023,671,INE052A01021,
2521,WINSOME,BE,4.1,4.1,4.1,4.1,4.1,4.15,6309,25866.9,24-NOV-2023,40,INE784B01035,
2522,WIPL,BE,151.6,160.0,150.5,159.5,159.8,155.0,1090,166722.1,24-NOV-2023,26,INE215F01023,
2523,WIPRO,EQ,402.5,403.5,395.55,396.0,396.0,402.5,3125283,1244299168.6,24-NOV-2023,69437,INE075A01022,
2524,WOCKPHARMA,EQ,343.8,348.3,336.9,338.35,339.4,343.3,2113335,723640321.55,24-NOV-2023,19514,INE049B01025,
2525,WOMANCART,SM,180.0,180.0,165.55,168.3,165.55,170.9,20800,3543200.0,24-NOV-2023,13,INE0Q9601016,
2526,WONDERLA,EQ,970.0,980.05,939.05,944.0,956.0,969.55,124900,119125494.7,24-NOV-2023,12837,INE066O01014,
2527,WORTH,EQ,117.0,118.75,114.15,114.55,114.5,117.05,13739,1594734.6,24-NOV-2023,402,INE196Y01018,
2528,WSI,BE,125.2,125.2,123.5,123.55,123.55,123.5,19865,2454842.9,24-NOV-2023,48,INE100D01014,
2529,WSTCSTPAPR,EQ,689.0,691.0,673.0,674.9,673.0,685.55,160919,109269525.45,24-NOV-2023,13644,INE976A01021,
2530,XCHANGING,EQ,98.05,99.25,94.3,95.55,96.0,98.45,618221,59329000.65,24-NOV-2023,5893,INE692G01013,
2531,XELPMOC,EQ,97.0,97.0,93.3,93.9,93.6,95.9,37138,3522569.55,24-NOV-2023,1173,INE01P501012,
2532,XPROINDIA,EQ,918.1,930.0,914.25,926.15,926.0,908.9,33259,30680017.65,24-NOV-2023,2872,INE445C01015,
2533,YAARI,BE,10.7,10.85,10.55,10.55,10.6,10.7,52600,560397.2,24-NOV-2023,218,INE126M01010,
2534,YASHO,EQ,1603.25,1654.0,1585.0,1637.15,1654.0,1598.35,23118,37474777.1,24-NOV-2023,1845,INE616Z01012,
2535,YATHARTH,EQ,408.0,411.7,402.0,405.35,405.35,406.45,312465,126808443.2,24-NOV-2023,9876,INE0JO301016,
2536,YATRA,EQ,128.4,132.25,128.0,131.1,131.15,128.45,354272,46386394.7,24-NOV-2023,3736,INE0JR601024,
2537,YCCL,SM,30.95,30.95,29.5,29.9,29.9,30.15,24000,726000.0,24-NOV-2023,8,INE08S201019,
2538,YESBANK,EQ,20.3,20.4,19.6,19.8,19.75,20.15,168959338,3353058950.25,24-NOV-2023,81035,INE528G01035,
2539,YUDIZ,SM,140.1,144.5,140.1,143.25,144.5,143.0,7200,1025360.0,24-NOV-2023,9,INE09FA01019,
2540,YUKEN,EQ,685.05,690.4,680.0,680.9,680.0,691.05,4411,3016776.3,24-NOV-2023,239,INE384C01016,
2541,ZAGGLE,EQ,253.15,261.5,252.0,253.65,252.95,251.7,836198,214299888.3,24-NOV-2023,14932,INE07K301024,
2542,ZEAL,SM,214.15,219.4,214.15,218.75,219.4,219.45,18600,4023180.0,24-NOV-2023,28,INE0PPS01018,
2543,ZEEL,EQ,251.0,254.8,249.85,252.85,252.8,249.85,6668378,1686204682.15,24-NOV-2023,35173,INE256A01028,
2544,ZEELEARN,BE,7.35,7.35,7.35,7.35,7.35,7.25,193824,1424606.4,24-NOV-2023,155,INE565L01011,
2545,ZEEMEDIA,EQ,15.15,15.3,14.8,14.9,14.95,15.1,5194439,78132764.9,24-NOV-2023,3296,INE966H01019,
2546,ZENITHEXPO,EQ,145.5,145.5,143.0,145.5,145.5,138.6,10540,1532643.7,24-NOV-2023,159,INE058B01018,
2547,ZENITHSTL,BE,6.55,6.55,6.55,6.55,6.55,6.65,12242,80185.1,24-NOV-2023,42,INE318D01020,
2548,ZENSARTECH,EQ,540.0,543.65,537.7,539.6,539.0,540.05,466938,252295387.75,24-NOV-2023,11758,INE520A01027,
2549,ZENTEC,EQ,762.25,764.0,737.5,757.4,756.0,755.45,242634,182388985.6,24-NOV-2023,8363,INE251B01027,
2550,ZFCVINDIA,EQ,16200.0,16257.5,15860.05,15900.3,15861.0,16157.5,1497,23945579.1,24-NOV-2023,1172,INE342J01019,
2551,ZIMLAB,EQ,117.8,118.25,115.15,115.75,115.8,116.9,123235,14314218.4,24-NOV-2023,2090,INE518E01015,
2552,ZODIAC,BE,148.1,151.0,146.95,148.0,147.15,149.0,16295,2421662.0,24-NOV-2023,378,INE761Y01019,
2553,ZODIACLOTH,EQ,132.8,136.1,130.5,131.85,133.2,130.8,56519,7507138.8,24-NOV-2023,1084,INE206B01013,
2554,ZOMATO,EQ,114.15,116.0,112.9,113.25,113.4,112.95,49980086,5705485942.05,24-NOV-2023,154932,INE758T01015,
2555,ZOTA,EQ,403.7,409.85,400.0,401.6,400.75,406.0,13812,5571688.2,24-NOV-2023,1608,INE358U01012,
2556,ZUARI,EQ,158.85,159.8,155.1,155.6,156.65,157.75,69468,10917152.55,24-NOV-2023,2917,INE840M01016,
2557,ZUARIIND,EQ,156.85,156.85,152.65,153.85,154.0,155.25,45260,6998997.85,24-NOV-2023,1429,INE217A01012,
2558,ZYDUSLIFE,EQ,634.8,648.0,634.0,639.9,639.0,631.6,690395,443472832.65,24-NOV-2023,21080,INE010B01027,
2559,ZYDUSWELL,EQ,1569.9,1573.55,1544.4,1548.55,1548.0,1567.45,17596,27321130.65,24-NOV-2023,3014,INE768C01010,
